model,s,method,k,mean,variance,abs-skewness,kurtosis,MSEAr,MSEMr,MSEratio,log-ratio
SmoothPerB4,2,Lat-RvRS,10,-1.2303199973063425E-4,6.132845216954487E-5,9.190940330708335,478.0008608400586,1.2279600737823299E-5,1.2194451186840244E-11,1006982.6472449162,6.003021986670091
SmoothPerB4,2,Lat-RvRSB,10,1.2925502507030395E-4,2.2632860867310292E-4,1.267252055227224,149.87646073843447,4.527790202395305E-5,8.7109318613353E-11,519782.5300979038,5.715821678763341
SmoothPerB4,2,Lat-RpvRS,10,6.803600383831982E-5,1.0760539089485335E-4,3.020029521182755,335.3718188383223,2.152355496897106E-5,5.267575292354477E-11,408604.6003027431,5.611303251857979
SmoothPerB4,2,Lat-RpvRSB,10,2.420168720958125E-4,7.83467285501338E-5,10.852161837504944,443.8584918619452,1.5726350941834795E-5,2.877721328658936E-12,5464862.349671476,6.737579227304754
SmoothPerB4,2,Sob-LMS-RDS,10,-1.2292965214421097E-7,2.348250544469408E-8,0.2502189465138272,29.240289587590624,4.696046550529298E-9,4.073153622860604E-10,11.529264509378441,1.061801603070359
SmoothPerB4,2,Lat-RvRS,12,-1.051246387794445E-5,1.5252659040550066E-5,11.081278365194947,2709.494195027999,3.0503372668259873E-6,3.54351355645142E-18,8.608228015023274E11,11.934913762081013
SmoothPerB4,2,Lat-RvRSB,12,-5.025084833319497E-5,4.086206460307731E-5,5.122356309428647,880.1846763755333,8.174120827081608E-6,5.940784713846812E-16,1.3759328473946083E10,10.138597238610515
SmoothPerB4,2,Lat-RpvRS,12,-3.9604083117832504E-5,1.6352778885028155E-5,8.797388060668853,2037.7699304978466,3.2717972048275353E-6,1.7655568578368698E-16,1.8531248032624027E10,10.267904668937344
SmoothPerB4,2,Lat-RpvRSB,12,-1.216467783665453E-5,4.318983172726744E-6,72.60850548552085,7281.490853280275,8.638582342687639E-7,7.687402128625004E-17,1.1237323348183903E10,10.050662877643447
SmoothPerB4,2,Sob-LMS-RDS,12,1.3290997322671054E-7,5.570653908696727E-10,1.3104886236233855,80.309687799516,1.1141960192710027E-10,2.0062811967861708E-12,55.53538661757959,1.7445697996176064
SmoothPerB4,2,Lat-RvRS,14,-2.0784735345716518E-5,4.512559578405762E-6,99.93564670039875,9991.44925657699,9.028536697129757E-7,2.087691041868412E-21,4.3246517401586044E14,14.635951139912482
SmoothPerB4,2,Lat-RvRSB,14,4.122792961055868E-5,8.62769498737771E-6,70.6662583558337,4996.814942158636,1.7270661857557677E-6,3.3453704968181596E-17,5.1625557988223145E10,10.71286475870604
SmoothPerB4,2,Lat-RpvRS,14,-7.693253786459224E-6,7.921706858203505E-6,5.071430837235342,4188.031102193365,1.5842421236573596E-6,1.4578246148516295E-20,1.0867165415632636E14,14.036116277767281
SmoothPerB4,2,Lat-RpvRSB,14,3.8693378647598954E-7,3.1692319679306424E-8,20.34253615181002,4476.149020137138,6.337979807222814E-9,8.674879505847673E-19,7.306130077023465E9,9.863687400045434
SmoothPerB4,2,Sob-LMS-RDS,14,2.8441973762755623E-8,7.492877600389675E-12,4.0243505819022936,264.6391805126996,1.4992346083974486E-12,1.1352469474820449E-14,132.06242146016962,2.120779256113946
SmoothPerB4,2,Lat-RvRS,16,1.867496569425122E-5,3.5754357232557538E-6,99.94629340509691,9992.865770705952,7.153643902803671E-7,1.4181488514613714E-26,5.0443533451597816E19,19.702805500279784
SmoothPerB4,2,Lat-RvRSB,16,4.76312420495097E-7,1.198399270515353E-9,44.69199783168086,3832.280596673016,2.3988275963957817E-10,7.510000493325128E-23,3.194177681516605E12,12.504359070836875
SmoothPerB4,2,Lat-RpvRS,16,3.2468913116906534E-7,7.163936958487487E-10,96.75013699251028,9539.617357489784,1.4336983432773207E-10,2.6764644154183117E-24,5.356687483002625E13,13.728896309735457
SmoothPerB4,2,Lat-RpvRSB,16,-6.67818021346861E-8,1.923305982872783E-11,63.764383676419506,4456.337025198931,3.850687113645348E-12,1.0017846899011684E-24,3.843827074284036E12,12.584763841438363
SmoothPerB4,2,Sob-LMS-RDS,16,5.060500003917002E-9,1.8243752928097634E-13,10.356460926209998,770.2365542616266,3.650946576589929E-14,1.0430831910034623E-17,3500.1489891498127,3.5440865311469816
SmoothPerB4,4,Lat-RvRS,10,1.6021839555093196E-4,1.9287732350378354E-4,0.23610682923530255,124.63463503818295,3.8597277088559545E-5,9.063049767354856E-9,4258.751532799379,3.629282302886164
SmoothPerB4,4,Lat-RvRSB,10,3.4214086824868416E-4,3.321579729433559E-4,1.8277448050089606,73.42066176283821,6.654201180293828E-5,2.3155011894842092E-7,287.37627993946694,2.458450918577152
SmoothPerB4,4,Lat-RpvRS,10,-1.2933301831748634E-4,1.360013375962474E-4,2.0735533329698312,161.35850231252834,2.7214274522124668E-5,3.180147302607912E-8,855.7551563667295,2.932349524666322
SmoothPerB4,4,Lat-RpvRSB,10,-3.613977055263044E-5,1.2290334749368536E-4,0.42852536924227574,165.99256163688779,2.4579517514802794E-5,1.3810043860484151E-8,1779.8290695610497,3.250378295729712
SmoothPerB4,4,Sob-LMS-RDS,10,8.1021682240727E-6,3.556938404847185E-7,0.16498204329080893,8.50334673559565,7.119729935006519E-8,4.175218309924995E-8,1.7052353689104272,0.23178433192919334
SmoothPerB4,4,Lat-RvRS,12,2.820149442181802E-5,3.092491671727945E-5,7.136606623101517,593.7793182107807,6.185160169409168E-6,5.505049545141194E-11,112354.30523723889,5.0505897185437805
SmoothPerB4,4,Lat-RvRSB,12,1.7746992677919362E-4,6.442520370880802E-5,6.729592063632625,326.85693888122637,1.291524781259844E-5,3.616278900161402E-10,35714.19176773674,4.552840826243179
SmoothPerB4,4,Lat-RpvRS,12,-1.7946917406282683E-5,2.5736894212081645E-5,9.047577057831177,753.7098241212594,5.147186196376476E-6,2.0291863734450456E-10,25365.763656483927,4.404247941630938
SmoothPerB4,4,Lat-RpvRSB,12,4.001540081747511E-5,2.5015707172562947E-5,4.170359474996802,663.650047418709,5.004242352671721E-6,1.299983677953932E-10,38494.65526019518,4.585400434647765
SmoothPerB4,4,Sob-LMS-RDS,12,-9.60667354909874E-7,8.891331431306015E-9,0.2999817063746564,11.756145843603672,1.7790113413993665E-9,7.606372222917914E-10,2.338843392437758,0.3690011426825447
SmoothPerB4,4,Lat-RvRS,14,-1.992596401496271E-6,5.058277146792564E-6,26.601752631865114,2638.147131813979,1.0115582342559961E-6,2.540349121595012E-14,3.9819654143477246E7,7.600097483611239
SmoothPerB4,4,Lat-RvRSB,14,1.8637954646862796E-5,2.4494945165798627E-5,18.187333448178055,1229.3204485251795,4.898846507609827E-6,3.0441370339656034E-13,1.6092726618249804E7,7.206629633591743
SmoothPerB4,4,Lat-RpvRS,14,-9.774051724473752E-6,2.2503280332225022E-6,34.14694344553465,2612.248955457911,4.5011613217094873E-7,6.176481998387533E-14,7287581.058091946,6.862583398351807
SmoothPerB4,4,Lat-RpvRSB,14,-3.3103096170747104E-5,1.4830690386953998E-5,12.473613779124566,1941.471187108942,2.96693727855915E-6,3.990765429090219E-13,7434506.816491911,6.871252163983698
SmoothPerB4,4,Sob-LMS-RDS,14,1.3438250861033275E-7,2.2983238869414139E-10,0.29679315860675065,20.905109621170027,4.59799397496748E-11,1.2458572289045632E-11,3.690626717324848,0.5671001213798493
SmoothPerB4,4,Lat-RvRS,16,-8.048713222883678E-6,1.1693520359476966E-6,52.93256663582958,5508.076970559984,2.339118019333646E-7,2.2727024288837707E-17,1.0292231792450256E10,10.012509558440808
SmoothPerB4,4,Lat-RvRSB,16,3.633302019086152E-6,8.966973500076983E-7,10.58503856153289,3878.3202998141305,1.793347369381014E-7,7.075229067794789E-15,2.5346845341644403E7,7.403923914913119
SmoothPerB4,4,Lat-RpvRS,16,-6.7563613131802765E-6,1.5858684690673846E-7,47.59696816884955,2660.3544157040287,3.17598460626038E-8,1.2518412413903616E-15,2.5370506269093372E7,7.404329133665556
SmoothPerB4,4,Lat-RpvRSB,16,1.0046056440309202E-5,2.1619778236800776E-6,89.48597371604713,8793.125909407363,4.324532484295438E-7,1.636284626927336E-16,2.6428974599707475E9,9.422080313554426
SmoothPerB4,4,Sob-LMS-RDS,16,-2.1556468669471196E-8,5.666487752929741E-12,0.3031502897662357,41.37054879061341,1.1336489021723874E-12,1.3809513660247456E-13,8.209187738709064,0.9143001878078745
SmoothPerB4,8,Lat-RvRS,10,-1.756746224523743E-4,2.4277514111422226E-4,1.615768259606732,79.95369980950929,4.858103429299595E-5,5.087098809653311E-7,95.49850732367979,1.9799965834564648
SmoothPerB4,8,Lat-RvRSB,10,3.0027796298815426E-5,3.964252596694643E-4,0.45582919836918573,43.50921230387428,7.927802509725003E-5,3.7671694611121393E-6,21.044454175906825,1.3231376660562029
SmoothPerB4,8,Lat-RpvRS,10,-1.4376283704136829E-5,1.722849201868337E-4,0.37230791532072227,106.75752481347564,3.4453745016496144E-5,1.1911755283437155E-6,28.9241544983742,1.4612606726520547
SmoothPerB4,8,Lat-RpvRSB,10,3.788319129482024E-5,1.633939981068955E-4,0.25917980419765574,104.7745348066336,3.267696687759965E-5,9.735464285203715E-7,33.56487777091761,1.5258850700070807
SmoothPerB4,8,Sob-LMS-RDS,10,-1.77319067637655E-6,1.6873394756995877E-6,0.06043347952380578,4.090131286699698,3.374372925555784E-7,3.7068582953733716E-7,0.9103053466509439,-0.04081290644580246
SmoothPerB4,8,Lat-RvRS,12,-8.396367671950932E-5,8.681599714077487E-5,0.2602385620940265,307.9006470297867,1.7368513007220414E-5,9.446717440816089E-9,1838.5765337043863,3.2644817127872523
SmoothPerB4,8,Lat-RvRSB,12,2.8256596202083042E-5,1.1474241993342109E-4,1.6181190020258023,169.41327109715348,2.2946987573514476E-5,8.401311758517586E-8,273.13577014029863,2.4363785795146113
SmoothPerB4,8,Lat-RpvRS,12,5.3476579822952985E-5,3.311977272753635E-5,1.5974422694645036,360.2711419045965,6.626151894642278E-6,3.217584427042459E-8,205.93560308634721,2.3137314359199856
SmoothPerB4,8,Lat-RpvRSB,12,-2.1520448627579812E-5,4.572092183413386E-5,5.546069764272962,375.01161879546197,9.143733078099222E-6,3.4031670603507994E-8,268.6830506979779,2.4292402707483465
SmoothPerB4,8,Sob-LMS-RDS,12,1.1911847475905778E-7,5.018277639255049E-8,0.06726547622199455,4.706647695295023,1.0035565812193274E-8,1.0450712383111112E-8,0.9602757634408984,-0.017604032228268434
SmoothPerB4,8,Lat-RvRS,14,1.6738475314460823E-5,1.867722757909546E-5,20.266258023929105,1650.6763636274818,3.7353521478233635E-6,1.9036359225033893E-10,19622.198255804942,4.292747659358271
SmoothPerB4,8,Lat-RvRSB,14,-4.724858730333085E-5,4.611022417822618E-5,4.453340096749156,486.1615148485712,9.223355060163831E-6,2.0465691691366097E-9,4506.739962302328,3.6538625001177443
SmoothPerB4,8,Lat-RpvRS,14,-1.0098256385498747E-5,8.807656444265972E-6,5.608359659798394,933.1267612978655,1.7614571105063362E-6,5.783372479354432E-10,3045.7265493350324,3.4836909090309285
SmoothPerB4,8,Lat-RpvRSB,14,-2.1652728215966913E-6,9.095029091940235E-6,0.7191649599046265,1408.8706297560516,1.8188286062126003E-6,4.269695297667448E-10,4259.855749440092,3.6293948929330306
SmoothPerB4,8,Sob-LMS-RDS,14,-9.231229476393431E-7,2.226779379875355E-9,0.13980898620623297,8.20058709176714,4.4616349636393175E-10,3.593456635692052E-10,1.2415997786988922,0.09398162650604416
SmoothPerB4,8,Lat-RvRS,16,2.8071388649205395E-6,1.5523011615747148E-6,22.49047428220869,2528.2074170826295,3.1043706632031844E-7,2.629457957359902E-12,118061.23975148538,5.072107339400186
SmoothPerB4,8,Lat-RvRSB,16,-3.196602366860598E-5,4.02099123060788E-6,19.167343597369403,1132.1402960609087,8.051396529661458E-7,7.033990727191569E-11,11446.41334049086,4.058669424627859
SmoothPerB4,8,Lat-RpvRS,16,-3.155731909714913E-5,3.833452740880982E-6,62.783286538378576,4692.232202997655,7.676097435099782E-7,1.0257982076765594E-11,74830.4820349238,4.874078542823372
SmoothPerB4,8,Lat-RpvRSB,16,1.5099038261970634E-5,1.1983838063728852E-6,15.514468232659253,961.7359364783689,2.3988077455488605E-7,2.720805252910139E-12,88165.35997874622,4.945297985074316
SmoothPerB4,8,Sob-LMS-RDS,16,-8.142260667499858E-8,1.0438208700286123E-10,0.028365611932359217,10.598700929721486,2.0880959399709942E-11,1.2390846860823219E-11,1.6851922741237608,0.22664945940739156
SmoothPerB4,16,Lat-RvRS,10,1.5096638362899106E-4,2.5304988230509594E-4,0.1289603382354629,65.81200516083389,5.0627706312359106E-5,2.9852273958004955E-6,16.959413672667026,1.2294108335853777
SmoothPerB4,16,Lat-RvRSB,10,-5.1788864418479E-7,4.956535672056235E-4,0.0030322056695839417,32.40218702138319,9.912080063798923E-5,1.3006531663248192E-5,7.620847986559643,0.8820032988190538
SmoothPerB4,16,Lat-RpvRS,10,1.4067124661680836E-4,1.7507099100809553E-4,0.8982724759968409,76.79225616150684,3.503048518142367E-5,4.455103834778679E-6,7.8630008369185225,0.8955883218915047
SmoothPerB4,16,Lat-RpvRSB,10,-3.54524903789037E-5,1.9686107757512392E-4,0.7214863849283571,69.1012821609686,3.9369535172547346E-5,4.3046685938795314E-6,9.145776106556445,0.9612205654158362
SmoothPerB4,16,Sob-LMS-RDS,10,1.7335177683397458E-5,3.045565399586268E-6,0.04578193591321004,3.2822407705728613,6.093526769945769E-7,7.973044536396431E-7,0.7642659892503064,-0.1167554666083649
SmoothPerB4,16,Lat-RvRS,12,1.1769019094617245E-4,5.707008699774445E-5,2.1642418977142026,248.6520257184208,1.1426726978853883E-5,1.0385515898162793E-7,110.02560769152817,2.041493775929357
SmoothPerB4,16,Lat-RvRSB,12,-1.2438822205346057E-4,1.0568018079831431E-4,1.5632055146653374,100.23177306842778,2.1149394985832518E-5,4.944775902327489E-7,42.77119004701016,1.6311513340459065
SmoothPerB4,16,Lat-RpvRS,12,1.1093604975605077E-5,6.429589916310314E-5,1.515620122061238,283.9414577224881,1.2858016982708721E-5,2.5446692394666915E-7,50.52922707315583,1.703542655047439
SmoothPerB4,16,Lat-RpvRSB,12,3.048855753764934E-6,5.350630046514491E-5,4.8959748017311595,296.78834710188187,1.0700199262541088E-5,2.766426125449527E-7,38.67878185542501,1.5874727880118522
SmoothPerB4,16,Sob-LMS-RDS,12,-3.6216078109962894E-6,1.7748298471957672E-7,0.0019205737306383927,3.516131200801479,3.5506163327357624E-8,4.5274213962506326E-8,0.7842469304218495,-0.10554717247524312
SmoothPerB4,16,Lat-RvRS,14,1.0643317645228149E-5,1.3062824145550901E-5,12.444109805886175,1317.9544486236337,2.6124168528377663E-6,5.598691334690658E-9,466.61205211487317,2.668955951987497
SmoothPerB4,16,Lat-RvRSB,14,2.4781166765639504E-5,2.842303754869863E-5,15.41420818893778,662.3528611977912,5.684653155215018E-6,2.7410663540862663E-8,207.38838177852122,2.316784422878432
SmoothPerB4,16,Lat-RpvRS,14,7.49239228484125E-5,1.7035258423783056E-5,24.296444553364005,1048.896947191668,3.4123245738031304E-6,1.0318944093512487E-8,330.6854405722051,2.5194150742050687
SmoothPerB4,16,Lat-RpvRSB,14,-2.9697313256788626E-5,8.181231784777576E-6,6.073695716178898,617.7041157328591,1.6369646627344916E-6,1.3692229419916138E-8,119.55428239855753,2.0775651370285675
SmoothPerB4,16,Sob-LMS-RDS,14,-1.784701910775655E-7,1.4741103729654924E-8,0.12522500882032275,6.858584399685256,2.9479577754654946E-9,2.1733553611940204E-9,1.3564085414204492,0.13239051590410914
SmoothPerB4,16,Lat-RvRS,16,-2.177984204613712E-6,1.4931178274306255E-6,1.1802796763805987,851.7618512975754,2.9859844674477205E-7,2.1603146074451344E-10,1382.1988969370775,3.140570542044662
SmoothPerB4,16,Lat-RvRSB,16,1.4241592000269708E-5,8.927827384413492E-6,3.000933856056997,2876.4931546695816,1.7855897432777125E-6,1.0762020217968151E-9,1659.158510310649,3.219887879010954
SmoothPerB4,16,Lat-RpvRS,16,2.2124260978698264E-5,6.516518947265398E-6,47.8453501544443,3912.302097655059,1.3036629419979878E-6,5.49352391239543E-10,2373.0905021755525,3.3753143011528453
SmoothPerB4,16,Lat-RpvRSB,16,-7.882814356362668E-6,2.5393151675050257E-6,50.95152277669737,4181.365013356447,5.078743859598319E-7,4.847414705836216E-10,1047.7221710541057,3.0202461341986546
SmoothPerB4,16,Sob-LMS-RDS,16,-1.718695346830039E-7,6.48696920873697E-10,0.05878691770240565,4.5792283719324365,1.2975594937327407E-10,1.410949536631497E-10,0.9196356496423934,-0.03638420166669806
SmoothPerB4,32,Lat-RvRS,10,8.618834235396421E-5,2.815007276779544E-4,0.16171603674880514,56.37888483853269,5.6301943951395045E-5,7.00969090380386E-6,8.032015209235885,0.9048245221715822
SmoothPerB4,32,Lat-RvRSB,10,-2.3667754113329626E-4,5.137062120541799E-4,0.011981017962375419,28.97486367871397,1.0278698454507181E-4,2.4262136154878204E-5,4.236518329998953,0.6270090897940471
SmoothPerB4,32,Lat-RpvRS,10,1.4335611133457676E-4,2.2073408431745776E-4,1.4913300210496299,72.13648128066984,4.416295315646218E-5,7.983924189571914E-6,5.531484531647354,0.7428417022594708
SmoothPerB4,32,Lat-RpvRSB,10,-7.105502611753251E-5,2.3686269039769353E-4,0.6746816631035245,71.16139181317983,4.737284964246732E-5,8.39428280272151E-6,5.643466006066482,0.7515459133760326
SmoothPerB4,32,Sob-LMS-RDS,10,-2.306318068517959E-5,6.219040794131114E-6,0.10163107988458212,3.2781422337701676,1.2442156883136574E-6,1.7158787763503648E-6,0.7251186420989925,-0.13959092943805695
SmoothPerB4,32,Lat-RvRS,12,-1.3814205901443638E-5,5.437774388598069E-5,1.3110758981829425,176.15813398588048,1.0874652054603106E-5,3.611266537042613E-7,30.11312497445487,1.478755826543651
SmoothPerB4,32,Lat-RvRSB,12,-1.5484874478275353E-4,1.0904039564095733E-4,1.1455511604833326,91.74797465304067,2.182987645403944E-5,1.5985460575747831E-6,13.656082257122076,1.135326124078164
SmoothPerB4,32,Lat-RpvRS,12,-2.0873777642601952E-4,7.334085823138835E-5,1.8263130721887397,302.7396602487354,1.471027628842032E-5,7.178216566597492E-7,20.492940205888857,1.3116042728758992
SmoothPerB4,32,Lat-RpvRSB,12,-4.0963594953038794E-5,3.846523037852385E-5,0.4332139119679531,135.38180506023707,7.693954787208678E-6,6.816231115207168E-7,11.287696466223522,1.0526053224315692
SmoothPerB4,32,Sob-LMS-RDS,12,3.4448413853138805E-6,3.6893656722601624E-7,0.06941975587731877,3.171404137743018,7.37918016460287E-8,1.0260473981601576E-7,0.7191851154083859,-0.1431593095435943
SmoothPerB4,32,Lat-RvRS,14,4.2400643599844935E-5,1.4432566040995775E-5,4.2107204803248015,397.0371347625048,2.8880223714560164E-6,2.2958683647045096E-8,125.79215846409035,2.0996535692339013
SmoothPerB4,32,Lat-RvRSB,14,-5.016707394598502E-5,3.136098126178307E-5,5.509431956110257,341.72711371476214,6.274085768039681E-6,9.2123381351037E-8,68.10524837480963,1.833180581110883
SmoothPerB4,32,Lat-RpvRS,14,1.4468366748683681E-5,1.1560340872350367E-5,4.9625229539927975,736.8351814030534,2.3120463012890006E-6,5.017524026776792E-8,46.07942660464421,1.6635070662487421
SmoothPerB4,32,Lat-RpvRSB,14,1.6401905013525348E-5,1.219157711927016E-5,5.665428410413226,756.6958967136655,2.438340614799719E-6,4.393403243798205E-8,55.50004130036818,1.7442933063031325
SmoothPerB4,32,Sob-LMS-RDS,14,-4.6272047713422713E-7,2.7565569882817626E-8,0.02126298325798371,4.0552143473861335,5.512776775405829E-9,6.707888263946293E-9,0.8218349141317729,-0.08521541248680438
SmoothPerB4,32,Lat-RvRS,16,1.4280135099684102E-5,3.564293049397087E-6,32.2160281548588,2169.749649436155,7.129912462768948E-7,1.5981122797125727E-9,446.1459030933229,2.6494769092638912
SmoothPerB4,32,Lat-RvRSB,16,2.2521124356811446E-5,7.863941236932344E-6,14.70736104699569,778.6903627935727,1.573138169604025E-6,5.5053457366596915E-9,285.74738896571273,2.455982270692993
SmoothPerB4,32,Lat-RpvRS,16,-4.839510153926924E-5,3.5471911691149895E-6,22.302116785226076,1295.541445286958,7.117093758526118E-7,2.6503344447086245E-9,268.53568509949184,2.429002006281434
SmoothPerB4,32,Lat-RpvRSB,16,-1.0326895075312138E-5,1.6293929341486664E-6,17.37281375880656,1281.673639935473,3.259526437329468E-7,2.8104131582881634E-9,115.98032935893532,2.0643843377159135
SmoothPerB4,32,Sob-LMS-RDS,16,4.77414843143325E-7,1.8414654157094896E-9,0.02956459706526976,3.56375776198437,3.684841787660373E-10,4.708635257811989E-10,0.7825710818324558,-0.10647620452201545
SumUeU,2,Lat-RvRS,10,7.87748124962279E-6,1.1993220475834273E-6,0.004206993700949874,2.4206599430288143,2.3990247778657196E-7,3.836772769339768E-7,0.6252715295095633,-0.2039313456010964
SumUeU,2,Lat-RvRSB,10,-4.305459340138005E-9,7.871785095945283E-13,0.45410300629245876,2.5701645419852714,1.5743849532884338E-13,2.7261139987517175E-13,0.577519852071242,-0.23843308243701317
SumUeU,2,Lat-RpvRS,10,-1.5744948743058606E-5,2.30591855555627E-6,0.002141978031124855,2.8061073711575975,4.613854961510644E-7,6.628316705018726E-7,0.6960824545419197,-0.1573393129302897
SumUeU,2,Lat-RpvRSB,10,5.098704362840132E-9,7.359939990305524E-12,0.389474381887982,3.994358894418674,1.4718667960474782E-12,1.7398160020430203E-12,0.845989917508003,-0.07263481284363732
SumUeU,2,Sob-LMS-RDS,10,-5.526639587406635E-7,1.3311970961313787E-9,3.20848018122845,218.7135075104965,2.6651823273564407E-10,1.0222165995025474E-13,2607.257922296926,3.4161839957596767
SumUeU,2,Lat-RvRS,12,-8.728821960098983E-7,7.249747510030679E-8,0.0025939662200121613,2.3918376582690986,1.4498806993887462E-8,2.396761347996058E-8,0.6049332782343964,-0.21829252368238172
SumUeU,2,Lat-RvRSB,12,-2.5632071020128743E-10,3.1371550163367836E-15,0.46299612934630446,2.598302629532666,6.27433960473508E-16,1.101605123888128E-15,0.5695634005940101,-0.24445792567517632
SumUeU,2,Lat-RpvRS,12,4.2984463558172436E-6,1.4688660364243897E-7,0.0034758348383324583,2.845731651085196,2.9392859637488784E-8,4.163442455632993E-8,0.7059749222118169,-0.15121072577321426
SumUeU,2,Lat-RpvRSB,12,-7.626241497573031E-10,2.974057234297672E-14,0.3458371456163235,4.027668364902424,5.948101252742277E-15,6.981962184238996E-15,0.8519240144510457,-0.06959913947773477
SumUeU,2,Sob-LMS-RDS,12,3.353321556699789E-8,1.307668263788187E-11,11.153205629841155,1419.2100174158056,2.616199470469879E-12,2.2655681317106754E-17,115476.53031711963,5.06249372631046
SumUeU,2,Lat-RvRS,14,-7.028619785835803E-8,4.54065072088721E-9,0.028509965357416553,2.433370483991795,9.080442713126336E-10,1.4424595605405887E-9,0.6295110768806074,-0.20099662364062962
SumUeU,2,Lat-RvRSB,14,1.6088022910878784E-11,1.2079340731713645E-17,0.4208736557871532,2.5495536213106518,2.4158853840092757E-18,4.298820166674435E-18,0.5619880084163194,-0.2502729512177427
SumUeU,2,Lat-RpvRS,14,-6.179737638328788E-7,9.486275212915279E-9,0.003608299423818488,2.774780873481096,1.8974472086515828E-9,2.7048961460836725E-9,0.701486159237142,-0.15398089345420185
SumUeU,2,Lat-RpvRSB,14,-1.0348259066027196E-12,1.1822063392300995E-16,0.3739374293937798,3.8855315896706366,2.3641763442788188E-17,2.913311055500243E-17,0.8115083831557655,-0.09070698940585199
SumUeU,2,Sob-LMS-RDS,14,-1.7197994984107954E-9,1.0835301319489628E-12,6.15105100137481,1325.6811907617512,2.166873134974683E-13,8.052369995318106E-20,2690975.621133367,6.429909763295076
SumUeU,2,Lat-RvRS,16,1.0256788058539194E-7,2.84513480739702E-10,0.00853594619912804,2.3995674989920293,5.690752604845338E-11,8.889850565731851E-11,0.64014041212141,-0.19372475488930854
SumUeU,2,Lat-RvRSB,16,2.7705069013734558E-12,4.7674131555129404E-20,0.4612135751414932,2.593300213884778,9.541548536885336E-21,1.6254589304813908E-20,0.5870064360260115,-0.23135713705688463
SumUeU,2,Lat-RpvRS,16,7.627636444909996E-8,5.796123629348806E-10,0.0016671288590271542,2.8506634802984494,1.1591669842349099E-10,1.6900856901503715E-10,0.6858628476593844,-0.1637627216983279
SumUeU,2,Lat-RpvRSB,16,3.616527017549781E-12,4.614334420580151E-19,0.42265448681596085,4.1431309900897055,9.229053901043051E-20,1.0689776783494856E-19,0.8633532849154364,-0.0638114542346748
SumUeU,2,Sob-LMS-RDS,16,-1.2686884716441469E-9,1.1373376253758117E-14,92.66443709469216,8947.980997696119,2.2760573536646307E-15,1.2084189576580831E-23,1.8835002043294916E8,8.274965671653257
SumUeU,4,Lat-RvRS,10,3.090726824408189E-6,2.338930535094478E-6,0.007409199873393009,2.7178124472221525,4.677488810004969E-7,6.843800826289721E-7,0.6834636087065686,-0.1652846046640866
SumUeU,4,Lat-RvRSB,10,2.338725835640578E-9,1.608820025542995E-12,0.32978313401342696,2.778304772399332,3.217372983466224E-13,5.109625889395941E-13,0.6296689920378068,-0.2008876929428954
SumUeU,4,Lat-RpvRS,10,-5.097811105216381E-6,4.505689126014046E-6,0.05023626236603187,3.086954719717025,9.010736990983534E-7,1.2549747981951012E-6,0.7180014295062126,-0.14387469109747408
SumUeU,4,Lat-RpvRSB,10,2.16670065633561E-8,1.4996987046859193E-11,0.40818435166789874,4.508066303147741,2.9995669288043177E-12,3.3946181529302353E-12,0.8836242527646565,-0.053732372590877854
SumUeU,4,Sob-LMS-RDS,10,-1.2884489576448575E-7,3.0913316447181276E-9,0.180625666693039,105.93469767642056,6.182211033178958E-10,1.0893306856215229E-12,567.5238120783927,2.7539840883097293
SumUeU,4,Lat-RvRS,12,-6.723815032115296E-7,1.4449477884247905E-7,0.04475214138035856,2.702679477623672,2.8896517969804823E-8,4.341172781969821E-8,0.6656385133948283,-0.17676155800494975
SumUeU,4,Lat-RvRSB,12,4.507522961769845E-10,6.328216234445496E-15,0.3261590117440972,2.830199010768895,1.2657198601969192E-15,1.993265805245714E-15,0.6349980303007763,-0.19722762184319062
SumUeU,4,Lat-RpvRS,12,-4.934740127040894E-6,2.9408840699430836E-7,0.024289408683332955,3.154228799115047,5.883615129084321E-8,8.13918104062985E-8,0.7228755693864033,-0.14093645260807833
SumUeU,4,Lat-RpvRSB,12,5.478308431450205E-9,5.906734335410347E-14,0.2893687999335577,4.609325000809331,1.184229918722371E-14,1.2948910476458619E-14,0.9145402007955226,-0.038797199318310834
SumUeU,4,Sob-LMS-RDS,12,3.080801306644112E-8,4.9975909250468495E-11,0.779751744570319,367.5027400913905,9.995131465577793E-12,7.253685636138386E-16,13779.383291414402,4.139229780769783
SumUeU,4,Lat-RvRS,14,7.787365574644559E-7,9.203570653532857E-9,0.008721487799671107,2.6754392194443324,1.8411364899194324E-9,2.8451040143928737E-9,0.6471244919712782,-0.18901216295527926
SumUeU,4,Lat-RvRSB,14,-1.1927498986981801E-11,2.40464507200091E-17,0.33143347931078654,2.799620860331587,4.808951480219504E-18,7.286078624832603E-18,0.6600191581558714,-0.18044345815415827
SumUeU,4,Lat-RpvRS,14,-5.021935917507035E-7,1.8429514746984583E-8,0.060747554677104916,3.094119434798758,3.6857865575055723E-9,5.241882966605729E-9,0.7031417109055041,-0.15295713861877375
SumUeU,4,Lat-RpvRSB,14,-1.3052083870597873E-10,2.3217817736919285E-16,0.2735436051968554,4.561028796432986,4.644802759962769E-17,4.9493697409286146E-17,0.9384634818354262,-0.027582622292427576
SumUeU,4,Sob-LMS-RDS,14,1.733959007173978E-10,6.495091284332095E-13,0.06808138690175287,1612.7777239995223,1.2988886557021162E-13,7.081387194225223E-20,1834229.113698715,6.263453582479242
SumUeU,4,Lat-RvRS,16,1.6491224651167233E-7,5.796923363495128E-10,0.016922734058124844,2.7219651248507986,1.1595406947222511E-10,1.730160939149844E-10,0.6701923899010338,-0.17380050792830942
SumUeU,4,Lat-RvRSB,16,1.4684448150441718E-12,9.364528270187921E-20,0.3199001906983895,2.8657850504561337,1.8729339964896634E-20,2.771239359070018E-20,0.6758470683377523,-0.17015156573139112
SumUeU,4,Lat-RpvRS,16,2.9141326614157836E-7,1.1717340997188722E-9,0.057649578618972894,3.2271250065604455,2.344083069534634E-10,3.302816642573656E-10,0.7097224348815356,-0.14891146616571072
SumUeU,4,Lat-RpvRSB,16,-1.7828341693580403E-12,9.077915467955145E-19,0.25505444231117386,4.568599799153416,1.8154333202584242E-19,2.0113541206481226E-19,0.9025925875615745,-0.04450823739500459
SumUeU,4,Sob-LMS-RDS,16,-5.274396854065643E-10,5.496094864166047E-15,20.066730926584523,3393.8098367769235,1.0993872435576678E-15,8.226663096744088E-24,1.3363708111406416E8,8.125926981258976
SumUeU,8,Lat-RvRS,10,2.6535561790503666E-5,4.761617397101845E-6,0.0034131574430330846,2.893378917864327,9.529323831119647E-7,1.3935774550811207E-6,0.6838029559372386,-0.16506902617110464
SumUeU,8,Lat-RvRSB,10,8.068148987947566E-9,3.1798374489727706E-12,0.20607704354686884,2.876011297150594,6.359689880736664E-13,9.490382517518304E-13,0.670119446607901,-0.17384777882283975
SumUeU,8,Lat-RpvRS,10,-1.8512204253045704E-6,9.457241420756717E-6,0.02586546227730778,3.3038315407792944,1.8912625663399916E-6,2.5961094154006965E-6,0.7284987894272109,-0.13757116557624097
SumUeU,8,Lat-RpvRSB,10,-8.761584037186856E-9,2.984503288052594E-11,0.2796341125105508,4.602509047918755,5.968486440802419E-12,6.560103311227815E-12,0.9098159217381796,-0.04104646730543746
SumUeU,8,Sob-LMS-RDS,10,-1.1709086879094336E-6,6.213628712923435E-9,0.8063953633361194,50.41666949389296,1.2439724971658505E-9,1.3832886328571899E-11,89.92862860417054,1.9538979705492037
SumUeU,8,Lat-RvRS,12,-3.97892916129773E-6,2.935672748216217E-7,0.009531417454772298,2.830799496897282,5.8723415496098534E-8,8.756267121658994E-8,0.6706444045184928,-0.17350769457122436
SumUeU,8,Lat-RvRSB,12,-1.5146340209054195E-10,1.2400010806137717E-14,0.19418342832275903,2.8777776027364235,2.4797771021735938E-15,3.7110246090932455E-15,0.6682189862328896,-0.17508118883103202
SumUeU,8,Lat-RpvRS,12,7.24410044582997E-6,5.949862316803065E-7,0.009666010613621814,3.2596338340903723,1.1903782360269698E-7,1.6549223138956986E-7,0.7192955379426912,-0.14309263378078993
SumUeU,8,Lat-RpvRSB,12,-1.0960230136170953E-9,1.1553825359047724E-13,0.24364743254083968,4.92046575122182,2.3106541219470015E-14,2.5069323804569574E-14,0.9217058026614269,-0.0354076783711085
SumUeU,8,Sob-LMS-RDS,12,-2.609406473542938E-8,7.91037040859888E-11,0.8111203780803814,229.09185448824405,1.5819839643330455E-11,7.064547561502874E-15,2239.328068160819,3.3501177236615156
SumUeU,8,Lat-RvRS,14,3.266084704029677E-7,1.851614128467108E-8,0.021176696043294554,2.875363666008761,3.7029646072014617E-9,5.443885418427888E-9,0.6802061988054888,-0.16735941460448545
SumUeU,8,Lat-RvRSB,14,1.3826866005335047E-10,4.804206358595321E-17,0.2217099025469186,2.918747694959393,9.626570098271871E-18,1.39217607562257E-17,0.6914764782153685,-0.16022258859156874
SumUeU,8,Lat-RpvRS,14,-1.1637388538848513E-6,3.65211173862477E-8,0.04965762285142853,3.340571888264853,7.304847343021856E-9,9.663289193113046E-9,0.755937983127729,-0.12151383239587374
SumUeU,8,Lat-RpvRSB,14,5.096694384378456E-11,4.7698426887915E-16,0.18548782898583333,4.755607792259959,9.538991171981717E-17,1.0017785546180887E-16,0.9522055675885672,-0.021269283514812897
SumUeU,8,Sob-LMS-RDS,14,4.1625804596108255E-9,9.738421465274284E-13,6.882485479258972,1061.746022372211,1.9476627953863787E-13,8.678370467305333E-18,22442.724734141655,4.351075582760861
SumUeU,8,Lat-RvRS,16,-4.222248808254617E-7,1.1726894882759978E-9,0.022762009093421347,2.923809765587393,2.3469271771542213E-10,3.3774918287855117E-10,0.6948727920381487,-0.15809469292412903
SumUeU,8,Lat-RvRSB,16,1.40245759761662E-12,1.9020317386233892E-19,0.20848285649358556,2.8931499973910446,3.803879759630365E-20,5.577868221464419E-20,0.6819594168597426,-0.1662414692706342
SumUeU,8,Lat-RpvRS,16,-5.322243239999428E-7,2.343052466374067E-9,0.049978232265712616,3.247700658102679,4.688468949565431E-10,6.52516472601402E-10,0.7185211632855502,-0.1435604356539379
SumUeU,8,Lat-RpvRSB,16,1.992042704624861E-11,1.7782414120218335E-18,0.3095938578933249,5.125750641113292,3.5600954098983115E-19,3.8126994147043933E-19,0.9337466772670652,-0.029770930608561903
SumUeU,8,Sob-LMS-RDS,16,-8.774098372071213E-11,2.1252034481042932E-14,31.89954040930878,3088.3636344101146,4.24998955399919E-15,6.837900616824461E-23,6.215342679216792E7,7.793465078205369
SumUeU,16,Lat-RvRS,10,4.217209673323929E-6,9.4288547463697E-6,0.006017677752735892,2.8707792734756223,1.8856001570364413E-6,2.7017845033073505E-6,0.6979091614183925,-0.15620110067489024
SumUeU,16,Lat-RvRSB,10,3.678088558791626E-8,6.3840626398305415E-12,0.14501217130945931,2.9206918831379234,1.278037680257943E-12,1.880689564187944E-12,0.6795580220118795,-0.167773456424051
SumUeU,16,Lat-RpvRS,10,-1.288730393634482E-4,1.8245034129731297E-5,7.792928860998748E-4,3.3335351721724664,3.665250185538437E-6,4.883183549797161E-6,0.7505862002034892,-0.1245994245093593
SumUeU,16,Lat-RpvRSB,10,-1.6212438439481778E-8,5.885086594436304E-11,0.18353773913016463,4.739386827339218,1.1769259014713871E-11,1.2599936782139503E-11,0.9340728622858551,-0.02961924533899465
SumUeU,16,Sob-LMS-RDS,10,-1.6797202875990435E-6,1.0289512182336838E-8,0.5064112755809385,28.568736430656532,2.0605181064682927E-9,1.1732259776557446E-10,17.56284079717934,1.244594764574333
SumUeU,16,Lat-RvRS,12,3.1795194296986665E-6,5.895023160979695E-7,0.0012354763095570964,2.959313681671008,1.1789878251707577E-7,1.7028713305586847E-7,0.6923528536850466,-0.15967251341587288
SumUeU,16,Lat-RvRSB,12,-6.498964769535255E-11,2.5609927225225072E-14,0.15947458276365575,2.947612106304408,5.121477470154817E-15,7.408901558660114E-15,0.691260024121717,-0.16035855783671005
SumUeU,16,Lat-RpvRS,12,2.1941849682038957E-5,1.1683158564776455E-6,0.056696263221817894,3.406122727625186,2.3412124974586877E-7,3.127054296016813E-7,0.7486958254741157,-0.1256945883740452
SumUeU,16,Lat-RpvRSB,12,-1.1382711133221276E-8,2.420666820590178E-13,0.10648460728470963,4.64946709186214,4.8538061190904727E-14,5.0181291681039884E-14,0.9672541213052109,-0.014459411147892736
SumUeU,16,Sob-LMS-RDS,12,8.642315114892996E-8,1.8232619910259967E-10,2.2385876173649724,135.8811362078953,3.646906225759239E-11,1.6275557036718846E-13,224.07259042081031,2.3503887349061947
SumUeU,16,Lat-RvRS,14,2.3107695533159657E-6,3.699753819280998E-8,0.006531291251672801,2.933505172427317,7.404107343726673E-9,1.0935254149614637E-8,0.6770859865188955,-0.16935617459497768
SumUeU,16,Lat-RvRSB,14,-1.0950324534030268E-11,9.945350108493037E-17,0.1515404130732195,2.8920278364538206,1.9888831056571777E-17,2.928008213682575E-17,0.6792614502797949,-0.16796303196576856
SumUeU,16,Lat-RpvRS,14,3.831727059877399E-6,7.5295209153881E-8,0.002637731934417594,3.5275818834697676,1.507221805885452E-8,1.955444018972911E-8,0.7707823856175203,-0.11306821866178657
SumUeU,16,Lat-RpvRSB,14,4.337350127230849E-11,9.53556978202377E-16,0.18680736705808992,4.876900453046495,1.9069420576152397E-16,2.008478765594616E-16,0.9494459639211988,-0.022529747344701954
SumUeU,16,Sob-LMS-RDS,14,-1.0754875599948711E-8,3.3315265233874522E-12,0.5425335575127576,376.76367154628934,6.663543414961931E-13,5.048439926201407E-17,13199.213048724489,4.120548038873684
SumUeU,16,Lat-RvRS,16,7.558729798029897E-7,2.24093907102998E-9,0.036684604587137605,2.8595581164911716,4.487143393861717E-10,6.561034750044799E-10,0.6839078841688925,-0.16500238964128228
SumUeU,16,Lat-RvRSB,16,2.5255308967453147E-12,3.7205688308213626E-19,0.18451679268474983,3.0300596001424847,7.441031378507602E-20,1.077772675078232E-19,0.690408241976211,-0.1608940327282134
SumUeU,16,Lat-RpvRS,16,-5.51328301095673E-7,4.628888825148456E-9,0.003292685737778776,3.5261074069402514,9.259891501487774E-10,1.2450890267972804E-9,0.7437132046137153,-0.128594507553847
SumUeU,16,Lat-RpvRSB,16,-2.927600324814648E-11,3.661957438694239E-18,0.0975284916063421,4.815903538252324,7.331753329562592E-19,7.840933861743624E-19,0.9350612387300761,-0.029159945521455326
SumUeU,16,Sob-LMS-RDS,16,5.27561813121977E-9,7.165195255409934E-14,19.308238776529713,1174.7250151225069,1.435678961843524E-14,8.616153934010158E-21,1666264.2901219914,6.221743887009771
SumUeU,32,Lat-RvRS,10,-9.777821052712833E-6,1.9132650334427632E-5,0.021710016587449157,2.9390090387955623,3.826243019663378E-6,5.521855651517547E-6,0.6929270269156399,-0.15931249912060322
SumUeU,32,Lat-RvRSB,10,-1.7255758749922454E-8,1.2911018472085718E-11,0.1501379444872013,2.959019205956385,2.5822432352577375E-12,3.731627862784935E-12,0.6919884110122907,-0.15990117877381704
SumUeU,32,Lat-RpvRS,10,-1.5834935587730747E-5,3.653204725717596E-5,0.031322939647517783,3.5003161145427044,7.305929555675116E-6,9.53972484833438E-6,0.7658427964985509,-0.11586036825231603
SumUeU,32,Lat-RpvRSB,10,1.7447750249798039E-7,1.1868543249271849E-10,0.09113006779141496,4.688694959187379,2.3765155188771777E-11,2.5585611588656154E-11,0.9288484313311662,-0.03205514801591711
SumUeU,32,Sob-LMS-RDS,10,-2.504651712417088E-6,2.2374966759531763E-8,0.02334939915099297,16.948592203963113,4.480819132771676E-9,6.08449103118728E-10,7.364328601692957,0.8671331587996629
SumUeU,32,Lat-RvRS,12,7.594628482562085E-6,1.1984620936895906E-6,0.016796676023553548,2.8785249665727766,2.3972612787783246E-7,3.4431391387025827E-7,0.6962429289690693,-0.1572392024829308
SumUeU,32,Lat-RvRSB,12,-2.1986574683413983E-9,4.9657602322214455E-14,0.09182714239493481,2.9812612527435025,9.935361407059539E-15,1.4744469259062286E-14,0.6738364896351247,-0.17144547477654742
SumUeU,32,Lat-RpvRS,12,-4.639538504127238E-7,2.349614776701052E-6,0.019783496296083905,3.3738239096928235,4.6987617829785165E-7,6.278020014315667E-7,0.7484464484445743,-0.1258392681025274
SumUeU,32,Lat-RpvRSB,12,-3.4175095796838114E-9,4.97402759179832E-13,0.049963152292609815,5.1018001337177195,9.948228315251003E-14,1.0079327501918128E-13,0.9869932605481689,-0.00568581279817898
SumUeU,32,Sob-LMS-RDS,12,-1.1503501590483291E-7,3.5020558395330204E-10,0.3577392152645265,57.83244017650094,7.004734573386557E-11,1.655547260455785E-12,42.31068928505309,1.6264501004968965
SumUeU,32,Lat-RvRS,14,4.870966854978985E-6,7.291132103731167E-8,0.041407511145670844,2.9188375426820516,1.4604532299143892E-8,2.0919651847769918E-8,0.6981250168702385,-0.1560667990455599
SumUeU,32,Lat-RvRSB,14,2.412807460660655E-10,1.906590077339601E-16,0.08628421878065058,2.996792681172786,3.818620476505953E-17,5.579416705257544E-17,0.6844121309146216,-0.1646823013772986
SumUeU,32,Lat-RpvRS,14,-4.752145832650067E-6,1.4792139127283766E-7,0.011661237865742679,3.3726249611040884,2.9603902716756848E-8,4.013258146120758E-8,0.7376525914579448,-0.13214812752145796
SumUeU,32,Lat-RpvRSB,14,-9.25883219301835E-11,1.835700540193619E-15,0.15995369173706725,5.135689985372669,3.6711196662527775E-16,4.005115792854207E-16,0.9166076228813823,-0.037816535306861195
SumUeU,32,Sob-LMS-RDS,14,1.5818292741251843E-8,5.29408416656324E-12,1.2397868595529307,211.37773055238281,1.0589611700145645E-12,6.974366758825047E-16,1518.3617475731444,3.181375253943092
SumUeU,32,Lat-RvRS,16,-1.549889231276321E-8,4.6702944188458786E-9,0.014652896996239837,2.9469899235687813,9.339657180964618E-10,1.3294027718068637E-9,0.7025453368259931,-0.15332564452176184
SumUeU,32,Lat-RvRSB,16,1.155476341401956E-11,7.549905948357416E-19,0.11600139575883103,2.96326607870952,1.5111653171280557E-19,2.187261423158475E-19,0.6908937821185933,-0.16058871584662526
SumUeU,32,Lat-RpvRS,16,-8.76671110385447E-7,9.283798069534983E-9,0.036380843045566026,3.488837204236746,1.8573424901813904E-9,2.443810813266353E-9,0.7600189344030687,-0.11917558797665787
SumUeU,32,Lat-RpvRSB,16,-3.302569121460361E-11,7.314888392632071E-18,0.007526003470004161,4.86452013596261,1.4639220770387638E-18,1.5631375089686133E-18,0.9365280204968571,-0.028479224198924583
SumUeU,32,Sob-LMS-RDS,16,4.031866790198888E-9,6.460611921077706E-14,26.533577360392872,1171.481553783647,1.2936187669585105E-14,1.2072270543346537E-19,107156.21078186244,5.030017347847484
MC2,2,Lat-RvRS,10,-7.5987809007377265E-6,2.0327632121831626E-6,1.9430177458579156,204.92583527087214,4.065697286435663E-7,6.241247591066413E-8,6.514238102419161,0.8138636284500603
MC2,2,Lat-RvRSB,10,-1.2818098350191294E-5,3.007221025772069E-6,1.8493227964365246,339.85579148944004,6.015483643792136E-7,2.002565617113444E-11,30038.88408142664,4.477683794967268
MC2,2,Lat-RpvRS,10,-1.3840827564070121E-5,1.977631600107361E-6,2.6855562401227586,120.7150995137106,3.9567833589712844E-7,1.1150279623077784E-7,3.5485956341237506,0.5500565138942174
MC2,2,Lat-RpvRSB,10,-6.484365152988668E-6,2.309333106226757E-6,2.789065229610985,463.88864358631884,4.6186248157466424E-7,3.712261228938339E-11,12441.540427550979,4.09487415509499
MC2,2,Sob-LMS-RDS,10,-1.7095873107857315E-7,1.3126783336954538E-10,1.2014178927679653,82.44472944640754,2.628016820497368E-11,1.5722020796947663E-13,167.15515482638097,2.2231197741570212
MC2,2,Lat-RvRS,12,-2.1117160678711103E-6,3.3042123073005053E-7,7.429396562376741,372.1639342683592,6.608209706614682E-8,4.786949235458177E-9,13.804637111390184,1.1400249946339398
MC2,2,Lat-RvRSB,12,8.132718717189608E-6,8.826168980821029E-7,9.312136944862441,1079.0017035034887,1.7657186839219187E-7,4.2378700134314975E-12,41665.23933781955,4.619773880888562
MC2,2,Lat-RpvRS,12,-3.6252936740561815E-6,3.7056904948207356E-7,2.861126495290586,244.2217716400552,7.411954126964821E-8,8.781269875732557E-9,8.440640399229839,0.9263753982015775
MC2,2,Lat-RpvRSB,12,2.772883333435214E-6,4.4076432948278745E-8,36.72543288918324,2102.1366482651088,8.822093942977626E-9,1.4421850776319944E-13,61171.71838626373,4.786550680517256
MC2,2,Sob-LMS-RDS,12,-1.4684633981788932E-8,2.0723968718632105E-12,0.539536252488965,381.47092078134796,4.1465356491038395E-13,1.8068626825973356E-17,22948.814478492975,4.3607602550694775
MC2,2,Lat-RvRS,14,2.851613586117868E-6,5.4080244781343984E-8,13.44407984054145,669.675422463418,1.0823099051417703E-8,3.6256898616160973E-10,29.851144098115075,1.4749609808917261
MC2,2,Lat-RvRSB,14,-3.3209646037333354E-6,5.576490767083978E-8,69.96183642795641,5830.635035481319,1.116289504191379E-8,5.902447405494426E-14,189123.15985268343,5.2767447154147815
MC2,2,Lat-RpvRS,14,1.7362609529815522E-6,1.275374709290993E-7,26.48452585515764,1739.6608674813747,2.5507958038498123E-8,6.949321758815711E-10,36.7056799552265,1.5647332735802708
MC2,2,Lat-RpvRSB,14,4.030706705258803E-6,1.1332650334694697E-7,98.96755090996139,9859.091449662017,2.2679280735866276E-8,8.217696172052135E-16,2.7598100807130195E7,7.440879196653521
MC2,2,Sob-LMS-RDS,14,1.378965578189726E-9,7.094106165509926E-14,0.01179913832799443,916.5412711807281,1.4188695055852583E-14,6.960730131427157E-23,2.0383917761430982E8,8.3092876585051
MC2,2,Lat-RvRS,16,-5.258342489301871E-7,7.2940111534903466E-9,21.779462175509234,2167.436213583265,1.4589328521323475E-9,2.9045735394069102E-11,50.2288143969751,1.7009529271755106
MC2,2,Lat-RvRSB,16,8.921024865968566E-9,3.967564225617444E-10,52.93357923121539,5465.141015624157,7.93434289685823E-11,1.7248029639855972E-17,4600144.516521416,6.662771475538513
MC2,2,Lat-RpvRS,16,-3.5125209780334484E-6,4.814743756815839E-8,58.67676104122151,4247.359568473162,9.64086236850144E-9,5.034020524570917E-11,191.51416489950037,2.28220090107323
MC2,2,Lat-RpvRSB,16,2.2425247552933193E-6,4.5518554564540904E-8,96.80812867204013,9557.577481255317,9.107829459094994E-9,3.499815465151964E-18,2.602374196520538E9,9.415369744108602
MC2,2,Sob-LMS-RDS,16,2.0412040462738285E-10,3.7636847293690846E-16,18.574811072800742,1553.0479185297154,7.53078323575082E-17,1.232763253932123E-32,6.108864140563903E15,15.78596046665116
MC2,4,Lat-RvRS,10,8.772275482752875E-6,3.9049541917410843E-7,0.20006150077588702,31.860960832455138,7.81682267435835E-8,2.9062201058625013E-8,2.6896870813707663,0.42970175705114383
MC2,4,Lat-RvRSB,10,8.021694963999856E-7,4.842786793309844E-7,0.07519172976884228,66.90840536491913,9.684669376851121E-8,3.1284942482602894E-9,30.956327895557507,1.4907494381452102
MC2,4,Lat-RpvRS,10,1.7945835310717045E-6,4.633930425340685E-7,0.16255076221147932,21.376638728297728,9.2672561176013E-8,4.849388907638302E-8,1.9110152421482196,0.28126415097676344
MC2,4,Lat-RpvRSB,10,8.333942929485548E-6,3.9987827557259247E-7,1.1314675303041966,79.66780405312966,8.003711215375897E-8,2.1210731781226332E-10,377.34253103233334,2.5767357581606074
MC2,4,Sob-LMS-RDS,10,-8.103091509801457E-8,6.479083629184405E-11,0.18507563691167392,29.029948886246892,1.2963437450844597E-11,2.846069161816224E-12,4.5548567915236315,0.6584747269448536
MC2,4,Lat-RvRS,12,9.036647496453203E-7,8.66315751964684E-8,0.0671917239988,126.14901429045578,1.7325399017769503E-8,2.80226791393007E-9,6.18263476223846,0.7911735914075653
MC2,4,Lat-RvRSB,12,1.3047979611553858E-5,1.4010945468357963E-7,9.301751161288204,228.3102131549838,2.8189338519565775E-8,1.036687778223481E-11,2719.1734205521752,3.4344369064426337
MC2,4,Lat-RpvRS,12,-7.956980036633925E-7,9.209789945417291E-8,1.6206321496130904,81.96643923146245,1.8418371068158533E-8,4.442075515103856E-9,4.1463435291752155,0.6176652810295744
MC2,4,Lat-RpvRSB,12,-9.225245374695507E-7,1.1575610456712889E-7,1.0594205280614148,310.492344552955,2.3149756842856668E-8,2.1888553902011815E-12,10576.192902688255,4.024329363454824
MC2,4,Sob-LMS-RDS,12,1.2574338625094963E-9,1.9242266314173373E-12,0.5596234695839115,53.39989265400426,3.848084228907577E-13,2.1384835604547568E-14,17.9944531726457,1.2551386535612612
MC2,4,Lat-RvRS,14,2.244961444261772E-6,1.2550369921996725E-8,12.909957200254462,617.688666367873,2.5148628288871266E-9,2.2593286039046496E-10,11.13101841202229,1.0465349011260543
MC2,4,Lat-RvRSB,14,8.236559827075527E-7,2.1763176934662666E-8,14.479691499957456,1287.9693006018763,4.3528785325716895E-9,2.6095500679242043E-14,166805.71053515884,5.222210914475916
MC2,4,Lat-RpvRS,14,5.60625918413625E-7,2.3601968981268864E-8,4.662066321769091,388.8934673835906,4.720236058294545E-9,4.4745405862228347E-10,10.549096532565175,1.0232152664845964
MC2,4,Lat-RpvRSB,14,2.496057427123078E-7,1.458696611229752E-8,2.819421587034573,2015.776166913857,2.917163786164053E-9,2.7872946955218738E-14,104659.32399795506,5.019777925273645
MC2,4,Sob-LMS-RDS,14,-4.304414238567715E-9,2.8430507274726984E-14,4.857193690540122,190.94792189055846,5.704060826737087E-15,2.7321790132791136E-17,208.77331972077383,2.319674997019874
MC2,4,Lat-RvRS,16,-4.0345992156288496E-7,6.034566311399187E-9,10.764356240219124,2037.203945129807,1.2069553508619171E-9,2.0368809851691413E-11,59.2550747760892,1.7727255505112305
MC2,4,Lat-RvRSB,16,-2.115453040734228E-7,1.2574511031550221E-9,67.66620632142889,6279.833585636592,2.5150982302461684E-10,2.3165878181382815E-16,1085690.8641898234,6.035706183366555
MC2,4,Lat-RpvRS,16,-3.3418410684064924E-7,5.6775595493504645E-9,11.890490271769952,755.1997892281737,1.1355100376963708E-9,3.618710827999322E-11,31.378855389894763,1.49663709773024
MC2,4,Lat-RpvRSB,16,3.920203462487803E-7,9.493351048269061E-9,0.09478491230061722,4609.168594395478,1.89863402258472E-9,8.88838721881122E-16,2136083.831458744,6.329618292750489
MC2,4,Sob-LMS-RDS,16,6.653416231735023E-11,2.905112722645872E-16,0.7600472434361101,191.88469114863005,5.810087102222742E-17,7.014891857993063E-20,828.2504163770515,2.918161662882051
MC2,8,Lat-RvRS,10,-1.3471532572526044E-6,8.759992881819733E-8,0.07253243789341836,9.037643202818785,1.752004858696163E-8,1.3969173181523893E-8,1.2541936705412349,0.09836460471875111
MC2,8,Lat-RvRSB,10,2.7260361790731285E-6,1.2402523811385549E-7,0.17319029820747509,14.67370216898569,2.4809998391258436E-8,1.1195862694498562E-9,22.159970221365437,1.3455691724505547
MC2,8,Lat-RpvRS,10,-4.557010918073987E-6,1.0869447253829376E-7,0.12704476494902062,7.058368960291294,2.1757486966715434E-8,2.0995085872558422E-8,1.0363133115427505,0.015491076744083817
MC2,8,Lat-RpvRSB,10,-6.76735489715349E-7,8.333978296502201E-8,0.43933112477690006,26.020897266562613,1.6666747768268143E-8,7.128828933876698E-10,23.379362757698647,1.3688326695894344
MC2,8,Sob-LMS-RDS,10,5.578871266141707E-8,1.3620824967370475E-10,0.01593170781210143,9.146712728426795,2.7242038150207894E-11,9.781069989003039E-12,2.7851797585372977,0.44485323025354223
MC2,8,Lat-RvRS,12,-2.1166426052872225E-7,2.250470563946814E-8,0.17900798430635223,31.604902685121232,4.500535835540024E-9,1.3536070892853223E-9,3.324846531290123,0.5217716038791069
MC2,8,Lat-RvRSB,12,2.7198121873270595E-7,3.4434741598879594E-8,0.02053407359127814,48.038318648049604,6.886333598727284E-9,1.8726901824167482E-11,367.72412561272245,2.565522123958509
MC2,8,Lat-RpvRS,12,-2.0784815171256174E-6,2.1822127921654266E-8,0.18440675271546733,19.769076665321293,4.368309227189453E-9,2.2559796513961355E-9,1.9363247467618254,0.28697819589554413
MC2,8,Lat-RpvRSB,12,3.2117303262769016E-7,2.1234918512198495E-8,0.23403967782609914,73.80607244815837,4.246662156186343E-9,1.1984029878309455E-11,354.3601108565831,2.549444828875653
MC2,8,Sob-LMS-RDS,12,-4.584881784639647E-9,1.4149094389961885E-12,0.1779872591263286,11.331745166388275,2.8297461075143686E-13,1.2962473571440359E-13,2.183029413266479,0.33905958725896523
MC2,8,Lat-RvRS,14,1.1921391448044948E-7,5.233626899917372E-9,0.6516498419284339,134.86516720381795,1.0466349194028818E-9,1.199736315770565E-10,8.723874618487734,0.9407094151723424
MC2,8,Lat-RvRSB,14,7.000391461375515E-7,6.546557086493914E-9,2.17563373336395,241.13324747980138,1.3096705409631778E-9,2.753398696971788E-13,4756.559747063021,3.6772929562823524
MC2,8,Lat-RpvRS,14,5.216937955818912E-7,5.084103618456764E-9,0.17979663609006505,65.88300135015321,1.0169912060353323E-9,2.2647121715715785E-10,4.4905980495066595,0.6523041833874493
MC2,8,Lat-RpvRSB,14,-6.938532797528311E-7,5.726535585230281E-9,3.524649465157739,271.19645829629826,1.1456740187081754E-9,6.062726867136523E-13,1889.7008620302352,3.2763930611829335
MC2,8,Sob-LMS-RDS,14,-9.825759495272548E-10,6.259211885658704E-14,0.18471516687414416,19.805782270316143,1.2518137384436865E-14,1.9553286124092435E-15,6.4020632158666855,0.8063199581815161
MC2,8,Lat-RvRS,16,-3.7042818299421444E-7,1.2197535821250854E-9,3.756377357545196,370.0429648543595,2.44063538392131E-10,1.197701903918132E-11,20.377653036511646,1.3091541633805868
MC2,8,Lat-RvRSB,16,1.5340179860935968E-7,1.5198184918574902E-9,4.217196390930612,952.7887070260057,3.039568341134775E-10,5.2782963438254055E-15,57586.16309390221,4.760318142904657
MC2,8,Lat-RpvRS,16,2.3479247561400492E-7,1.315974434724283E-9,5.631060792493896,437.14831313663683,2.6322369496276707E-10,2.1576637104536338E-11,12.19947731833642,1.0863412239022048
MC2,8,Lat-RpvRSB,16,1.0190869786674068E-7,1.8172820496779825E-9,4.52923679756388,788.1515985481742,3.6343044967730386E-10,5.341027587711496E-15,68045.04258945893,4.832796490237841
MC2,8,Sob-LMS-RDS,16,-4.320896817139156E-10,2.126644586529568E-15,6.228943473736676,403.071622953394,4.2547308590722665E-16,7.231918860263827E-18,58.83266863584598,1.7696185483285707
MC2,16,Lat-RvRS,10,-1.8757024918163206E-7,2.339708417731232E-8,0.05657970352967193,4.1562071606402595,4.678984076377296E-9,5.559012955472742E-9,0.8416933210725701,-0.07484611898405892
MC2,16,Lat-RvRSB,10,1.5617861339023461E-6,2.8189189630987208E-8,0.09166130120897155,5.804210794883367,5.639713318332872E-9,2.9706982343321507E-9,1.898447056370486,0.27839849010011863
MC2,16,Lat-RpvRS,10,-5.900071301571231E-7,2.9816699898833156E-8,0.10404252130666902,3.716257160056352,5.963091754182292E-9,7.772672168231094E-9,0.7671868342209232,-0.11509885874962544
MC2,16,Lat-RpvRSB,10,5.308505173145334E-7,2.0510904196507213E-8,0.13053370964106967,7.337134763480021,4.1020524234892455E-9,1.3806389324189295E-9,2.9711261410702803,0.47292109044649044
MC2,16,Sob-LMS-RDS,10,-4.6709193280669565E-8,8.69178313971057E-11,0.0011936434864164226,4.333426029840686,1.7384009671530127E-11,1.807992259104756E-11,0.9615090763794519,-0.017046611786492784
MC2,16,Lat-RvRS,12,3.846935332205967E-8,5.0432827095828055E-9,0.1867334804263393,9.669016037909921,1.0085571561535145E-9,7.084637055859729E-10,1.4235833793621555,0.15338290888123318
MC2,16,Lat-RvRSB,12,1.7060266471338255E-6,7.2517921977470215E-9,0.4496495574616951,16.64342443066995,1.45312393062618E-9,9.429544588541179E-11,15.410329915529772,1.187811936509486
MC2,16,Lat-RpvRS,12,9.734524504024838E-7,5.821310256296064E-9,0.01868337454757214,7.208426718668313,1.1650932347272812E-9,9.94842056371988E-10,1.1711338772469762,0.06860654394191948
MC2,16,Lat-RpvRSB,12,2.740025968587741E-7,4.712096295384708E-9,0.2425475495632636,21.988713222092425,9.424000945741193E-10,4.5319630219902804E-11,20.794523035632583,1.3179489633944634
MC2,16,Sob-LMS-RDS,12,3.2569716912886935E-8,7.909987284913672E-12,0.11497915644035084,7.451037541012543,1.582900043696822E-12,8.790195864403826E-13,1.8007562836077695,0.25545493889030424
MC2,16,Lat-RvRS,14,-3.6695061608296264E-7,1.1488825490746676E-9,0.11075076911319384,28.483792835217063,2.2988818491859568E-10,7.230155561636895E-11,3.179574532785701,0.5023690097876816
MC2,16,Lat-RvRSB,14,-6.120894063831853E-8,1.8554364198543202E-9,0.27139148270153274,47.42593209017371,3.71053921776881E-10,1.5061015388719775E-12,246.36713541557674,2.3915827738673765
MC2,16,Lat-RpvRS,14,3.436310050622814E-7,1.2483403900825976E-9,0.11341557516424756,21.707784312297452,2.49761193476358E-10,1.1270983981812634E-10,2.215966182539021,0.34556312841705983
MC2,16,Lat-RpvRSB,14,7.237027058945717E-7,1.1501450115021938E-9,1.6529466476795864,74.97663253613119,2.3052974500672785E-10,9.21871944386141E-13,250.06699293819352,2.3980563717352625
MC2,16,Sob-LMS-RDS,14,-1.1150759615037588E-9,3.2860299549359964E-13,0.009585997832373848,3.8517278929071743,6.571527043320997E-14,4.663619569662998E-14,1.4091044402654542,0.14894318342164434
MC2,16,Lat-RvRS,16,-5.5196481050942604E-8,2.6704649496774463E-10,1.0599474899791461,105.30193075336985,5.3407004715169975E-11,6.717673846160123E-12,7.950222939998472,0.9003793073047199
MC2,16,Lat-RvRSB,16,-1.2982884548186438E-7,4.836745327394905E-10,1.9114291660106153,182.1985484992561,9.674208858636247E-11,4.37933561825301E-14,2209.0585654852025,3.3442072298279286
MC2,16,Lat-RpvRS,16,-1.7230119456031112E-7,3.661545692436313E-10,1.2028309553939813,90.5698326296441,7.325327845898829E-11,1.282107912336243E-11,5.713503345089491,0.7569024859834486
MC2,16,Lat-RpvRSB,16,-1.8566321618012796E-7,2.4167349405423153E-10,4.522426981415341,342.43374967632286,4.836433617080757E-11,2.6938882976771993E-14,1795.3356199850468,3.2541456475007915
MC2,16,Sob-LMS-RDS,16,-1.4160970831869502E-9,7.209063124116055E-15,1.5738188046057173,96.35439835087818,1.443673774509739E-15,2.853265333821078E-16,5.059724931282079,0.7041269073391105
MC2,32,Lat-RvRS,10,1.3524095911284775E-6,6.855937910712339E-9,0.06916274309720437,3.158418265101782,1.37287947508643E-9,1.9238000676277647E-9,0.7136289774536321,-0.14652752341233993
MC2,32,Lat-RvRSB,10,-6.011133308139691E-7,6.821661755017383E-9,0.12436560040383747,3.7396596429503335,1.3645572550048584E-9,1.730339763641175E-9,0.7886065405636891,-0.10313962528595155
MC2,32,Lat-RpvRS,10,-3.023842649137489E-7,9.678307795552554E-9,0.03691804742828852,3.340492707022839,1.9355594291982672E-9,2.6383448542765656E-9,0.7336263968907877,-0.13452505054174263
MC2,32,Lat-RpvRSB,10,-8.228919574590561E-7,4.859015052192383E-9,0.0914685672550122,4.128971229915178,9.723829813110835E-10,1.0694990342983807E-9,0.9091948193754024,-0.041343047565506746
MC2,32,Sob-LMS-RDS,10,1.1490256654547148E-7,1.2580732494145809E-9,0.0011148349086148453,2.707547744943288,2.5160269101772666E-10,3.802218208065186E-10,0.6617260694928878,-0.1793217554668993
MC2,32,Lat-RvRS,12,-2.0297251489584207E-7,1.284170005182612E-9,0.07223799946807959,4.26945662453233,2.5684951547822186E-10,2.868013894412064E-10,0.8955657989616379,-0.04790250018216708
MC2,32,Lat-RvRSB,12,-5.993083719076365E-7,1.7237487639889937E-9,0.07956981129255397,6.542680169703422,3.450744483471576E-10,1.7579216635379044E-10,1.9629682909344104,0.29291328422382806
MC2,32,Lat-RpvRS,12,-2.7600432448689656E-7,1.5354232429383435E-9,0.023474467362720592,3.906980692986439,3.071301185099454E-10,3.717887210126246E-10,0.8260877782236874,-0.08297380307580489
MC2,32,Lat-RpvRSB,12,5.3887069317459E-7,1.210315589072955E-9,0.16884042168195496,7.541602871933459,2.42329293126772E-10,9.068921454139249E-11,2.6720850362660022,0.4268502749836872
MC2,32,Sob-LMS-RDS,12,-8.611175503738907E-8,4.945289036607634E-10,0.00696743638781125,2.039603835173795,9.890330538843508E-11,1.7404880018186596E-10,0.5682504291043068,-0.24546022765303602
MC2,32,Lat-RvRS,14,1.468650429641485E-7,2.9149293450529087E-10,0.1880185230685774,9.323549739422635,5.831432638321293E-11,3.775776153264688E-11,1.5444328269511427,0.18876902398815898
MC2,32,Lat-RvRSB,14,-6.560959861649067E-8,4.023445756837892E-10,0.07992050243035415,15.29548166444832,8.046517286467477E-11,6.813981649184234E-12,11.808833220780395,1.0722069889928942
MC2,32,Lat-RpvRS,14,-2.8016905706933374E-7,3.0072446553941095E-10,0.057463142820595975,6.9004064891163,6.021737331911051E-11,5.177340797618233E-11,1.163094640144468,0.0656150543847309
MC2,32,Lat-RpvRSB,14,-1.1445947989511817E-7,2.9264623641963647E-10,0.03636767881836311,21.0440229073587,5.853649533173676E-11,2.1532839636807165E-12,27.184754226134388,1.4343254109549401
MC2,32,Sob-LMS-RDS,14,1.167974915955585E-9,1.778802629782527E-13,0.015894461976188448,4.744675326141266,3.557385915579528E-14,4.0217158435826287E-14,0.8845443223583231,-0.053280400771920575
MC2,32,Lat-RvRS,16,2.964909595865062E-8,6.732366214830079E-11,0.11792021881516031,29.006816606082715,1.3464265025308356E-11,4.083246154366534E-12,3.2974414268191903,0.5181770898180564
MC2,32,Lat-RvRSB,16,-9.291498521078978E-8,1.0954609071164252E-10,0.38597089838663406,50.26950589011023,2.1915660414990994E-11,9.724470841375461E-14,225.3660972661333,2.3528885839476104
MC2,32,Lat-RpvRS,16,1.502055061144928E-7,7.216502423547771E-11,0.8930676543905437,21.350939559375416,1.4454123240677942E-11,6.341153668095481E-12,2.279415386730272,0.35782347556488747
MC2,32,Lat-RpvRSB,16,-7.685641716390935E-8,7.779682376115097E-11,1.2278791507829285,78.1788746352394,1.5563715724614244E-11,5.314371179505145E-14,292.8609086364848,2.4666614054935527
MC2,32,Sob-LMS-RDS,16,1.3211983834580598E-10,1.088310464648191E-14,0.10621978826867898,12.964426277448625,2.176420722855137E-15,1.131967361630061E-15,1.9226885832830352,0.2839089475176992
SmoothGauss,2,Lat-RvRS,10,4.00853706647641E-6,7.182430657004483E-6,8.63446218703232,370.13634173414755,1.43635855115717E-6,1.2175197029242665E-7,11.79741525091784,1.0717868661852832
SmoothGauss,2,Lat-RvRSB,10,7.397676609768522E-6,7.247373345555613E-6,10.098400111679597,459.605170157409,1.4493844472634345E-6,1.3873327214640804E-8,104.47273569197371,2.0190029671606
SmoothGauss,2,Lat-RpvRS,10,-2.6579333443837853E-5,6.3106286526324155E-6,1.3077608787488622,147.23424449957827,1.2627059789197491E-6,2.250114194273514E-7,5.611741760188462,0.7490976775548942
SmoothGauss,2,Lat-RpvRSB,10,5.654207101839911E-6,6.249112185598164E-6,11.307478664276697,548.1016009685782,1.2497294249338715E-6,1.8961706850256212E-8,65.90806591427634,1.8189385673664413
SmoothGauss,2,Sob-LMS-RDS,10,1.9894174463512948E-7,1.1457223060427052E-8,0.13661810411534211,3.744438035198702,2.29125504544196E-9,2.9058904650034254E-9,0.7884863772520961,-0.10320580561389987
SmoothGauss,2,Lat-RvRS,12,-8.114851739382915E-6,1.6489118083780863E-6,17.817240577179984,1925.704994171327,3.298152342582019E-7,9.047636860596219E-9,36.45319096465901,1.561735550697536
SmoothGauss,2,Lat-RvRSB,12,-4.894861628666004E-6,1.6326379192075236E-6,7.484904669529949,1516.520242849451,3.2651889075348434E-7,9.048141042205484E-10,360.86848031039904,2.557348950707149
SmoothGauss,2,Lat-RpvRS,12,-1.6105682780972463E-5,1.1098939189210794E-6,7.84882757372402,476.3747825240598,2.2221597892367874E-7,1.6304035329037598E-8,13.629507937087856,1.1344801768863955
SmoothGauss,2,Lat-RpvRSB,12,-1.982270037865329E-5,1.0903391927333286E-6,31.425331402943907,1388.7833727712818,2.1843897121311287E-7,1.3665435698901352E-9,159.84779119093474,2.203706639480298
SmoothGauss,2,Sob-LMS-RDS,12,-3.152417433811904E-8,5.002631567227952E-10,0.22798852388815702,3.987907124640217,1.0004361985499229E-10,1.265575643477542E-10,0.7904989351730329,-0.1020987107397259
SmoothGauss,2,Lat-RvRS,14,1.0018811806241221E-5,1.888714364090592E-7,23.36926714844478,951.1886390745841,3.7870886443092535E-8,6.40866598452689E-10,59.09324426413884,1.7715378337321792
SmoothGauss,2,Lat-RvRSB,14,-5.09286153542062E-6,2.2639295663454624E-7,75.76568604300209,6739.80430122147,4.530000070639552E-8,5.276032081705124E-11,858.5997963028938,2.933790781109947
SmoothGauss,2,Lat-RpvRS,14,1.879543800004629E-6,6.507602435054704E-7,25.806891080433992,2015.4359175603763,1.3014256618112012E-7,1.1799022036080604E-9,110.29945175384285,2.0425733537740753
SmoothGauss,2,Lat-RpvRSB,14,-1.6911429491280494E-6,8.628574513495179E-8,46.580881749081364,4015.8148853053326,1.7258283276562043E-8,6.550728251726356E-11,263.45594891703615,2.4207080095236213
SmoothGauss,2,Sob-LMS-RDS,14,-3.292423291421106E-8,2.2758011140457203E-11,0.24500701799695185,3.9989292829486702,4.5522310729816204E-12,5.6098282028075454E-12,0.8114742392117053,-0.09072526258548262
SmoothGauss,2,Lat-RvRS,16,2.8197261041061884E-6,2.8707871734117255E-8,48.6407416537311,3052.3300118387306,5.748951044690946E-9,4.3988653924696275E-11,130.69167914372912,2.116247937871294
SmoothGauss,2,Lat-RvRSB,16,-2.213797119869308E-6,6.1190655670373624E-9,33.877001260613476,1503.2297777799204,1.2285916297840732E-9,2.9870196209446636E-12,411.3101973516744,2.6141694768290473
SmoothGauss,2,Lat-RpvRS,16,1.174807910735241E-6,8.444540889483964E-8,45.793535924077204,3793.772177883208,1.688877304441716E-8,8.393227356474454E-11,201.2190582611744,2.3036691120980115
SmoothGauss,2,Lat-RpvRSB,16,3.2273908165758364E-7,5.569300320277272E-9,6.587110420690068,849.0559347276567,1.113852838563878E-9,5.595704046237913E-12,199.05499457440754,2.2989730791263026
SmoothGauss,2,Sob-LMS-RDS,16,6.580226770683676E-9,1.1001662543618536E-12,0.18736927051832797,4.123014827578219,2.2005454693163711E-13,2.6109461830832745E-13,0.8428153301565718,-0.07426757351261401
SmoothGauss,4,Lat-RvRS,10,5.447573430701979E-6,6.3104479078757855E-6,0.2750760147785923,25.907909461453063,1.2619930486732825E-6,7.472718609463587E-7,1.6888004414819948,0.2275783338317939
SmoothGauss,4,Lat-RvRSB,10,-3.6107339935128405E-5,1.0588246179144382E-5,0.7933750389995405,43.570778922700065,2.1187412109024843E-6,3.040391022151322E-7,6.96864710975006,0.84314847253128
SmoothGauss,4,Lat-RpvRS,10,1.425755145498689E-5,8.006518266657166E-6,0.6944020220667518,16.292948924853622,1.6013468007395914E-6,1.1476243848694897E-6,1.3953579427660037,0.14468562884814834
SmoothGauss,4,Lat-RpvRSB,10,-7.295871468201534E-6,8.662602620646048E-6,1.7505388197444607,56.783162814071574,1.732400501817277E-6,3.012133435305823E-7,5.7514068982185895,0.75977409397572
SmoothGauss,4,Sob-LMS-RDS,10,-5.217585665830742E-6,1.2205113707002861E-7,0.04285491048635248,2.9759840169008394,2.44350095914446E-8,3.544972173130386E-8,0.6892863582019962,-0.16160031662582328
SmoothGauss,4,Lat-RvRS,12,1.2417521962043264E-5,1.7844465912854913E-6,3.247420390941981,116.582338132646,3.570078241769504E-7,1.0156857393032994E-7,3.514943750434428,0.5459183794066526
SmoothGauss,4,Lat-RvRSB,12,7.70543353094553E-6,3.0310943664263877E-6,3.6382988680944206,158.18795893820084,6.062176251038489E-7,3.003440770317339E-8,20.18410454752523,1.3050094870287272
SmoothGauss,4,Lat-RpvRS,12,-1.0313586967031183E-6,1.914532174217565E-6,0.7728608405642619,59.35086312936549,3.828692079007899E-7,1.660889164312746E-7,2.30520624811961,0.36270978803936854
SmoothGauss,4,Lat-RpvRSB,12,8.357147112463174E-6,2.843812024902848E-6,2.8470831163074797,175.99912079693075,5.687753706479308E-7,2.96326361229237E-8,19.194221138089308,1.2831704940365058
SmoothGauss,4,Sob-LMS-RDS,12,5.672118967045685E-7,7.082312661605463E-9,0.01967354558950134,3.086915880896259,1.4166426154036236E-9,1.946481710161655E-9,0.7277965202590942,-0.13799002519370557
SmoothGauss,4,Lat-RvRS,14,3.6918822230537194E-6,4.5735903846183187E-7,1.1950284629409944,426.02215790856155,9.147629050594604E-8,1.2793081862696516E-8,7.150449867180381,0.8543333660931005
SmoothGauss,4,Lat-RvRSB,14,-8.763346642534987E-7,5.890289473976242E-7,1.3075916539019317,604.23444504872,1.1779477686302067E-7,2.1539483396226903E-9,54.68783753822755,1.73789075087907
SmoothGauss,4,Lat-RpvRS,14,-1.2679898405105186E-8,4.4686817938768586E-7,0.743723107344678,141.4363653419736,8.936469867472924E-8,2.0226446187222884E-8,4.418210586651709,0.645246411952166
SmoothGauss,4,Lat-RpvRSB,14,-8.070911037780244E-6,5.123384039957479E-7,9.535998723641775,811.1382145658797,1.0252257363604944E-7,2.2806321100329726E-9,44.95357808259887,1.6527642651389651
SmoothGauss,4,Sob-LMS-RDS,14,-1.4017238686884274E-7,3.954590822052127E-10,0.026099960008027407,3.002594504806465,7.910355555743893E-11,1.1286636169857268E-10,0.7008603304560962,-0.15436852091469813
SmoothGauss,4,Lat-RvRS,16,-1.4335727073702516E-6,9.560363245316455E-8,22.794583365684552,1620.6912373383184,1.9120869548691166E-8,1.4849908346740893E-9,12.876085900481412,1.1097838653404344
SmoothGauss,4,Lat-RvRSB,16,-8.318198409422651E-7,7.499996307705162E-8,41.98750939251033,3289.5601805653496,1.4999184540396568E-8,1.9145705909146414E-10,78.34229049361433,1.8939962648656083
SmoothGauss,4,Lat-RpvRS,16,7.986361810669787E-7,1.3276600864080424E-7,1.4604096866912082,476.10771434755736,2.6551184227737738E-8,2.665096784107256E-9,9.962559103320427,0.9983709108829426
SmoothGauss,4,Lat-RpvRSB,16,3.2751841651443603E-6,7.025148371089658E-8,29.893829288728067,1836.9993585340776,1.4059618543820711E-8,1.7767655444189236E-10,79.13040968170503,1.8983434142052453
SmoothGauss,4,Sob-LMS-RDS,16,6.518006779369053E-9,2.6700752858255055E-11,0.013380447979576045,3.0832021139899335,5.339659041006222E-12,7.582900073090522E-12,0.7041710941114862,-0.15232180648187207
SmoothGauss,8,Lat-RvRS,10,-1.4722941220995483E-5,7.769306699692732E-6,0.05283906431777946,6.9349552368202625,1.5539227188027493E-6,1.5191736537735272E-6,1.0228736622326933,0.009821996191642732
SmoothGauss,8,Lat-RvRSB,10,3.5002648661413836E-5,1.2622445781942649E-5,0.1520917638461035,11.239349579253073,2.5254618928862053E-6,1.2147816634461251E-6,2.0789430470344006,0.31784259193008124
SmoothGauss,8,Lat-RpvRS,10,1.561371945182484E-5,9.395205886064644E-6,0.18650971034780453,5.434220131876431,1.8790970613303278E-6,2.096802043422668E-6,0.896172849136977,-0.047608217808166216
SmoothGauss,8,Lat-RpvRSB,10,-5.114533302018383E-5,8.615926304234151E-6,0.024009313416414227,14.442641552641206,1.725628787410491E-6,8.577082822737335E-7,2.01190640579563,0.3036077734057864
SmoothGauss,8,Sob-LMS-RDS,10,2.577049917445811E-7,6.771023882640831E-7,0.04607335312261089,2.995971052695294,1.3540700201691408E-7,1.9402531430773077E-7,0.6978831731314913,-0.1562172729511197
SmoothGauss,8,Lat-RvRS,12,-1.80520999589893E-5,2.013464512305158E-6,0.23321561349046643,25.976919314238064,4.029785114837148E-7,2.6020794846191586E-7,1.5486787158721054,0.1899613297047844
SmoothGauss,8,Lat-RvRSB,12,1.231906827304304E-6,2.9744382750678697E-6,0.28010585864187976,35.06174626834825,5.948296838425038E-7,1.649590198594351E-7,3.605923970385918,0.5570165655394741
SmoothGauss,8,Lat-RpvRS,12,1.619413492846318E-5,2.1933480694448007E-6,0.5211176768621312,11.181422633787841,4.3888799693365246E-7,3.74454734924276E-7,1.1720722319679213,0.06895437702203651
SmoothGauss,8,Lat-RpvRSB,12,-1.2744801384760001E-5,2.049111099462258E-6,0.34947027703996913,43.79362938422078,4.0994366763279935E-7,1.471625855020451E-7,2.7856514360241547,0.4449267729343793
SmoothGauss,8,Sob-LMS-RDS,12,-2.2820073766340376E-6,6.588836167585984E-8,0.05509298127121773,3.0943129493642605,1.3181562125605465E-8,1.8482993332007582E-8,0.7131724763855505,-0.14680542599098143
SmoothGauss,8,Lat-RvRS,14,-1.204981935918993E-5,4.94055533876796E-7,2.9600983692490557,81.20228804543075,9.894642381127076E-8,4.524017890369896E-8,2.18713599744807,0.33987578857258305
SmoothGauss,8,Lat-RvRSB,14,-1.0854366899754654E-5,7.123616994808781E-7,1.595615522573432,142.48787998996414,1.425759099429805E-7,2.3996759766767684E-8,5.941465069814515,0.7738935482273896
SmoothGauss,8,Lat-RpvRS,14,2.173057222763903E-6,6.08987695039495E-7,1.49141373129628,41.45571507647599,1.2179008143169162E-7,6.750580654194942E-8,1.8041423052402004,0.25627079038059547
SmoothGauss,8,Lat-RpvRSB,14,-1.657362954794883E-5,6.922753829696172E-7,0.97468472436364,142.77242964564576,1.387159162826567E-7,1.920876581507922E-8,7.221490314269033,0.858626833092228
SmoothGauss,8,Sob-LMS-RDS,14,2.2496392108820003E-6,1.0934051938868604E-8,0.0503412583021546,3.3029592263639986,2.1916525833140812E-9,2.88114848839166E-9,0.7606871329764489,-0.11879392977441115
SmoothGauss,8,Lat-RvRS,16,-1.2820983696549452E-7,1.4266093863049842E-7,1.5667166294614754,351.8336035605003,2.8529350945089368E-8,7.299827725288482E-9,3.9082224976702333,0.5919792804202707
SmoothGauss,8,Lat-RvRSB,16,3.3195445628574826E-6,3.139561626676464E-7,4.313619177721947,387.999801381728,6.279597278638072E-8,3.194274557250516E-9,19.658915243789373,1.2935595502899253
SmoothGauss,8,Lat-RpvRS,16,7.617487669872521E-7,1.6783069515711436E-7,1.9301657697192547,180.7565014100145,3.3563362678703735E-8,1.1001743560905991E-8,3.0507312311813055,0.4844039480696662
SmoothGauss,8,Lat-RpvRSB,16,2.7947211640892898E-6,1.719284177936077E-7,16.19185164118801,727.8900702142708,3.439005545675068E-8,2.4196511268394044E-9,14.212815672179833,1.1526801236527529
SmoothGauss,8,Sob-LMS-RDS,16,-3.268661691398786E-8,8.344890503407331E-10,0.004723370890837046,2.93168058156795,1.668821887020651E-10,2.3861249701881154E-10,0.6993857856862734,-0.15528319853627806
SmoothGauss,16,Lat-RvRS,10,6.683873578452361E-6,8.151746736551624E-6,0.003250737411110144,3.8269467000283077,1.6302309865416067E-6,2.026159892442684E-6,0.8045914799824825,-0.09442457059173316
SmoothGauss,16,Lat-RvRSB,10,2.780531122470023E-5,1.3044470711614344E-5,0.0013333605786395352,4.970580278444389,2.609406388240939E-6,2.462968801617737E-6,1.0594557212933506,0.02508281059867217
SmoothGauss,16,Lat-RpvRS,10,1.5129097476486752E-5,1.0293274175938697E-5,0.044664908939879594,3.6154008317261113,2.0586778592946736E-6,2.704852564731099E-6,0.7611053874573513,-0.11855520390971937
SmoothGauss,16,Lat-RpvRSB,10,-5.0569242877659875E-5,9.6192704917128E-6,0.11650740677983792,5.304119138812557,1.9262189612579456E-6,1.698359179395485E-6,1.1341646600005808,0.0546761107635461
SmoothGauss,16,Sob-LMS-RDS,10,-3.668540091324591E-5,1.3668347754049078E-6,0.0794769335349937,2.9712342413221453,2.746854370256391E-7,3.951801867102108E-7,0.6950890916681215,-0.15795952700685553
SmoothGauss,16,Lat-RvRS,12,1.92597636439054E-5,2.0187960442415366E-6,0.1621225564466181,6.839943370243735,4.040897714230416E-7,3.984642852143468E-7,1.0141179182612783,0.006088456252481263
SmoothGauss,16,Lat-RvRSB,12,8.787012691167014E-7,3.3090561861977567E-6,0.2647852248938365,11.880316878197743,6.617458282317476E-7,3.0849840425170936E-7,2.1450542988605457,0.331438290179036
SmoothGauss,16,Lat-RpvRS,12,3.8390428884267595E-6,2.4497702065279586E-6,0.12504811903937912,5.136270936118605,4.899197841517603E-7,5.572512850455269E-7,0.8791721029620134,-0.055926100977964514
SmoothGauss,16,Lat-RpvRSB,12,1.1689146746663455E-5,2.488199561061994E-6,0.20199887579659906,12.165341910280713,4.977267843728426E-7,2.4934107315932924E-7,1.9961684533811026,0.3001971878967062
SmoothGauss,16,Sob-LMS-RDS,12,-6.217377409646075E-6,2.852166265531677E-7,0.011152371410094791,2.902957627949269,5.707627675995645E-8,8.252023749537909E-8,0.6916639904623707,-0.1601048340518016
SmoothGauss,16,Lat-RvRS,14,5.767812391346462E-6,4.893052507371367E-7,0.21613334575454082,17.40977717765895,9.788453170219435E-8,7.536562693028413E-8,1.2987954282227494,0.11354075123427883
SmoothGauss,16,Lat-RvRSB,14,-1.0623608442880966E-5,8.56201846604672E-7,0.28727904884647915,30.53410009969525,1.7133610634034997E-7,5.043388833194823E-8,3.3972416564957593,0.5311264407027688
SmoothGauss,16,Lat-RpvRS,14,1.1906807038102926E-7,5.783728601672277E-7,0.2573090507041651,10.706438212868218,1.1566301875344757E-7,1.0325524181426116E-7,1.120166073132693,0.049282414900845326
SmoothGauss,16,Lat-RpvRSB,14,5.620375723742856E-6,6.519605615746018E-7,0.2822583420664176,42.51481640057622,1.304106617269649E-7,4.6905136202997255E-8,2.7803066419543114,0.4440926972002853
SmoothGauss,16,Sob-LMS-RDS,14,-9.58751678639147E-7,5.248305235938906E-8,0.02313613884602086,2.907179202405726,1.0496480015611918E-8,1.510257915252562E-8,0.6950124154030062,-0.1580074372906685
SmoothGauss,16,Lat-RvRS,16,3.9747702645108085E-6,1.2423217197216677E-7,1.8520767327881256,75.19720828035395,2.4859748549649547E-8,1.3142408574938648E-8,1.8915671665431844,0.27682176700924194
SmoothGauss,16,Lat-RvRSB,16,-6.210355522665114E-7,2.2555009713823613E-7,0.05120615312297412,119.72469895674372,4.510589411086164E-8,8.902750726343319E-9,5.066512081192265,0.7047090825719458
SmoothGauss,16,Lat-RpvRS,16,5.73417186701498E-6,1.5760158714085496E-7,0.42381320483721274,35.23513178242957,3.155004612342864E-8,1.9284888099155024E-8,1.6359984025425076,0.21378287527215462
SmoothGauss,16,Lat-RpvRSB,16,-1.5034847696781513E-6,1.874746531907E-7,0.5367001266094427,132.5645488852098,3.749344161152884E-8,7.796188695265319E-9,4.80920140302644,0.6820729651360798
SmoothGauss,16,Sob-LMS-RDS,16,-2.6041732637148407E-7,1.3362195083361042E-8,0.017155895892494413,2.491456478695906,2.6722395899544156E-9,4.211262809679094E-9,0.634545909557719,-0.19753695111648337
SmoothGauss,32,Lat-RvRS,10,2.8245864275532576E-5,8.13952882254226E-6,0.02682165599618706,3.2294845833708377,1.6285408027806732E-6,2.278667204819121E-6,0.7146900606356625,-0.14588225769329397
SmoothGauss,32,Lat-RvRSB,10,-2.151011337236891E-5,1.3048757952378664E-5,0.026460816831554382,3.550537218039493,2.6099533002939776E-6,3.4490976192485306E-6,0.7567061267644315,-0.12107274969939112
SmoothGauss,32,Lat-RpvRS,10,1.980528035358194E-5,1.0012898455361074E-5,0.005700799412917113,3.2867842724776355,2.0027716822329913E-6,2.743869114381102E-6,0.7299078777978555,-0.13673194904211344
SmoothGauss,32,Lat-RpvRSB,10,5.670307189321283E-5,9.956821337024347E-6,0.061336173855534665,3.7532298422969137,1.9943803693402554E-6,2.578840924270721E-6,0.7733630836125547,-0.11161656275947503
SmoothGauss,32,Sob-LMS-RDS,10,-1.5904780405847725E-5,3.936103431678559E-6,0.010759124280014663,2.969245347258144,7.873949263068365E-7,1.1318042812369262E-6,0.6956988406567153,-0.15757872036925938
SmoothGauss,32,Lat-RvRS,12,-2.6953642469050312E-5,2.0403091065314987E-6,0.08026078111789485,3.7028910707266163,4.0874751396651847E-7,5.293091169380227E-7,0.7722283650262142,-0.11225425017620409
SmoothGauss,32,Lat-RvRSB,12,-1.0415062695747446E-5,3.423261437047733E-6,0.0736966626482929,4.718259066283682,6.846922957117621E-7,6.696746532485208E-7,1.0224252812770982,0.009631579647848084
SmoothGauss,32,Lat-RpvRS,12,1.4867835105423241E-5,2.5417526326538617E-6,0.02335590650417116,3.4956794013806496,5.085207439988412E-7,6.84182357876209E-7,0.7432532250281281,-0.1288631976845701
SmoothGauss,32,Lat-RpvRSB,12,-7.2888590442425215E-6,2.411179371270927E-6,0.013695768656284812,5.129562304038155,4.822407781329268E-7,4.2300297305054865E-7,1.1400411081160398,0.05692051160496152
SmoothGauss,32,Sob-LMS-RDS,12,-7.063394874794168E-6,1.2159983817585096E-6,0.0024684963704833945,2.4954582184843352,2.43225247931224E-7,3.773974185869809E-7,0.6444804228971336,-0.19079027048572086
SmoothGauss,32,Lat-RvRS,14,-1.9626811982006795E-6,4.875361329798674E-7,0.04587681374853474,5.873724607301553,9.750132799079965E-8,1.0442373954534178E-7,0.9337084499685404,-0.029788710853524757
SmoothGauss,32,Lat-RvRSB,14,4.987711627897127E-7,8.749084745503325E-7,0.09252803610315302,9.835863581266276,1.7496444551324832E-7,8.957241376085839E-8,1.95332958181043,0.29077552720256117
SmoothGauss,32,Lat-RpvRS,14,2.9877842743843047E-6,6.469565108169769E-7,0.010407985261479926,5.431356026100933,1.293872898880493E-7,1.4925331971146232E-7,0.8668972330945927,-0.062032383198815974
SmoothGauss,32,Lat-RpvRSB,14,7.4674381253645E-6,6.33971503710207E-7,0.015223833988689702,11.091184084927045,1.2683738394412333E-7,6.556536318864032E-8,1.9345181323741807,0.2865728047489902
SmoothGauss,32,Sob-LMS-RDS,14,-7.508647239151978E-7,8.158083240395554E-8,0.00727430993462234,2.9026834669104833,1.6315098661976652E-8,2.3741684460572617E-8,0.6871921277982966,-0.1629218242544373
SmoothGauss,32,Lat-RvRS,16,1.3717730889062002E-6,1.3232011683084502E-7,0.3929419068663778,15.48183799194524,2.6463258725239833E-8,1.963927972119254E-8,1.3474658491005458,0.1295177670052455
SmoothGauss,32,Lat-RvRSB,16,5.416013115972056E-6,2.0368946342081722E-7,0.853594892589514,29.83316153608659,4.076315209296741E-8,1.3649483484224932E-8,2.986424514896733,0.47515154195999654
SmoothGauss,32,Lat-RpvRS,16,3.6738701293435566E-6,1.511625351568973E-7,0.34735038077384583,10.308329518658041,3.024298110240361E-8,2.685540078265693E-8,1.1261414918795165,0.051592960037544884
SmoothGauss,32,Lat-RpvRSB,16,-2.2939919750307593E-6,1.552325481410794E-7,0.15572141754164684,33.66336714786962,3.104866737643456E-8,1.1608220791134736E-8,2.6747137166917607,0.4272773048938523
SmoothGauss,32,Sob-LMS-RDS,16,2.7334343515623306E-7,1.3892649683193657E-8,0.030628788767981995,2.9238295975124964,2.7783268002786106E-9,4.000872989727711E-9,0.6944301424744044,-0.15837143641135634
PieceLinGauss,2,Lat-RvRS,10,6.223118559608712E-5,2.806687928278E-5,4.441406257120716,142.92155643658307,5.61668723943104E-6,1.19606340897348E-6,4.695977819647166,0.6717260369559994
PieceLinGauss,2,Lat-RvRSB,10,-1.2169556954291778E-5,2.8754580962569504E-5,2.5441615827845907,196.06365155344395,5.750489199011113E-6,1.3945531685235468E-7,41.235352862876645,1.6152697152989195
PieceLinGauss,2,Lat-RpvRS,10,-1.0610035858064763E-4,3.599921738714678E-5,0.2758626688566433,89.70211013143951,7.210380779172556E-6,1.9079472443960466E-6,3.779130057369576,0.5773918382589045
PieceLinGauss,2,Lat-RpvRSB,10,1.2451868951735992E-5,4.0238253050784655E-5,1.4615285936961842,120.59879898776796,8.047000894136307E-6,2.2376080902903302E-7,35.962512510813305,1.5558500259828798
PieceLinGauss,2,Sob-LMS-RDS,10,-4.674543876811657E-6,1.393064498331193E-7,0.19017978522543752,3.4264168878010692,2.788035519808344E-8,3.682322380956834E-8,0.757140530179187,-0.12082350515370198
PieceLinGauss,2,Lat-RvRS,12,7.592279046040309E-6,8.937726087908461E-6,7.760850108841596,625.5609516496397,1.787424105761047E-6,1.0476869598328783E-7,17.060669592052264,1.2319960722258028
PieceLinGauss,2,Lat-RvRSB,12,-1.3139455745038444E-5,5.399418151603206E-6,2.5559478765894212,778.3100122759101,1.0799482872548847E-6,6.955385975573954E-9,155.26791626625266,2.1910817247045533
PieceLinGauss,2,Lat-RpvRS,12,-3.597005596974194E-5,6.3927348398614466E-6,4.745543221154437,224.61694760815453,1.2797129582019585E-6,1.8514400830260068E-7,6.911986890282653,0.8396029057608684
PieceLinGauss,2,Lat-RpvRSB,12,4.512870574957707E-5,1.0106029589977483E-5,3.607737321642534,413.08255408080237,2.023040397486329E-6,1.3033887842477788E-8,155.2138872097078,2.190930575612439
PieceLinGauss,2,Sob-LMS-RDS,12,7.519319755121451E-7,7.673971128303995E-9,0.23575294399542815,3.5612894678494427,1.5352061479340305E-9,2.014080003675788E-9,0.7622369246168023,-0.11791001676970041
PieceLinGauss,2,Lat-RvRS,14,7.19516541900312E-6,1.7127100365083548E-6,14.772147479532205,1482.3802097717737,3.425595235063476E-7,9.725220865472605E-9,35.223829694452974,1.5468365726633102
PieceLinGauss,2,Lat-RvRSB,14,-7.548735152757603E-6,1.2315230459900073E-6,8.970741293730045,1601.4699931811167,2.463369621394882E-7,3.2372321485408353E-10,760.9493259558886,2.881355736677944
PieceLinGauss,2,Lat-RpvRS,14,1.4013871092371503E-5,4.1872153570650725E-6,15.997986276814572,1228.4601988127306,8.375557156888668E-7,1.6977454791109658E-8,49.333408687823905,1.6931411240404526
PieceLinGauss,2,Lat-RpvRSB,14,-1.3540731027218403E-5,1.588171944874955E-6,23.003600510082894,1973.36846152962,3.1778597693284496E-7,6.35797691876571E-10,499.82247654107175,2.698815782039081
PieceLinGauss,2,Sob-LMS-RDS,14,-9.395919512281356E-8,4.011367804150575E-10,0.24085051858550316,3.486184491880746,8.022816167775132E-11,1.0605797979738615E-10,0.7564556842494994,-0.12121650934554458
PieceLinGauss,2,Lat-RvRS,16,-5.943184245608113E-6,3.746859023252532E-7,27.782372316326004,1806.2662070209976,7.496500818598138E-8,9.419583044838343E-10,79.584210712023,1.9008269134559923
PieceLinGauss,2,Lat-RvRSB,16,5.4943606814786645E-6,3.0677497797599894E-7,91.62022220087991,8879.741163202918,6.137904809493844E-8,1.7837665117783058E-11,3440.979953914893,3.5366821425629515
PieceLinGauss,2,Lat-RpvRS,16,-8.330968022148497E-6,3.171542686800319E-7,12.008711719636217,1125.0138253336845,6.349391567881886E-8,1.7612334498124068E-9,36.050823180528255,1.5569151858010626
PieceLinGauss,2,Lat-RpvRSB,16,-5.315213179172587E-6,1.6887387510248554E-7,33.82930206455968,2251.9691843143755,3.379964903413511E-8,5.1861274135161093E-11,651.7319444571746,2.8140690083386635
PieceLinGauss,2,Sob-LMS-RDS,16,7.144816043603217E-9,2.0500727046306537E-11,0.361865376992163,3.9237625080853316,4.099786443116678E-12,5.109707353566634E-12,0.8023524948556947,-0.0956347926406561
PieceLinGauss,4,Lat-RvRS,10,-7.264499172678829E-5,3.768255276436475E-5,0.03427191799901707,15.932794038402976,7.541034196640647E-6,5.419448150766481E-6,1.3914763988606675,0.14347584456765203
PieceLinGauss,4,Lat-RvRSB,10,-3.060554371336121E-5,4.9033203083454705E-5,1.1125151121518357,39.13643427865039,9.806596651935262E-6,1.7423943247754572E-6,5.628230368116609,0.7503718651582849
PieceLinGauss,4,Lat-RpvRS,10,1.14163701571267E-5,4.7323009475976584E-5,0.08228062933511192,10.558555069743907,9.463785768513364E-6,7.718251012090819E-6,1.226156774855874,0.08854600207627687
PieceLinGauss,4,Lat-RpvRSB,10,-3.987872222674144E-6,4.483913875073805E-5,0.6361144921150959,28.426797494298615,8.966946870497459E-6,3.316384992772198E-6,2.703831699287091,0.4319796553370217
PieceLinGauss,4,Sob-LMS-RDS,10,2.6295609297715126E-6,2.2842315829296315E-6,0.08028020555327635,2.962853805271819,4.568075465449511E-7,6.659982389489159E-7,0.6858990307029771,-0.16373981087623513
PieceLinGauss,4,Lat-RvRS,12,-6.17557737196314E-6,8.795989405438792E-6,0.12802267914948048,70.56422199083765,1.7590600990555266E-6,7.137084213742757E-7,2.4646761147477876,0.39175985634362137
PieceLinGauss,4,Lat-RvRSB,12,1.953251163264555E-5,1.1520912972175534E-5,0.7683829657639913,170.43422702378706,2.3043336951863426E-6,2.073473119560759E-7,11.113400378561401,1.045846960803946
PieceLinGauss,4,Lat-RpvRS,12,-6.890139806721041E-6,1.15990878888622E-5,1.0945004420794435,42.013406778263146,2.319633070041219E-6,1.1221034336917274E-6,2.0672185828801997,0.3153864003426867
PieceLinGauss,4,Lat-RpvRSB,12,2.084895774371981E-5,1.1242569645148453E-5,0.828346873986854,110.64565954975441,2.248723756675787E-6,3.796688904705537E-7,5.922854922057916,0.7725310949030832
PieceLinGauss,4,Sob-LMS-RDS,12,-6.383531604804705E-7,2.3789441103476748E-7,0.0327161606474379,3.286474704990798,4.75745318134903E-8,6.502147525555479E-8,0.7316741372985996,-0.13568229583036787
PieceLinGauss,4,Lat-RvRS,14,-8.842253749508682E-6,2.18455091614015E-6,0.4264029049657537,152.99594788920587,4.3694467766107795E-7,9.80310762831904E-8,4.4572057578847755,0.6490626828749095
PieceLinGauss,4,Lat-RvRSB,14,1.6570297328358527E-5,2.7373476019043337E-6,2.9301669410252233,713.6028894811149,5.476893481823788E-7,2.7011553523073686E-8,20.27611435656724,1.3069847319637764
PieceLinGauss,4,Lat-RpvRS,14,6.690161635015982E-6,2.906987488677224E-6,0.506643858407528,119.93223915469176,5.813841162483738E-7,1.5357730630714897E-7,3.7856121469250605,0.5781361164743744
PieceLinGauss,4,Lat-RpvRSB,14,2.0032664993903155E-5,4.493868264763751E-6,1.7691650372703411,379.3051249995502,8.990850832542129E-7,4.5505653456751356E-8,19.75765679551673,1.295735437158523
PieceLinGauss,4,Sob-LMS-RDS,14,-2.1969322431140355E-6,1.6445281187929578E-8,0.024074956555822327,2.917574289166499,3.2935538432429916E-9,4.9033438147916285E-9,0.6716954730581041,-0.17282757865159817
PieceLinGauss,4,Lat-RvRS,16,-7.810257284953752E-6,9.043912961466828E-7,16.77410540860348,1252.011833151597,1.809211715222708E-7,1.2044310362921177E-8,15.021297697479039,1.1767074532080646
PieceLinGauss,4,Lat-RvRSB,16,-2.348617280176966E-6,1.9158633872247928E-7,3.665541206986756,640.7893224743924,3.831895202085015E-8,2.907575398603029E-9,13.179005448753225,1.1198826375405615
PieceLinGauss,4,Lat-RpvRS,16,-2.1036060868225888E-6,8.076136891796992E-7,3.3961439477627753,484.66119925549384,1.6151101072072478E-7,1.9387739606039237E-8,8.330574579741851,0.9206749567735973
PieceLinGauss,4,Lat-RpvRSB,16,-4.224791947939436E-6,4.131563144623438E-7,0.6930301356699505,378.01583258237116,8.264084863318288E-8,4.690970783156237E-9,17.617003484634676,1.2459320402418468
PieceLinGauss,4,Sob-LMS-RDS,16,1.573954093235296E-6,2.05823079459905E-9,0.009391758836914536,3.183571846860319,4.1408232579153016E-10,5.73877729481218E-10,0.7215514812987396,-0.14173267739606799
PieceLinGauss,8,Lat-RvRS,10,9.87517401608823E-5,4.292034366639455E-5,0.03918096964633505,5.374738008280822,8.592962232590385E-6,9.589999566047806E-6,0.8960336414417258,-0.047675684513956505
PieceLinGauss,8,Lat-RvRSB,10,3.302244240948167E-5,5.3204685489091306E-5,0.21957553766382273,11.951703101512296,1.0640963485811167E-5,3.860553462827803E-6,2.756331077465977,0.44033138176999176
PieceLinGauss,8,Lat-RpvRS,10,4.157506127975404E-5,5.3129042098699403E-5,0.026402951270601518,4.209462221169004,1.0626474324618322E-5,1.2878603557420149E-5,0.8251262861877414,-0.0834795772716525
PieceLinGauss,8,Lat-RpvRSB,10,6.349380357208894E-5,5.043344955927445E-5,0.17158247332937693,8.44425921004302,1.0089712705955755E-5,7.730083607388849E-6,1.3052527266731553,0.11569460912494314
PieceLinGauss,8,Sob-LMS-RDS,10,-2.2679520309833974E-7,5.159326423974051E-6,0.07279301311777854,2.986489249366883,1.031762149702395E-6,1.4752137921163943E-6,0.6993983890444734,-0.15527537235548658
PieceLinGauss,8,Lat-RvRS,12,2.6894414847636505E-5,1.1374291522529137E-5,0.13975237317812636,13.32733591081019,2.2753541282253733E-6,1.896813213461948E-6,1.1995667850038516,0.07902443200475266
PieceLinGauss,8,Lat-RvRSB,12,-4.1408382681371116E-5,1.3433131430420327E-5,0.36193387078928874,41.18854397795211,2.6880722776117436E-6,4.80966076948242E-7,5.588902017098005,0.74732649576608
PieceLinGauss,8,Lat-RpvRS,12,3.3067615961324407E-5,1.3890595804573142E-5,0.05869982062291125,9.143963926773193,2.778934816223903E-6,2.5077530772597984E-6,1.1081373367350913,0.04459358791049877
PieceLinGauss,8,Lat-RpvRSB,12,-4.8890840855537204E-5,1.265623313678988E-5,0.23956611743889003,25.946710653668546,2.5333838170148013E-6,1.1033040659568784E-6,2.2961791723459632,0.361005773327487
PieceLinGauss,8,Sob-LMS-RDS,12,4.54725685121138E-6,7.516338528746125E-7,0.03912211482751071,3.1023331943299244,1.503324154427359E-7,2.1547037410328324E-7,0.6976941311229905,-0.15633493021222827
PieceLinGauss,8,Lat-RvRS,14,2.7550695482477797E-5,2.703248144353832E-6,0.12694402408098213,50.350190228227135,5.413546047294475E-7,3.243808680146699E-7,1.6688857392938634,0.2224266036098317
PieceLinGauss,8,Lat-RvRSB,14,-1.937499200802527E-5,3.0659844884303694E-6,1.8236850871262391,151.04054360263052,6.135109683116162E-7,8.265231967556743E-8,7.422791891622785,0.8705672846686999
PieceLinGauss,8,Lat-RpvRS,14,6.212399323578355E-6,3.714931308391359E-6,0.9717287673659339,32.27875216514783,7.429505569574597E-7,4.877170938660826E-7,1.523322775234651,0.1827919352802398
PieceLinGauss,8,Lat-RpvRSB,14,-2.9370296397765264E-5,3.5242380193270238E-6,1.0272026966037866,90.79657977638983,7.056397334155108E-7,1.7363509479743057E-7,4.063923449569556,0.6089455187289528
PieceLinGauss,8,Sob-LMS-RDS,14,-6.752947600846742E-6,1.4847255319055248E-7,0.02959505492768516,2.991101715054459,2.9737143488346462E-8,4.217832708979021E-8,0.7050337350991028,-0.15179010199177181
PieceLinGauss,8,Lat-RvRS,16,-1.2754829435626109E-5,6.419984428907439E-7,3.974221057689226,185.13827790254865,1.2854953428322288E-7,5.7480266856406883E-8,2.23641157763509,0.34955173188301253
PieceLinGauss,8,Lat-RvRSB,16,6.936770390426089E-6,5.483824922002228E-7,11.40354053184724,819.5526204095792,1.0971364957365006E-7,1.5280851648052982E-8,7.179812493476388,0.8561131024439911
PieceLinGauss,8,Lat-RpvRS,16,-9.597449575513166E-6,8.281690370195963E-7,0.14152268299325546,100.94619122268821,1.657093550615334E-7,8.272102061826721E-8,2.0032315102376765,0.301731142907491
PieceLinGauss,8,Lat-RpvRSB,16,-6.330713556832009E-6,5.507583120498468E-7,4.161116320320968,199.95935124703954,1.1018072517786703E-7,2.8217659382463393E-8,3.904672732931979,0.5915846396889011
PieceLinGauss,8,Sob-LMS-RDS,16,1.4918294442445695E-6,2.2129176378473246E-8,0.030550652116881957,3.0291814437837896,4.427618247257795E-9,6.2812197437181885E-9,0.7048978427614845,-0.1518738185259215
PieceLinGauss,16,Lat-RvRS,10,-1.003634220765009E-4,4.48189846061716E-5,0.0701459413099858,3.5438972067497323,8.972973358033103E-6,1.1894371986087929E-5,0.7543881567289308,-0.12240513828192492
PieceLinGauss,16,Lat-RvRSB,10,-4.85884312150144E-5,5.6123525364665364E-5,0.13360981474247965,5.30556792040514,1.1225943438073715E-5,9.928304385472945E-6,1.1307009739245577,0.05334776624716519
PieceLinGauss,16,Lat-RpvRS,10,1.3259989367624716E-4,5.6400575764885715E-5,0.13893330998513825,3.400139474228578,1.1296569873264797E-5,1.5311522482602765E-5,0.7377822738463904,-0.13207178345887494
PieceLinGauss,16,Lat-RpvRSB,10,-1.0104377411150007E-4,5.496758800161836E-5,0.05468999624302289,4.858229244813357,1.1002628092850336E-5,1.1478874387818553E-5,0.9585110631166404,-0.018402870138258857
PieceLinGauss,16,Sob-LMS-RDS,10,-2.9877557295659733E-6,9.376850214179618E-6,0.05223180249330534,2.99773167489249,1.8751914325159395E-6,2.655773524897297E-6,0.7060810776733895,-0.15114542704387854
PieceLinGauss,16,Lat-RvRS,12,2.474917256380729E-5,1.1240710436777777E-5,0.047554337750624766,5.301795260788711,2.248529794689413E-6,2.534490008841902E-6,0.8871724831603679,-0.05199193687348011
PieceLinGauss,16,Lat-RvRSB,12,9.040030056610915E-6,1.4655167812667274E-5,0.13668668659942407,12.224120282247936,2.930822181320626E-6,1.1244744432523156E-6,2.6063928788312998,0.41603988038965817
PieceLinGauss,16,Lat-RpvRS,12,2.2120466844409208E-5,1.4348789134006879E-5,0.01769731643671586,4.4751673059880686,2.86996016607211E-6,3.433674339411856E-6,0.835827711769456,-0.0778832339712327
PieceLinGauss,16,Lat-RpvRSB,12,-1.282755136076584E-5,1.3659322913108187E-5,0.007933599211950877,8.266135100996827,2.731755942237288E-6,2.0369810723715863E-6,1.341080670453555,0.12745490289192904
PieceLinGauss,16,Sob-LMS-RDS,12,-2.6495305698050637E-5,1.7176252494518197E-6,0.0043620070922023,2.9884649572289335,3.441926986094081E-7,4.97172556762234E-7,0.6923002766904802,-0.15970549481478832
PieceLinGauss,16,Lat-RvRS,14,2.2914862446311437E-5,2.628520428092167E-6,0.1428788687887188,9.748464417511716,5.26176606130805E-7,5.018210906145175E-7,1.0485342604601617,0.020582625441046113
PieceLinGauss,16,Lat-RvRSB,14,-3.554729961741007E-5,3.3421567093213956E-6,0.9617389634075968,37.74157935187114,6.696281092401826E-7,1.3266250284395257E-7,5.0476064817490185,0.7030854893686722
PieceLinGauss,16,Lat-RpvRS,14,-1.3219749751173086E-5,3.595957490518709E-6,0.13682021458159882,8.007209632802416,7.192943407374151E-7,7.461414214769999E-7,0.9640187771824267,-0.015914506815744828
PieceLinGauss,16,Lat-RpvRSB,14,-2.560259358130374E-5,3.3167009768430465E-6,0.10723487705049309,25.771005910786304,6.639293541471618E-7,3.383243700434925E-7,1.9624047598516534,0.29278858858948337
PieceLinGauss,16,Sob-LMS-RDS,14,3.2729832661771234E-6,3.7819834331108297E-7,0.01936879278132851,3.1405038341423572,7.564281711481106E-8,1.0312386241140114E-7,0.7335141968698039,-0.13459147614578482
PieceLinGauss,16,Lat-RvRS,16,1.8132764253719533E-5,6.651676125882726E-7,1.580664806856406,49.47676526454209,1.3334901630488373E-7,9.579213977197866E-8,1.3920663701876226,0.14365994182562375
PieceLinGauss,16,Lat-RvRSB,16,-8.908349272869948E-6,9.297027029722752E-7,1.930580855313218,144.68780392012934,1.8600130522716303E-7,2.1181946797494407E-8,8.781124181143017,0.9435501189145095
PieceLinGauss,16,Lat-RpvRS,16,1.6846642936730351E-6,7.844534773330358E-7,0.3334929011615895,14.595741550207208,1.5687784449084286E-7,1.447781108664251E-7,1.0835743300696967,0.03485870802490645
PieceLinGauss,16,Lat-RpvRSB,16,-1.7301585424143225E-6,8.702479053835716E-7,0.9497649949046997,98.88428088199244,1.7403516956718852E-7,5.031461538467466E-8,3.458938684845794,0.5389428635266059
PieceLinGauss,16,Sob-LMS-RDS,16,2.94149818365979E-6,6.347627891120076E-8,0.04348948054152369,2.953737106668142,1.2702638668226401E-8,1.8062716529186127E-8,0.703251841864495,-0.15288912171443003
PieceLinGauss,32,Lat-RvRS,10,1.302856011173364E-4,4.6438004766811306E-5,0.07482676849312378,3.095917782756704,9.30364653112543E-6,1.2866157220051336E-5,0.7231099676464476,-0.14079565193035437
PieceLinGauss,32,Lat-RvRSB,10,4.674935566985078E-6,5.7790441880934906E-5,0.14780796288809467,3.3955539591102073,1.1556954422371919E-5,1.5459477190333962E-5,0.7475643762130524,-0.1263514022941632
PieceLinGauss,32,Lat-RpvRS,10,3.989524515820142E-5,5.9376962073056877E-5,0.09674314664670751,3.2126853692740345,1.1875796505956147E-5,1.6120691132389066E-5,0.7366803574628236,-0.13272090983730275
PieceLinGauss,32,Lat-RpvRSB,10,5.903403823206742E-5,5.658221491515032E-5,0.08752102065747898,3.616463917107007,1.1318796356401747E-5,1.4780044252363391E-5,0.765816134453848,-0.11587548803996314
PieceLinGauss,32,Sob-LMS-RDS,10,-8.651217198165109E-5,2.2203548278147297E-5,0.026095361348384204,2.9556303561150816,4.44774994056488E-6,6.566419581860175E-6,0.6773478126271203,-0.169188267332905
PieceLinGauss,32,Lat-RvRS,12,3.562436179512858E-5,1.1484274752480314E-5,0.03524194749136025,3.7103685886401347,2.2978943601543234E-6,2.943582739270825E-6,0.7806454119660827,-0.10754618839600921
PieceLinGauss,32,Lat-RvRSB,12,-1.5872105368259416E-5,1.3974574675053313E-5,0.03084714606720747,4.945163965318039,2.7948873672459827E-6,2.3908537613145717E-6,1.1689913504827916,0.0678112977730532
PieceLinGauss,32,Lat-RpvRS,12,1.7582964691418937E-5,1.4791809685074646E-5,0.08661252695843862,3.577073266190987,2.958375261468568E-6,3.904260393266098E-6,0.7577300086262299,-0.1204855129053676
PieceLinGauss,32,Lat-RpvRSB,12,-1.2962933003327534E-5,1.4138399866420604E-5,0.11573352906792084,4.461994207463675,2.827565242918841E-6,3.0759001575564986E-6,0.9192643122607285,-0.036559599764816084
PieceLinGauss,32,Sob-LMS-RDS,12,-8.440913922017518E-6,6.7124288931626125E-6,0.036160514166960256,2.591788664311825,1.3424227790824983E-6,2.1651152284329063E-6,0.6200237111879415,-0.20759170172565464
PieceLinGauss,32,Lat-RvRS,14,-1.7686351332854363E-5,2.8882554915993118E-6,0.1505554357727123,5.371517455757114,5.779061402334996E-7,6.579269633010925E-7,0.8783743066766936,-0.05632037625433201
PieceLinGauss,32,Lat-RvRSB,14,1.691414306097529E-5,3.5434589193335495E-6,0.0872791095241488,11.2152195967237,7.089070029238104E-7,2.712413242231519E-7,2.613565631837825,0.4172334105700277
PieceLinGauss,32,Lat-RpvRS,14,8.83979200777762E-6,3.6483320049361572E-6,0.09000832075986814,4.37689389726539,7.296715762698736E-7,8.905432663292747E-7,0.8193555595310971,-0.08652759514711234
PieceLinGauss,32,Lat-RpvRSB,14,-3.7472015248159916E-5,3.5086945991612848E-6,0.04578520489919374,8.487740969078377,7.030728978670321E-7,5.068214898029592E-7,1.3872199818132633,0.14214533584777705
PieceLinGauss,32,Sob-LMS-RDS,14,-8.896506429117846E-7,5.876244748656187E-7,0.006910707284987867,2.88487023691452,1.1751393396189288E-7,1.7027309206837027E-7,0.6901497619759389,-0.16105665746225695
PieceLinGauss,32,Lat-RvRS,16,-6.232253522748598E-6,6.934267573324766E-7,0.24366258597841234,11.917981789735384,1.3871032391532046E-7,1.2800261236930828E-7,1.0836522891823388,0.034889952761519016
PieceLinGauss,32,Lat-RvRSB,16,-6.151708295692883E-6,9.430684324625871E-7,0.29757425245171537,33.072052754599724,1.8863266863882347E-7,3.346985073374916E-8,5.635898114377207,0.7509631333436847
PieceLinGauss,32,Lat-RpvRS,16,8.554139277549437E-6,8.733129543722062E-7,0.17430288636335767,7.987906647641842,1.7471829791413353E-7,1.8205398840716173E-7,0.9597059610876417,-0.017861807624667814
PieceLinGauss,32,Lat-RpvRSB,16,9.601409881558661E-6,8.640111250292484E-7,0.136037914531065,27.59353656301176,1.7287713185506279E-7,8.992814990960898E-8,1.9223917319418862,0.28384188993289283
PieceLinGauss,32,Sob-LMS-RDS,16,-6.848040274535891E-7,8.52188380875504E-8,0.028354887165971374,3.0665730826710518,1.7042532197304346E-8,2.4870309656949883E-8,0.6852561320056543,-0.16414706949250885
IndSumNormal,2,Lat-RvRS,10,1.6847653729295379E-4,8.362465708812975E-5,5.076563372110172,235.3720237141259,1.6751643268102413E-5,1.7833476506758529E-6,9.3933694093543,0.9728214020011644
IndSumNormal,2,Lat-RvRSB,10,-7.712893145702913E-5,7.558009066287466E-5,3.1885134692637926,159.26200548564344,1.5120455402829378E-5,3.435049247887405E-6,4.401816192920272,0.6436319037177615
IndSumNormal,2,Lat-RpvRS,10,-4.441539313874694E-5,5.99921710882396E-5,0.9467066219197812,123.40566313059202,1.1999207101373824E-5,2.8100580169180784E-6,4.2700923002771,0.6304372626287206
IndSumNormal,2,Lat-RpvRSB,10,-4.174402588373515E-5,7.8581772469192E-5,1.0234350167179138,90.69328595096283,1.5716525422086E-5,5.619957107310634E-6,2.7965561163520984,0.44662353840681734
IndSumNormal,2,Sob-LMS-RDS,10,5.781224792948625E-6,5.576913425213971E-6,0.050525737779559286,3.0062590056597,1.1153045693343966E-6,1.6492857709494154E-6,0.6762348823832809,-0.1699024306778441
IndSumNormal,2,Lat-RvRS,12,2.7827123230444308E-5,1.8887414038926412E-5,21.832268667829865,1386.651172635645,3.7778794082917856E-6,2.070056323707385E-7,18.2501285835825,1.2612659286798151
IndSumNormal,2,Lat-RvRSB,12,8.603024823044679E-5,2.9452870799751506E-5,4.269669296839384,405.3511775505647,5.897386306144899E-6,4.6671246921619996E-7,12.636016166546844,1.101610172870781
IndSumNormal,2,Lat-RpvRS,12,2.0987445947821867E-5,1.7080305409609365E-5,13.438957173538636,517.6399951560712,3.4161599487010934E-6,3.176457951925738E-7,10.754620399209236,1.0315950859054257
IndSumNormal,2,Lat-RpvRSB,12,-1.4121750208283387E-5,1.6737557466903327E-5,3.9638567913066396,390.2444617868439,3.347376166060273E-6,7.377899194291158E-7,4.537031582988274,0.6567718024685268
IndSumNormal,2,Sob-LMS-RDS,12,-2.617212707052443E-6,6.49599576427978E-7,0.021471378532915412,3.005675694511363,1.2991377309642102E-7,1.885286985104906E-7,0.6890928231236477,-0.16172227322277793
IndSumNormal,2,Lat-RvRS,14,-7.7136482539255E-6,1.1614343051788695E-6,11.820445921618038,795.2412384070594,2.3232313271905562E-7,2.397514606848949E-8,9.690165476171913,0.9863311934361866
IndSumNormal,2,Lat-RvRSB,14,-1.65942634883026E-5,5.69038058948082E-6,9.718990446678001,1330.6104776154918,1.1382376798650938E-6,5.998927239404619E-8,18.974020427993413,1.2781593638192412
IndSumNormal,2,Lat-RpvRS,14,2.76123158812692E-6,3.1117512037716196E-6,4.071041318639241,1128.5629585092584,6.222956301301317E-7,3.875933262690478E-8,16.055375259432754,1.2056204607088958
IndSumNormal,2,Lat-RpvRSB,14,2.6337510736037462E-5,4.404168774756198E-6,18.01722458004174,628.8052530149331,8.814393360475154E-7,9.966197756696181E-8,8.844289041478088,0.9466629273788308
IndSumNormal,2,Sob-LMS-RDS,14,-1.1218513789256205E-6,8.18041765099108E-8,0.02160716826326509,2.930167543301697,1.636045776896836E-8,2.3253345954425674E-8,0.7035743501616193,-0.15269000177046455
IndSumNormal,2,Lat-RvRS,16,-1.1783167296894349E-5,1.1344556516833272E-6,49.764801252396026,3288.6802705633154,2.2700728425517835E-7,3.062354090444986E-9,74.12835927872477,1.8699843877639677
IndSumNormal,2,Lat-RvRSB,16,3.501561707011206E-6,3.021466608538082E-7,25.594435421294907,1286.3480860613033,6.043555017193257E-8,7.748707069884125E-9,7.79943668367842,0.8920632367924552
IndSumNormal,2,Lat-RpvRS,16,5.6204727260750465E-6,2.2039100486716457E-6,22.56929425671408,2745.4666016152005,4.407695212470203E-7,4.609628085593351E-9,95.61932395903573,1.980545668852573
IndSumNormal,2,Lat-RpvRSB,16,1.6300103154012482E-5,1.605592832406371E-6,52.75890359806256,3431.9876489855587,3.2135214798745757E-7,1.270649234952213E-8,25.290390073665222,1.402955527862945
IndSumNormal,2,Sob-LMS-RDS,16,-5.29810363300652E-7,1.0165001692944972E-8,0.030505637959042264,3.134748827286066,2.0330777375761966E-9,2.8261425918589847E-9,0.7193825758943307,-0.14304008540072383
IndSumNormal,4,Lat-RvRS,10,-3.201174395704614E-5,6.603856335187957E-5,0.040786716249091345,27.133147591240913,1.3207416650860048E-5,8.639839162299646E-6,1.52866464325994,0.18431222082365298
IndSumNormal,4,Lat-RvRSB,10,1.3019528729293228E-4,9.470277463499237E-5,0.5975782781690677,21.13514408656082,1.8955611684339065E-5,1.2578401376675452E-5,1.5069968843170394,0.17811235442125695
IndSumNormal,4,Lat-RpvRS,10,1.0775761027960339E-4,8.882817700704734E-5,0.06280987952989198,15.916749132252027,1.7775470540442498E-5,1.2839875383500571E-5,1.3843958768699764,0.141260297169848
IndSumNormal,4,Lat-RpvRSB,10,8.573398304593123E-5,8.76058845809502E-5,0.3353667263391052,15.467505132117806,1.752677511434734E-5,1.611388981092044E-5,1.0876812067108328,0.0365016247244253
IndSumNormal,4,Sob-LMS-RDS,10,2.5507787292954813E-5,2.970828659976283E-5,0.014355974200629786,2.9416603424293473,5.941713801433153E-6,8.565119468439812E-6,0.693710557491555,-0.15882169597843357
IndSumNormal,4,Lat-RvRS,12,5.175290448045047E-5,1.89286335568056E-5,2.40165827343235,154.52536116070112,3.788026501812147E-6,1.4774869114281882E-6,2.56383083498893,0.40888936645733925
IndSumNormal,4,Lat-RvRSB,12,2.228513104295673E-5,2.4958553747220384E-5,0.8709108129490596,74.07501661472102,4.991708205434734E-6,2.1768571116089636E-6,2.2930803215399154,0.3604192673730332
IndSumNormal,4,Lat-RpvRS,12,5.794070111948027E-6,1.995267795577663E-5,0.40005961948197905,37.39639733258844,3.990170108844672E-6,2.136095415499224E-6,1.8679737243442072,0.27137076297941864
IndSumNormal,4,Lat-RpvRSB,12,2.574197558399595E-5,2.1339342927964088E-5,0.0801039805727884,50.009732994839105,4.268104448041225E-6,3.167320354082917E-6,1.347544286936215,0.1295430471470585
IndSumNormal,4,Sob-LMS-RDS,12,1.176267010544788E-5,4.949642664933869E-6,0.03367853356124365,3.084435202014808,9.89967900541485E-7,1.3992631986077646E-6,0.7074922727378814,-0.15027829916144592
IndSumNormal,4,Lat-RvRS,14,-1.3493677550801849E-5,4.563222354305351E-6,10.005258634395457,460.58866944320977,9.127352857478292E-7,2.0767191224979976E-7,4.3950829741960415,0.6429670784758491
IndSumNormal,4,Lat-RvRSB,14,-7.811304503926699E-6,6.003001368608239E-6,6.651554815840304,364.7038418052641,1.200541230172329E-6,4.1834712631327994E-7,2.869725055248262,0.45784028951850725
IndSumNormal,4,Lat-RpvRS,14,-2.2456385246529376E-5,6.951682130089234E-6,1.1817746803485005,457.5293150171225,1.3907016816135855E-6,3.4138993882010466E-7,4.073645774155095,0.6099832620185539
IndSumNormal,4,Lat-RpvRSB,14,9.711411892080594E-7,5.212720237336575E-6,0.4144177894532936,227.57186075400543,1.0424407361777777E-6,5.931089502194118E-7,1.7575872624956046,0.2449168965251547
IndSumNormal,4,Sob-LMS-RDS,14,5.45163494920014E-6,8.588591434977294E-7,0.00290789322083782,3.1735407430936515,1.7178437184029527E-7,2.3797443324352864E-7,0.7218606196427056,-0.14154665002537548
IndSumNormal,4,Lat-RvRS,16,1.2412694519511554E-5,1.5793849311356298E-6,31.856374352662865,1642.4852106541543,3.15999473513738E-7,3.481300023180483E-8,9.077053727332695,0.9579449060540925
IndSumNormal,4,Lat-RvRSB,16,-3.92481261739717E-7,1.3875207655669949E-6,1.7901369635710715,1042.7997828405628,2.7747655673962845E-7,7.302524519744117E-8,3.7997346806491974,0.5797532727344946
IndSumNormal,4,Lat-RpvRS,16,2.6152112198198902E-5,4.221470489932706E-6,27.995543194015927,2083.5390324251393,8.448936015491698E-7,5.342664423358405E-8,15.814087028473121,1.1990441244881456
IndSumNormal,4,Lat-RpvRSB,16,-3.467074847797582E-5,1.292023439403098E-6,14.822733468858425,795.1580296914979,2.595809082118546E-7,1.0851727406689071E-7,2.392069930284531,0.37877387175983435
IndSumNormal,4,Sob-LMS-RDS,16,3.6556754765433432E-6,1.549492655584613E-7,0.004702039488190468,2.992614200799794,3.1000118089570886E-8,4.4163906481966585E-8,0.7019333333256907,-0.15370413337397165
IndSumNormal,8,Lat-RvRS,10,-2.7519556457049478E-5,7.533783789145487E-5,0.08439883021863387,6.150460070883811,1.5066818147520737E-5,1.8018276168291648E-5,0.8361964267167327,-0.07769169263411045
IndSumNormal,8,Lat-RvRSB,10,-6.130861895704789E-5,9.747072268109373E-5,0.03350055072713225,6.415095747234437,1.9495953868523544E-5,1.850469853007647E-5,1.0535677647942194,0.022662474381443393
IndSumNormal,8,Lat-RpvRS,10,8.951524485772879E-5,9.536482500084583E-5,0.11506024143291751,4.3758774318606095,1.9079070682731086E-5,2.446911863628881E-5,0.7797203882299202,-0.10806110964236863
IndSumNormal,8,Lat-RpvRSB,10,2.4926805951539412E-5,9.674358441720971E-5,0.13558268976612164,5.27438053847469,1.9347403357408546E-5,2.086261994365056E-5,0.92737170162067,-0.0327461605617343
IndSumNormal,8,Sob-LMS-RDS,10,-9.648462707047366E-6,4.144892370668651E-5,0.03592931612895176,2.986731769615403,8.289048855695778E-6,1.2174707288363405E-5,0.6808417368373577,-0.1669538290654127
IndSumNormal,8,Lat-RvRS,12,1.803708416794931E-5,1.9119415963717827E-5,0.28769565908554057,15.944318852391799,3.823826140829573E-6,3.857562827919681E-6,0.991254403727158,-0.00381487028200054
IndSumNormal,8,Lat-RvRSB,12,-4.294924395706057E-5,2.3473787694016086E-5,0.6630568471750214,14.972132392457265,4.69613270060582E-6,3.864152180546303E-6,1.2153073898714553,0.08468613870851471
IndSumNormal,8,Lat-RpvRS,12,8.387058101001807E-5,2.3784938499239312E-5,0.020422419879047266,6.299917523509844,4.763546275436836E-6,5.479617764644553E-6,0.8693209052230002,-0.060819876438522116
IndSumNormal,8,Lat-RpvRSB,12,8.12905573813823E-5,2.4374739948688162E-5,0.14753741485606078,12.443584360318146,4.881068649658034E-6,4.561452001755696E-6,1.070069058663627,0.02941180649711159
IndSumNormal,8,Sob-LMS-RDS,12,-5.593752520705767E-5,8.461768427590482E-6,0.02154001833441688,2.983947767519376,1.695313456875835E-6,2.39716893626786E-6,0.707214844655571,-0.1504486319255008
IndSumNormal,8,Lat-RvRS,14,-1.2645288878925614E-5,4.7000962011393126E-6,0.9012296024740329,25.260580242957566,9.400851416346713E-7,8.005340390411064E-7,1.1743225094597123,0.06978738553488402
IndSumNormal,8,Lat-RvRSB,14,-1.6496607238298855E-5,6.495262969761002E-6,1.302937293024947,51.78561121670113,1.29919482674318E-6,8.381663193684271E-7,1.5500441818303388,0.19034407730038921
IndSumNormal,8,Lat-RpvRS,14,1.8764566071344213E-5,6.0950748195118575E-6,0.05504642117230857,19.55540853953014,1.2192451713458272E-6,1.2095745119343288E-6,1.0079950919237157,0.003458417470978283
IndSumNormal,8,Lat-RpvRSB,14,1.6154166290985706E-5,5.5907501736039805E-6,1.8475572641345581,37.56854788809285,1.1182991768058808E-6,1.0816937255975008E-6,1.033840864878975,0.014453694634424231
IndSumNormal,8,Sob-LMS-RDS,14,4.7253165898237466E-6,1.8676292590095783E-6,0.028637668680957278,2.898079900127684,3.7351082783360954E-7,5.542613416877719E-7,0.6738893726490792,-0.17141139247271786
IndSumNormal,8,Lat-RvRS,16,5.448583191385878E-6,1.254210698081432E-6,7.926681463312606,388.2966358663806,2.5084674246111826E-7,1.5538204908449133E-7,1.614386886639116,0.20800762121481187
IndSumNormal,8,Lat-RvRSB,16,1.1816075867168786E-5,1.5591324391480536E-6,1.1997100166454482,189.40616946763427,3.1193492482972646E-7,1.6952008442503395E-7,1.8401060021160616,0.26484284192695995
IndSumNormal,8,Lat-RpvRS,16,-1.8742563660119072E-5,1.441173883523034E-6,0.10607031459632803,26.524637741351494,2.8855723691948996E-7,2.1885697694520786E-7,1.31847401415826,0.12007157469154055
IndSumNormal,8,Lat-RpvRSB,16,-1.2751892881782088E-5,1.53669209713248E-6,4.037641371189994,185.99974775903357,3.074702963566218E-7,2.3091644946089349E-7,1.3315218429629152,0.1243482952214138
IndSumNormal,8,Sob-LMS-RDS,16,4.188207214825895E-6,3.936305819096945E-7,0.01762280594101948,2.9295688726020566,7.873578484997502E-8,1.1292298625551822E-7,0.6972520605487214,-0.15661019361463097
IndSumNormal,16,Lat-RvRS,10,7.589841229294764E-5,7.561557042812112E-5,0.008508728843400449,3.2637646034084855,1.5127362343204251E-5,2.1281389160016558E-5,0.7108258877961556,-0.14823676386858378
IndSumNormal,16,Lat-RvRSB,10,1.9257787292960692E-5,1.0198459107347188E-4,0.011634467335777065,3.790822773041502,2.039524938524433E-5,2.50487232666796E-5,0.8142231110187788,-0.08925657470842498
IndSumNormal,16,Lat-RpvRS,10,3.1120885431044904E-5,9.920817851930568E-5,0.007097310589451713,3.163854373120053,1.9840620049800763E-5,2.6872819682211035E-5,0.7383155278987947,-0.1317579976078118
IndSumNormal,16,Lat-RpvRSB,10,7.866016989899758E-5,9.928896690112414E-5,0.021186108684556795,3.6090871329236958,1.9861995023215344E-5,2.5576992588481325E-5,0.776557093430924,-0.10982660889809083
IndSumNormal,16,Sob-LMS-RDS,10,2.0431638104294789E-4,4.7537929413974096E-5,0.030934251057134175,2.9570484301005435,9.548380307769027E-6,1.407712960279398E-5,0.6782902890852051,-0.1685844005774653
IndSumNormal,16,Lat-RvRS,12,-4.39746345820515E-5,1.913179055322756E-5,0.1312577714870121,3.8982807150389256,3.827909243321073E-6,4.928437354097655E-6,0.7766983667020604,-0.10974760811059789
IndSumNormal,16,Lat-RvRSB,12,-6.931643145705173E-5,2.608530163013861E-5,0.14712776276946726,6.284862375961554,5.221343387665059E-6,4.987951064766803E-6,1.0467912214590196,0.019860071927441308
IndSumNormal,16,Lat-RpvRS,12,-2.042488745807205E-5,2.5007656735482355E-5,0.06708901752292323,3.6357593824511087,5.001448369989436E-6,6.517479787465755E-6,0.7673899318580304,-0.11498390303603982
IndSumNormal,16,Lat-RpvRSB,12,4.0266910968564794E-5,2.361292327684809E-5,0.09545033276628867,5.173362298645054,4.723733821023032E-6,5.062009883826254E-6,0.9331735673049443,-0.030037571352980512
IndSumNormal,16,Sob-LMS-RDS,12,6.684545105451873E-6,1.134241586483072E-5,0.011717887305903646,3.0380890732391834,2.268301007792114E-6,3.2083007637157434E-6,0.707010088781404,-0.1505743889317689
IndSumNormal,16,Lat-RvRS,14,1.3105443542948168E-5,4.831287663916909E-6,0.14157944531657804,6.463947007738184,9.66332659680561E-7,1.1197751551511838E-6,0.8629702625882014,-0.06400416954129734
IndSumNormal,16,Lat-RvRSB,14,1.612668377732265E-5,6.156152871848393E-6,0.13116695687864882,13.886442726997483,1.2313675212418952E-6,1.02973257385187E-6,1.1958129251323761,0.07766324324982159
IndSumNormal,16,Lat-RpvRS,14,-1.1572886611835104E-5,6.053558243198767E-6,0.08179903461602908,5.779516976097368,1.2107245091794198E-6,1.434523932102444E-6,0.8439904571023623,-0.07366246386156722
IndSumNormal,16,Lat-RpvRSB,14,-1.8288469490401286E-5,6.120326876851888E-6,0.5030156918837747,13.705534618245041,1.2242774369491419E-6,1.2031361952002342E-6,1.0175717776867226,0.007565053330977589
IndSumNormal,16,Sob-LMS-RDS,14,1.2244847839823003E-5,2.581508338253178E-6,0.023716446820648284,2.9968606233955692,5.163999737824909E-7,7.348874427108181E-7,0.7026926081055611,-0.15323461494983193
IndSumNormal,16,Lat-RvRS,16,-4.750391417988533E-6,1.264127279206229E-6,0.35824966932634406,18.23572526218588,2.5282273951428573E-7,2.542543307336833E-7,0.9943694519764265,-0.002452226122097711
IndSumNormal,16,Lat-RvRSB,16,-1.8258997375016378E-5,1.575301784126644E-6,1.118944594482934,47.956759798187676,3.1536224177478714E-7,2.262541437972943E-7,1.3938407336191225,0.1442131521967348
IndSumNormal,16,Lat-RpvRS,16,-7.216879056927952E-6,1.4295112368954618E-6,0.2003334622662623,7.116121171717302,2.859257404976768E-7,3.4015552842606925E-7,0.8405735512242924,-0.07542427925807896
IndSumNormal,16,Lat-RpvRSB,16,-1.77120067101137E-5,1.4135123902540791E-6,0.6189930927989803,29.961983171496826,2.829879229847099E-7,2.8705841061237595E-7,0.9858200022114574,-0.006202374290512081
IndSumNormal,16,Sob-LMS-RDS,16,-3.4045662226729127E-6,7.082401423400503E-7,0.021460234650970324,3.028994931606587,1.416454547363278E-7,1.996722488640531E-7,0.7093897902295233,-0.14911506632768967
IndSumNormal,32,Lat-RvRS,10,6.232419354295374E-5,7.606588158205479E-5,0.018822233146634657,3.0227611826990386,1.5215539303880097E-5,2.1576813876401465E-5,0.7051800785342693,-0.15169996509767916
IndSumNormal,32,Lat-RvRSB,10,1.1261716229293191E-4,1.0429935998017262E-4,0.030680170453417234,3.140872988845392,2.0870468634077835E-5,2.9317261131529537E-5,0.7118833011188922,-0.14759119433224624
IndSumNormal,32,Lat-RpvRS,10,1.015666888889161E-4,9.772435888117895E-5,0.03622392824721587,3.1864446232680446,1.9553233081350025E-5,2.6919443010873256E-5,0.7263609827830433,-0.13884749242904632
IndSumNormal,32,Lat-RpvRSB,10,4.272324327665665E-5,1.0060157600851978E-4,0.032175750319900644,3.2730589641349956,2.012012844569986E-5,2.6636591068347933E-5,0.7553567344286958,-0.12184789445818058
IndSumNormal,32,Sob-LMS-RDS,10,1.0363278729293466E-4,5.9755412100887485E-5,0.00889815254546283,2.9891972291471425,1.1960627066537581E-5,1.7136252621771978E-5,0.6979721489015251,-0.15616190663142854
IndSumNormal,32,Lat-RvRS,12,-6.487307208204898E-5,1.956129002325511E-5,0.003473265823897717,3.2497867255330157,3.916075294331919E-6,5.321356983305581E-6,0.735916666861032,-0.13317136116715705
IndSumNormal,32,Lat-RvRSB,12,6.815915448044452E-5,2.5918376243690325E-5,0.02747754499804269,3.7282502949618372,5.18780255155268E-6,6.552191178889284E-6,0.7917660535100728,-0.10140312229749766
IndSumNormal,32,Lat-RpvRS,12,-1.674441908836594E-5,2.5379766449372057E-5,0.05928979617018996,3.310284778551481,5.075726070116031E-6,6.823200312171955E-6,0.7438922848361066,-0.12848994548637704
IndSumNormal,32,Lat-RpvRSB,12,5.0213710294211945E-5,2.5128688655635186E-5,0.03931537665161815,3.556721772096758,5.0277565740554355E-6,6.607465062206517E-6,0.760920644562054,-0.11866063288229224
IndSumNormal,32,Sob-LMS-RDS,12,-3.9599861445443024E-6,1.5546535746385165E-5,0.031927401314573604,2.931250210574397,3.10901190005237E-6,4.703453938292354E-6,0.6610061331186619,-0.1797945109118867
IndSumNormal,32,Lat-RvRS,14,-4.04529060664205E-5,4.814864963431651E-6,0.02616820806074587,3.9452243218421152,9.645131329962802E-7,1.2181113676058455E-6,0.7918103045799469,-0.10137885066023623
IndSumNormal,32,Lat-RvRSB,14,-3.03088630976741E-5,6.53699365585033E-6,0.16757196879214728,5.955286885787888,1.3081866184792226E-6,1.3092994293197544E-6,0.9991500715454296,-3.6927618924212857E-4
IndSumNormal,32,Lat-RpvRS,14,-2.537483225450142E-5,6.288590919896269E-6,0.0011524091574156182,3.425871549878626,1.2582362942728E-6,1.6763275644592075E-6,0.7505909471092626,-0.12459667792480442
IndSumNormal,32,Lat-RpvRSB,14,5.590109965241657E-6,6.365298153458965E-6,0.05844931715611672,5.13520935804699,1.2729635740581475E-6,1.3828606838389661E-6,0.9205291530338886,-0.03596245289461035
IndSumNormal,32,Sob-LMS-RDS,14,1.085324627732711E-5,2.898534747584408E-6,0.004462096300940271,2.9637866534202444,5.797667717766863E-7,8.330982603156027E-7,0.6959164355439336,-0.15744290659774432
IndSumNormal,32,Lat-RvRS,16,-1.250025207048906E-6,1.1537674716477703E-6,0.1127726578826561,5.681431009733567,2.3073198154313938E-7,2.7910237125397047E-7,0.8266930177142199,-0.08265573042713474
IndSumNormal,32,Lat-RvRSB,16,-1.2053247863300253E-5,1.5931742075997946E-6,0.1734482406179222,12.210057063817795,3.1874825881986103E-7,2.7365969418717404E-7,1.164761437619118,0.0662369837869083
IndSumNormal,32,Lat-RpvRS,16,-4.95425368871707E-6,1.5755348019658074E-6,0.08876427304923905,5.444221525196624,3.1509999432673437E-7,3.806616441968358E-7,0.8277692253223173,-0.08209072376896612
IndSumNormal,32,Lat-RpvRSB,16,-8.47456889994862E-6,1.607161789831436E-6,0.10806055091584049,10.393210980589823,3.2147203304853054E-7,3.0976808537344596E-7,1.0377829357758876,0.016106525330484678
IndSumNormal,32,Sob-LMS-RDS,16,1.932958191384962E-6,6.698135817383422E-7,1.0571558871831985E-4,2.9696811552016817,1.3395305640340328E-7,1.9217963552813027E-7,0.6970200356311734,-0.15675473805837534
