model,s,method,k,mean,variance,abs-skewness,kurtosis,MSEAr,MSEMr,MSEratio,log-ratio
SmoothPerB4,2,Lat-RvRS,10,-1.2303199973063425E-4,6.132845216954487E-5,9.190940330708335,478.0008608400586,5.589893175169346E-6,1.0137088158476385E-17,5.514298670171093E11,11.741490285036784
SmoothPerB4,2,Lat-RvRSB,10,1.2925502507030395E-4,2.2632860867310292E-4,1.267252055227224,149.87646073843447,2.058997738989098E-5,3.158827521363718E-15,6.518234139292907E9,9.814129956555112
SmoothPerB4,2,Lat-RpvRS,10,6.803600383831982E-5,1.0760539089485335E-4,3.020029521182755,335.3718188383223,9.785958930160458E-6,1.8220880008961763E-16,5.370738913459355E10,10.730034040627237
SmoothPerB4,2,Lat-RpvRSB,10,2.420168720958125E-4,7.83467285501338E-5,10.852161837504944,443.8584918619452,7.180289791586202E-6,3.56404983107663E-16,2.014643490384975E10,10.304198204890502
SmoothPerB4,2,Sob-LMS-RDS,10,-1.2292965214421097E-7,2.348250544469408E-8,0.2502189465138272,29.240289587590624,2.1345748566220687E-9,7.37378616507435E-11,28.948152398728336,1.4616208503210377
SmoothPerB4,2,Lat-RvRS,12,-1.051246387794445E-5,1.5252659040550066E-5,11.081278365194947,2709.494195027999,1.3865772186827862E-6,2.976855364112025E-21,4.6578588781937425E14,14.668186326330442
SmoothPerB4,2,Lat-RvRSB,12,-5.025084833319497E-5,4.086206460307731E-5,5.122356309428647,880.1846763755333,3.7168868201779332E-6,2.971910434660564E-19,1.2506725562213844E13,13.097143620132695
SmoothPerB4,2,Lat-RpvRS,12,-3.9604083117832504E-5,1.6352778885028155E-5,8.797388060668853,2037.7699304978466,1.4880360840486637E-6,3.503185593836895E-20,4.24766557234805E13,13.628150316500621
SmoothPerB4,2,Lat-RpvRSB,12,-1.216467783665453E-5,4.318983172726744E-6,72.60850548552085,7281.490853280275,3.927435497877306E-7,3.3258557288171023E-20,1.1808796947648014E13,13.072205654970714
SmoothPerB4,2,Sob-LMS-RDS,12,1.3290997322671054E-7,5.570653908696727E-10,1.3104886236233855,80.309687799516,5.065490909103638E-11,2.384703407053385E-13,212.41597148396409,2.3271871680901133
SmoothPerB4,2,Lat-RvRS,14,-2.0784735345716518E-5,4.512559578405762E-6,99.93564670039875,9991.44925657699,4.106236709004752E-7,4.84669272550911E-25,8.472244768876742E17,17.927998494341747
SmoothPerB4,2,Lat-RvRSB,14,4.122792961055868E-5,8.62769498737771E-6,70.6662583558337,4996.814942158636,7.85957216532607E-7,2.6125000263299937E-23,3.008448645402349E16,16.47834260242939
SmoothPerB4,2,Lat-RpvRS,14,-7.693253786459224E-6,7.921706858203505E-6,5.071430837235342,4188.031102193365,7.201423395645214E-7,2.289652875170952E-24,3.145203132639717E17,17.497648699554148
SmoothPerB4,2,Lat-RpvRSB,14,3.8693378647598954E-7,3.1692319679306424E-8,20.34253615181002,4476.149020137138,2.8809815766040705E-9,1.108629954966109E-23,2.5986863909807872E14,14.41475387208108
SmoothPerB4,2,Sob-LMS-RDS,14,2.8441973762755623E-8,7.492877600389675E-12,4.0243505819022936,264.6391805126996,6.819115197469427E-13,3.5065951376691702E-16,1944.654267102556,3.2888424009131
SmoothPerB4,2,Lat-RvRS,16,1.867496569425122E-5,3.5754357232557538E-6,99.94629340509691,9992.865770705952,3.2535586158762944E-7,4.22777699540713E-30,7.695672263250442E22,22.886246564059302
SmoothPerB4,2,Lat-RvRSB,16,4.76312420495097E-7,1.198399270515353E-9,44.69199783168086,3832.280596673016,1.0916136721176349E-10,4.7008772634882186E-26,2.3221488478250945E15,15.365890054212732
SmoothPerB4,2,Lat-RpvRS,16,3.2468913116906534E-7,7.163936958487487E-10,96.75013699251028,9539.617357489784,6.522560998455057E-11,1.1414136192342623E-28,5.7144587102708954E17,17.756975099074996
SmoothPerB4,2,Lat-RpvRSB,16,-6.67818021346861E-8,1.923305982872783E-11,63.764383676419506,4456.337025198931,1.7527449475277162E-12,1.261240649584992E-28,1.3896990618756638E16,16.14292076434273
SmoothPerB4,2,Sob-LMS-RDS,16,5.060500003917002E-9,1.8243752928097634E-13,10.356460926209998,770.2365542616266,1.6609180071930392E-14,2.60525298468604E-19,63752.65730261497,4.804498291503025
SmoothPerB4,4,Lat-RvRS,10,1.6021839555093196E-4,1.9287732350378354E-4,0.23610682923530255,124.63463503818295,1.755821864076684E-5,7.596649433218643E-11,231131.09003014184,5.363858367462591
SmoothPerB4,4,Lat-RvRSB,10,3.4214086824868416E-4,3.321579729433559E-4,1.8277448050089606,73.42066176283821,3.0310220114277014E-5,1.693612557037403E-9,17896.78518166987,4.252775025211623
SmoothPerB4,4,Lat-RpvRS,10,-1.2933301831748634E-4,1.360013375962474E-4,2.0735533329698312,161.35850231252834,1.2379248617126001E-5,2.475195898458413E-10,50013.207539799056,4.699084708420183
SmoothPerB4,4,Lat-RpvRSB,10,-3.613977055263044E-5,1.2290334749368536E-4,0.42852536924227574,165.99256163688779,1.1173220370191594E-5,2.0509300920231156E-10,54478.79678419416,4.7362275072058395
SmoothPerB4,4,Sob-LMS-RDS,10,8.1021682240727E-6,3.556938404847185E-7,0.16498204329080893,8.50334673559565,3.2398215229992086E-8,1.4481445808997153E-8,2.2372224194536883,0.34970916279112835
SmoothPerB4,4,Lat-RvRS,12,2.820149442181802E-5,3.092491671727945E-5,7.136606623101517,593.7793182107807,2.8118702538883255E-6,6.8491696696482E-14,4.1054177214341864E7,7.613357352657455
SmoothPerB4,4,Lat-RvRSB,12,1.7746992677919362E-4,6.442520370880802E-5,6.729592063632625,326.85693888122637,5.887746592041662E-6,2.9877569582675515E-12,1970624.3427027836,6.2946038432340785
SmoothPerB4,4,Lat-RpvRS,12,-1.7946917406282683E-5,2.5736894212081645E-5,9.047577057831177,753.7098241212594,2.3398057757226096E-6,4.43369725041851E-13,5277324.191456122,6.722413774153589
SmoothPerB4,4,Lat-RpvRSB,12,4.001540081747511E-5,2.5015707172562947E-5,4.170359474996802,663.650047418709,2.275529014288555E-6,3.499857294009894E-13,6501776.567242293,6.813032040939708
SmoothPerB4,4,Sob-LMS-RDS,12,-9.60667354909874E-7,8.891331431306015E-9,0.2999817063746564,11.756145843603672,8.091449088725062E-10,2.557943722366037E-10,3.16326313905009,0.5001353206176062
SmoothPerB4,4,Lat-RvRS,14,-1.992596401496271E-6,5.058277146792564E-6,26.601752631865114,2638.147131813979,4.598013630838633E-7,2.7571301446320406E-17,1.6676810268788643E10,10.22211298784038
SmoothPerB4,4,Lat-RvRSB,14,1.8637954646862796E-5,2.4494945165798627E-5,18.187333448178055,1229.3204485251795,2.2269378889245136E-6,1.1002736052309824E-15,2.0239855598980842E9,9.306207409709781
SmoothPerB4,4,Lat-RpvRS,14,-9.774051724473752E-6,2.2503280332225022E-6,34.14694344553465,2612.248955457911,2.0465035030703816E-7,3.247193244746033E-16,6.3023766952633E8,8.79950435754712
SmoothPerB4,4,Lat-RpvRSB,14,-3.3103096170747104E-5,1.4830690386953998E-5,12.473613779124566,1941.471187108942,1.349205571150208E-6,3.3081441349684353E-16,4.078436477082585E9,9.610493702424142
SmoothPerB4,4,Sob-LMS-RDS,14,1.3438250861033275E-7,2.2983238869414139E-10,0.29679315860675065,20.905109621170027,2.090982279091786E-11,3.726463356092095E-12,5.611170912692345,0.7490534972382489
SmoothPerB4,4,Lat-RvRS,16,-8.048713222883678E-6,1.1693520359476966E-6,52.93256663582958,5508.076970559984,1.0635888185218985E-7,1.475903770654859E-20,7.206356130183093E12,12.857715720671868
SmoothPerB4,4,Lat-RvRSB,16,3.633302019086152E-6,8.966973500076983E-7,10.58503856153289,3878.3202998141305,8.152298999926166E-8,1.1067490350781026E-18,7.365986995733737E10,10.86723094779529
SmoothPerB4,4,Lat-RpvRS,16,-6.7563613131802765E-6,1.5858684690673846E-7,47.59696816884955,2660.3544157040287,1.4461192802016765E-8,3.789169175508876E-19,3.8164547773390625E10,10.581660120623429
SmoothPerB4,4,Lat-RpvRSB,16,1.0046056440309202E-5,2.1619778236800776E-6,89.48597371604713,8793.125909407363,1.9662470742252092E-7,1.0030903620438674E-19,1.960189379368417E12,12.29229803178583
SmoothPerB4,4,Sob-LMS-RDS,16,-2.1556468669471196E-8,5.666487752929741E-12,0.3031502897662357,41.37054879061341,5.155484180828114E-13,3.573324363677094E-14,14.427697169710378,1.159197018113752
SmoothPerB4,8,Lat-RvRS,10,-1.756746224523743E-4,2.4277514111422226E-4,1.615768259606732,79.95369980950929,2.2099121900256585E-5,5.879178515954779E-8,375.8879210808874,2.5750583701612655
SmoothPerB4,8,Lat-RvRSB,10,3.0027796298815426E-5,3.964252596694643E-4,0.45582919836918573,43.50921230387428,3.6035957772504864E-5,3.1311814168946806E-7,115.08741581713647,2.061027838486758
SmoothPerB4,8,Lat-RpvRS,10,-1.4376283704136829E-5,1.722849201868337E-4,0.37230791532072227,106.75752481347564,1.5660905922516324E-5,1.2972712351497555E-7,120.72190840420852,2.0817860922650975
SmoothPerB4,8,Lat-RpvRSB,10,3.788319129482024E-5,1.633939981068955E-4,0.25917980419765574,104.7745348066336,1.4853949564099483E-5,1.2242479951491067E-7,121.33121412455614,2.083972543472947
SmoothPerB4,8,Sob-LMS-RDS,10,-1.77319067637655E-6,1.6873394756995877E-6,0.06043347952380578,4.090131286699698,1.5338230254626732E-7,1.4885857042510625E-7,1.0303894636918944,0.013001409134656559
SmoothPerB4,8,Lat-RvRS,12,-8.396367671950932E-5,8.681599714077487E-5,0.2602385620940265,307.9006470297867,7.898624039104694E-6,9.002968027228714E-10,8773.355648066254,3.9431657348369646
SmoothPerB4,8,Lat-RvRSB,12,2.8256596202083042E-5,1.1474241993342109E-4,1.6181190020258023,169.41327109715348,1.0430884407176905E-5,9.53279055082859E-9,1094.2110131928002,3.039101081621117
SmoothPerB4,8,Lat-RpvRS,12,5.3476579822952985E-5,3.311977272753635E-5,1.5974422694645036,360.2711419045965,3.0134470855226145E-6,2.0521228862843556E-9,1468.4535247198894,3.166860206032741
SmoothPerB4,8,Lat-RpvRSB,12,-2.1520448627579812E-5,4.572092183413386E-5,5.546069764272962,375.01161879546197,4.1564949244319E-6,2.3246852871629037E-9,1787.9817743005449,3.252363087524192
SmoothPerB4,8,Sob-LMS-RDS,12,1.1911847475905778E-7,5.018277639255049E-8,0.06726547622199455,4.706647695295023,4.561628563293868E-9,4.705153074011376E-9,0.9694963142622804,-0.013453837641073671
SmoothPerB4,8,Lat-RvRS,14,1.6738475314460823E-5,1.867722757909546E-5,20.266258023929105,1650.6763636274818,1.6980401634956303E-6,5.2122690694667734E-12,325777.53390412434,5.512921131421582
SmoothPerB4,8,Lat-RvRSB,14,-4.724858730333085E-5,4.611022417822618E-5,4.453340096749156,486.1615148485712,4.1936518068029195E-6,8.126468821925405E-11,51604.847058396976,4.712690495267759
SmoothPerB4,8,Lat-RpvRS,14,-1.0098256385498747E-5,8.807656444265972E-6,5.608359659798394,933.1267612978655,8.007179455658041E-7,1.7007392706013847E-11,47080.581921452824,4.672841822134736
SmoothPerB4,8,Lat-RpvRSB,14,-2.1652728215966913E-6,9.095029091940235E-6,0.7191649599046265,1408.8706297560516,8.267428328637594E-7,2.0309273227617696E-11,40707.652292525556,4.60967605630222
SmoothPerB4,8,Sob-LMS-RDS,14,-9.231229476393431E-7,2.226779379875355E-9,0.13980898620623297,8.20058709176714,2.0326640160712808E-10,1.4750459678863115E-10,1.3780343530473265,0.1392600442428165
SmoothPerB4,8,Lat-RvRS,16,2.8071388649205395E-6,1.5523011615747148E-6,22.49047428220869,2528.2074170826295,1.4111205561574852E-7,3.8493320770068096E-14,3665884.1791970157,6.564178739641414
SmoothPerB4,8,Lat-RvRSB,16,-3.196602366860598E-5,4.02099123060788E-6,19.167343597369403,1132.1402960609087,3.6652992953143815E-7,4.765115890551827E-13,769194.155924279,5.886035975957135
SmoothPerB4,8,Lat-RpvRS,16,-3.155731909714913E-5,3.833452740880982E-6,62.783286538378576,4692.232202997655,3.4945671853468056E-7,1.231909103299447E-13,2836708.630520901,6.452814729995548
SmoothPerB4,8,Lat-RpvRSB,16,1.5099038261970634E-5,1.1983838063728852E-6,15.514468232659253,961.7359364783689,1.0916106895573172E-7,1.154461306217382E-13,945558.4900753442,5.97568839847064
SmoothPerB4,8,Sob-LMS-RDS,16,-8.142260667499858E-8,1.0438208700286123E-10,0.028365611932359217,10.598700929721486,9.494961349437838E-12,5.030113494664539E-12,1.8876236807597244,0.2759154170491512
SmoothPerB4,16,Lat-RvRS,10,1.5096638362899106E-4,2.5304988230509594E-4,0.1289603382354629,65.81200516083389,2.302502515051924E-5,4.2772688857426146E-7,53.8311379657902,1.7310335607006875
SmoothPerB4,16,Lat-RvRSB,10,-5.1788864418479E-7,4.956535672056235E-4,0.0030322056695839417,32.40218702138319,4.5054909527199824E-5,2.6996067541249976E-6,16.689434288292524,1.2224416159101164
SmoothPerB4,16,Lat-RpvRS,10,1.4067124661680836E-4,1.7507099100809553E-4,0.8982724759968409,76.79225616150684,1.5933741482260612E-5,1.1643248755508665E-6,13.684961832256676,1.1362435904883106
SmoothPerB4,16,Lat-RpvRSB,10,-3.54524903789037E-5,1.9686107757512392E-4,0.7214863849283571,69.1012821609686,1.7895928830652827E-5,1.1198878753617737E-6,15.980107673611203,1.2035797012544214
SmoothPerB4,16,Sob-LMS-RDS,10,1.7335177683397458E-5,3.045565399586268E-6,0.04578193591321004,3.2822407705728613,2.7714240320770676E-7,3.8324993065484366E-7,0.7231375169048687,-0.1407791063653082
SmoothPerB4,16,Lat-RvRS,12,1.1769019094617245E-4,5.707008699774445E-5,2.1642418977142026,248.6520257184208,5.201521889139918E-6,2.383977476018956E-8,218.18670442415535,2.338828282589859
SmoothPerB4,16,Lat-RvRSB,12,-1.2438822205346057E-4,1.0568018079831431E-4,1.5632055146653374,100.23177306842778,9.62180086435239E-6,1.005415123738128E-7,95.69978247968449,1.9809109506506148
SmoothPerB4,16,Lat-RpvRS,12,1.1093604975605077E-5,6.429589916310314E-5,1.515620122061238,283.9414577224881,5.84462030199743E-6,5.566868768824275E-8,104.98936735725884,2.021145318766244
SmoothPerB4,16,Lat-RpvRSB,12,3.048855753764934E-6,5.350630046514491E-5,4.8959748017311595,296.78834710188187,4.86373200780308E-6,4.990174605767883E-8,97.46616886273569,1.988853895432928
SmoothPerB4,16,Sob-LMS-RDS,12,-3.6216078109962894E-6,1.7748298471957672E-7,0.0019205737306383927,3.516131200801479,1.6146319354146196E-8,2.0631879532549794E-8,0.7825908118876435,-0.10646525529800167
SmoothPerB4,16,Lat-RvRS,14,1.0643317645228149E-5,1.3062824145550901E-5,12.444109805886175,1317.9544486236337,1.1875239950410743E-6,1.1339035786693038E-9,1047.2883386034437,3.0200662677576817
SmoothPerB4,16,Lat-RvRSB,14,2.4781166765639504E-5,2.842303754869863E-5,15.41420818893778,662.3528611977912,2.5842682194029717E-6,5.524246885698064E-9,467.80462076984344,2.6700645072656397
SmoothPerB4,16,Lat-RpvRS,14,7.49239228484125E-5,1.7035258423783056E-5,24.296444553364005,1048.896947191668,1.5541185849368747E-6,2.0318407374515044E-9,764.882087602089,2.8835944905122273
SmoothPerB4,16,Lat-RpvRSB,14,-2.9697313256788626E-5,8.181231784777576E-6,6.073695716178898,617.7041157328591,7.445558996509534E-7,1.948448540867309E-9,382.1275666431153,2.582208368777517
SmoothPerB4,16,Sob-LMS-RDS,14,-1.784701910775655E-7,1.4741103729654924E-8,0.12522500882032275,6.858584399685256,1.3399981806347359E-9,9.94327881885881E-10,1.347642166176858,0.12957459109762542
SmoothPerB4,16,Lat-RvRS,16,-2.177984204613712E-6,1.4931178274306255E-6,1.1802796763805987,851.7618512975754,1.3572915412863944E-7,2.1294512615070147E-11,6373.902825678376,3.8044054380844723
SmoothPerB4,16,Lat-RvRSB,16,1.4241592000269708E-5,8.927827384413492E-6,3.000933856056997,2876.4931546695816,8.117423321858886E-7,1.718933285944079E-10,4722.360889882125,3.674159173444818
SmoothPerB4,16,Lat-RpvRS,16,2.2124260978698264E-5,6.516518947265398E-6,47.8453501544443,3912.302097655059,5.928410552302782E-7,5.04722577201565E-11,11745.879459509939,4.069885539641768
SmoothPerB4,16,Lat-RpvRSB,16,-7.882814356362668E-6,2.5393151675050257E-6,50.95152277669737,4181.365013356447,2.3088588748838372E-7,4.662284741398069E-11,4952.204772871691,3.694798594390401
SmoothPerB4,16,Sob-LMS-RDS,16,-1.718695346830039E-7,6.48696920873697E-10,0.05878691770240565,4.5792283719324365,5.899608924437122E-11,6.320844289619844E-11,0.9333577373714964,-0.02995186794828055
SmoothPerB4,32,Lat-RvRS,10,8.618834235396421E-5,2.815007276779544E-4,0.16171603674880514,56.37888483853269,2.559584457628378E-5,1.692724878624474E-6,15.121089610901938,1.17958308712763
SmoothPerB4,32,Lat-RvRSB,10,-2.3667754113329626E-4,5.137062120541799E-4,0.011981017962375419,28.97486367871397,4.675191093420186E-5,7.3537304793092565E-6,6.357577431719162,0.803291658342606
SmoothPerB4,32,Lat-RpvRS,10,1.4335611133457676E-4,2.2073408431745776E-4,1.4913300210496299,72.13648128066984,2.0085279239113882E-5,2.639533232438072E-6,7.609405705629856,0.881350739708277
SmoothPerB4,32,Lat-RpvRSB,10,-7.105502611753251E-5,2.3686269039769353E-4,0.6746816631035245,71.16139181317983,2.1535867373886904E-5,2.7200015072465983E-6,7.917593911808976,0.8985932233086849
SmoothPerB4,32,Sob-LMS-RDS,10,-2.306318068517959E-5,6.219040794131114E-6,0.10163107988458212,3.2781422337701676,5.658427184898356E-7,7.941583556205953E-7,0.7125061576008447,-0.1472113780555742
SmoothPerB4,32,Lat-RvRS,12,-1.3814205901443638E-5,5.437774388598069E-5,1.3110758981829425,176.15813398588048,4.943127751520332E-6,8.668953633917227E-8,57.02104268017279,1.7560351545045743
SmoothPerB4,32,Lat-RvRSB,12,-1.5484874478275353E-4,1.0904039564095733E-4,1.1455511604833326,91.74797465304067,9.935750097523817E-6,3.7608493986666853E-7,26.41889914827828,1.4219147169958108
SmoothPerB4,32,Lat-RpvRS,12,-2.0873777642601952E-4,7.334085823138835E-5,1.8263130721887397,302.7396602487354,6.710255472540479E-6,2.1088323688979605E-7,31.819767049797054,1.5026969958838492
SmoothPerB4,32,Lat-RpvRSB,12,-4.0963594953038794E-5,3.846523037852385E-5,0.4332139119679531,135.38180506023707,3.498167457519295E-6,1.9926655914045862E-7,17.555215850611006,1.244406173713245
SmoothPerB4,32,Sob-LMS-RDS,12,3.4448413853138805E-6,3.6893656722601624E-7,0.06941975587731877,3.171404137743018,3.3548200893014853E-8,4.9285344431834E-8,0.6806932421749632,-0.16704856098742696
SmoothPerB4,32,Lat-RvRS,14,4.2400643599844935E-5,1.4432566040995775E-5,4.2107204803248015,397.0371347625048,1.3137180677041972E-6,6.315187552081056E-9,208.02518640499997,2.3181159198402224
SmoothPerB4,32,Lat-RvRSB,14,-5.016707394598502E-5,3.136098126178307E-5,5.509431956110257,341.72711371476214,2.853229932004383E-6,2.2315948022405576E-8,127.8560932808991,2.1067214301739527
SmoothPerB4,32,Lat-RpvRS,14,1.4468366748683681E-5,1.1560340872350367E-5,4.9625229539927975,736.8351814030534,1.0510443189330227E-6,1.2422268059325339E-8,84.60969558163806,1.927420132499271
SmoothPerB4,32,Lat-RpvRSB,14,1.6401905013525348E-5,1.219157711927016E-5,5.665428410413226,756.6958967136655,1.1084833826297302E-6,1.2137296445289399E-8,91.32868984673627,1.9606072275327868
SmoothPerB4,32,Sob-LMS-RDS,14,-4.6272047713422713E-7,2.7565569882817626E-8,0.02126298325798371,4.0552143473861335,2.5059244125880814E-9,2.882692765201422E-9,0.8692998583957612,-0.06083039111903577
SmoothPerB4,32,Lat-RvRS,16,1.4280135099684102E-5,3.564293049397087E-6,32.2160281548588,2169.749649436155,3.2419816044866044E-7,3.6267677767501275E-10,893.9038295392813,2.951290797826073
SmoothPerB4,32,Lat-RvRSB,16,2.2521124356811446E-5,7.863941236932344E-6,14.70736104699569,778.6903627935727,7.15339459479445E-7,1.5413506065037446E-9,464.0991196039778,2.6666107445631866
SmoothPerB4,32,Lat-RpvRS,16,-4.839510153926924E-5,3.5471911691149895E-6,22.302116785226076,1295.541445286958,3.247817631255487E-7,5.544727401002815E-10,585.7488378361196,2.7677114356012904
SmoothPerB4,32,Lat-RpvRSB,16,-1.0326895075312138E-5,1.6293929341486664E-6,17.37281375880656,1281.673639935473,1.4821846247601027E-7,6.433593089795853E-10,230.38209039221886,2.3624487145682225
SmoothPerB4,32,Sob-LMS-RDS,16,4.77414843143325E-7,1.8414654157094896E-9,0.02956459706526976,3.56375776198437,1.6761713122044618E-10,2.1893036073373626E-10,0.7656184855251877,-0.11598758925333262
SumUeU,2,Lat-RvRS,10,7.87748124962279E-6,1.1993220475834273E-6,0.004206993700949874,2.4206599430288143,1.0908042883617172E-7,1.8180043969070077E-7,0.6000009077082077,-0.22184809259574373
SumUeU,2,Lat-RvRSB,10,-4.305459340138005E-9,7.871785095945283E-13,0.45410300629245876,2.5701645419852714,7.157306350227221E-14,1.468978645772724E-13,0.48723011534740707,-0.31226587611206225
SumUeU,2,Lat-RpvRS,10,-1.5744948743058606E-5,2.30591855555627E-6,0.002141978031124855,2.8061073711575975,2.098559001109865E-7,3.2330273418768176E-7,0.6491002949240825,-0.187688193543545
SumUeU,2,Lat-RpvRSB,10,5.098704362840132E-9,7.359939990305524E-12,0.389474381887982,3.994358894418674,6.690445419049518E-13,8.168703106093266E-13,0.8190339803216653,-0.0866980797291331
SumUeU,2,Sob-LMS-RDS,10,-5.526639587406635E-7,1.3311970961313787E-9,3.20848018122845,218.7135075104965,1.213112534896332E-10,9.289107642102054E-15,13059.516388829508,4.11592709473756
SumUeU,2,Lat-RvRS,12,-8.728821960098983E-7,7.249747510030679E-8,0.0025939662200121613,2.3918376582690986,6.590782409945998E-9,1.0990652645357928E-8,0.5996716139263775,-0.22208650845238212
SumUeU,2,Lat-RvRSB,12,-2.5632071020128743E-10,3.1371550163367836E-15,0.46299612934630446,2.598302629532666,2.852330912914917E-16,5.552487059096875E-16,0.5137032977396718,-0.28928764629523607
SumUeU,2,Lat-RpvRS,12,4.2984463558172436E-6,1.4688660364243897E-7,0.0034758348383324583,2.845731651085196,1.3370468912171541E-8,1.9890101645646394E-8,0.6722172239425488,-0.1724903639769655
SumUeU,2,Lat-RpvRSB,12,-7.626241497573031E-10,2.974057234297672E-14,0.3458371456163235,4.027668364902424,2.703999621570377E-15,3.2139736053013407E-15,0.8413260199493303,-0.0750356793172819
SumUeU,2,Sob-LMS-RDS,12,3.353321556699789E-8,1.307668263788187E-11,11.153205629841155,1419.2100174158056,1.1897949283297248E-12,1.7247503506877389E-19,6898360.263300122,6.838745871428541
SumUeU,2,Lat-RvRS,14,-7.028619785835803E-8,4.54065072088721E-9,0.028509965357416553,2.433370483991795,4.127500906782568E-10,6.749804468672619E-10,0.6114993294900972,-0.21360401483196473
SumUeU,2,Lat-RvRSB,14,1.6088022910878784E-11,1.2079340731713645E-17,0.4208736557871532,2.5495536213106518,1.0982708969939512E-18,2.17845078287989E-18,0.5041522652818661,-0.2974382770770348
SumUeU,2,Lat-RpvRS,14,-6.179737638328788E-7,9.486275212915279E-9,0.003608299423818488,2.774780873481096,8.626843084267845E-10,1.3574482826164902E-9,0.6355190982038409,-0.19687139378044585
SumUeU,2,Lat-RpvRSB,14,-1.0348259066027196E-12,1.1822063392300995E-16,0.3739374293937798,3.8855315896706366,1.0746256694466262E-17,1.3516122372988406E-17,0.7950695027696965,-0.09959490486555776
SumUeU,2,Sob-LMS-RDS,14,-1.7197994984107954E-9,1.0835301319489628E-12,6.15105100137481,1325.6811907617512,9.849584670447544E-14,3.0451390726008916E-24,3.2345270398553226E10,10.509810786087382
SumUeU,2,Lat-RvRS,16,1.0256788058539194E-7,2.84513480739702E-10,0.00853594619912804,2.3995674989920293,2.587279556936669E-11,4.295222304482819E-11,0.6023622000277816,-0.22014228918854034
SumUeU,2,Lat-RvRSB,16,2.7705069013734558E-12,4.7674131555129404E-20,0.4612135751414932,2.593300213884778,4.341254266851821E-21,8.218826356072451E-21,0.528208539610318,-0.2771945817817661
SumUeU,2,Lat-RpvRS,16,7.627636444909996E-8,5.796123629348806E-10,0.0016671288590271542,2.8506634802984494,5.2692581874554227E-11,8.029920959385321E-11,0.6562029955346879,-0.1829617914123059
SumUeU,2,Lat-RpvRSB,16,3.616527017549781E-12,4.614334420580151E-19,0.42265448681596085,4.1431309900897055,4.195737915074224E-20,4.9853916421782704E-20,0.8416064807379862,-0.07489092892000655
SumUeU,2,Sob-LMS-RDS,16,-1.2686884716441469E-9,1.1373376253758117E-14,92.66443709469216,8947.980997696119,1.0354494719046956E-15,2.0435207663768405E-30,5.0669877641642275E14,14.704749855551304
SumUeU,4,Lat-RvRS,10,3.090726824408189E-6,2.338930535094478E-6,0.007409199873393009,2.7178124472221525,2.126183382323912E-7,3.489515708588691E-7,0.6093061501602557,-0.21516443821037118
SumUeU,4,Lat-RvRSB,10,2.338725835640578E-9,1.608820025542995E-12,0.32978313401342696,2.778304772399332,1.4624720996039256E-13,2.400575722005927E-13,0.6092172332651437,-0.21522782003379604
SumUeU,4,Lat-RpvRS,10,-5.097811105216381E-6,4.505689126014046E-6,0.05023626236603187,3.086954719717025,4.0959312923274123E-7,5.974878913679046E-7,0.6855254058705823,-0.16397644543326684
SumUeU,4,Lat-RpvRSB,10,2.16670065633561E-8,1.4996987046859193E-11,0.40818435166789874,4.508066303147741,1.363695581732917E-12,1.5159081039767296E-12,0.899589874976914,-0.04595544126041733
SumUeU,4,Sob-LMS-RDS,10,-1.2884489576448575E-7,3.0913316447181276E-9,0.180625666693039,105.93469767642056,2.810186475120424E-10,2.9297536903069114E-14,9591.886459322244,3.981904029308717
SumUeU,4,Lat-RvRS,12,-6.723815032115296E-7,1.4449477884247905E-7,0.04475214138035856,2.702679477623672,1.3135027493667206E-8,2.1374855582338038E-8,0.6145083620831867,-0.21147220296161812
SumUeU,4,Lat-RvRSB,12,4.507522961769845E-10,6.328216234445496E-15,0.3261590117440972,2.830199010768895,5.754380333436044E-16,9.317419862636243E-16,0.6175937564552251,-0.20929710313661645
SumUeU,4,Lat-RpvRS,12,-4.934740127040894E-6,2.9408840699430836E-7,0.024289408683332955,3.154228799115047,2.6756987855904057E-8,3.8523158794893044E-8,0.6945688955146427,-0.15828466935353244
SumUeU,4,Lat-RpvRSB,12,5.478308431450205E-9,5.906734335410347E-14,0.2893687999335577,4.609325000809331,5.399233374158104E-15,5.7435081732061244E-15,0.9400584470909109,-0.02684514378332062
SumUeU,4,Sob-LMS-RDS,12,3.080801306644112E-8,4.9975909250468495E-11,0.779751744570319,367.5027400913905,4.543759284536688E-12,1.8059766029908735E-18,2515956.8939109063,6.400703196035154
SumUeU,4,Lat-RvRS,14,7.787365574644559E-7,9.203570653532857E-9,0.008721487799671107,2.6754392194443324,8.372110030320683E-10,1.3702469163982429E-9,0.610992802109503,-0.21396390599727766
SumUeU,4,Lat-RvRSB,14,-1.1927498986981801E-11,2.40464507200091E-17,0.33143347931078654,2.799620860331587,2.185964635680911E-18,3.6977885849361706E-18,0.5911545740029495,-0.22829894575298432
SumUeU,4,Lat-RpvRS,14,-5.021935917507035E-7,1.8429514746984583E-8,0.060747554677104916,3.094119434798758,1.675495088904494E-9,2.4578466375929835E-9,0.6816922843263071,-0.16641162149732225
SumUeU,4,Lat-RpvRSB,14,-1.3052083870597873E-10,2.3217817736919285E-16,0.2735436051968554,4.561028796432986,2.1122032012196137E-17,2.2876877775952222E-17,0.9232917279646985,-0.0346610553907248
SumUeU,4,Sob-LMS-RDS,14,1.733959007173978E-10,6.495091284332095E-13,0.06808138690175287,1612.7777239995223,5.904040984071713E-14,4.278043563657978E-22,1.3800796780627945E8,8.13990416085346
SumUeU,4,Lat-RvRS,16,1.6491224651167233E-7,5.796923363495128E-10,0.016922734058124844,2.7219651248507986,5.272122942322024E-11,8.679692689185047E-11,0.6074089407440799,-0.21651881978153262
SumUeU,4,Lat-RvRSB,16,1.4684448150441718E-12,9.364528270187921E-20,0.3199001906983895,2.8657850504561337,8.51451252777565E-21,1.3450407122396312E-20,0.6330300971781078,-0.19857564112381498
SumUeU,4,Lat-RpvRS,16,2.9141326614157836E-7,1.1717340997188722E-9,0.057649578618972894,3.2271250065604455,1.0659555135612879E-10,1.5254255333224926E-10,0.6987922322498142,-0.15565193126465363
SumUeU,4,Lat-RpvRSB,16,-1.7828341693580403E-12,9.077915467955145E-19,0.25505444231117386,4.568599799153416,8.252143010138771E-20,9.270059505034202E-20,0.8901931002338613,-0.05051577619815284
SumUeU,4,Sob-LMS-RDS,16,-5.274396854065643E-10,5.496094864166047E-15,20.066730926584523,3393.8098367769235,4.998732157744354E-16,1.529708969499841E-27,3.267766782709496E11,11.51425105379778
SumUeU,8,Lat-RvRS,10,2.6535561790503666E-5,4.761617397101845E-6,0.0034131574430330846,2.893378917864327,4.3353515743609535E-7,6.695631763804322E-7,0.6474895465125899,-0.18876723871936862
SumUeU,8,Lat-RvRSB,10,8.068148987947566E-9,3.1798374489727706E-12,0.20607704354686884,2.876011297150594,2.8911231913971657E-13,4.4548571810314093E-13,0.648982239813982,-0.18776718803217948
SumUeU,8,Lat-RpvRS,10,-1.8512204253045704E-6,9.457241420756717E-6,0.02586546227730778,3.3038315407792944,8.596666721638487E-7,1.2046364099803874E-6,0.7136316527057694,-0.1465258953323433
SumUeU,8,Lat-RpvRSB,10,-8.761584037186856E-9,2.984503288052594E-11,0.2796341125105508,4.602509047918755,2.712990254194649E-12,2.7821538805050966E-12,0.9751402584899829,-0.010932913422171824
SumUeU,8,Sob-LMS-RDS,10,-1.1709086879094336E-6,6.213628712923435E-9,0.8063953633361194,50.41666949389296,5.661898771601621E-10,6.397393143938909E-13,885.0321754832094,2.9469590598286732
SumUeU,8,Lat-RvRS,12,-3.97892916129773E-6,2.935672748216217E-7,0.009531417454772298,2.830799496897282,2.6701097158556038E-8,4.2693045959990517E-8,0.6254202893740302,-0.20382803383780534
SumUeU,8,Lat-RvRSB,12,-1.5146340209054195E-10,1.2400010806137717E-14,0.19418342832275903,2.8777776027364235,1.1271839234400913E-15,1.82561456203663E-15,0.6174271102343863,-0.2094143052609393
SumUeU,8,Lat-RpvRS,12,7.24410044582997E-6,5.949862316803065E-7,0.009666010613621814,3.2596338340903723,5.4136725451009143E-8,7.730103679190092E-8,0.7003363434406255,-0.154693335673761
SumUeU,8,Lat-RpvRSB,12,-1.0960230136170953E-9,1.1553825359047724E-13,0.24364743254083968,4.92046575122182,1.050362851782076E-14,1.142985978136223E-14,0.9189638997101433,-0.036701548967124596
SumUeU,8,Sob-LMS-RDS,12,-2.609406473542938E-8,7.91037040859888E-11,0.8111203780803814,229.09185448824405,7.1912076016307985E-12,1.2550391149231249E-16,57298.67313395473,4.758144565121426
SumUeU,8,Lat-RvRS,14,3.266084704029677E-7,1.851614128467108E-8,0.021176696043294554,2.875363666008761,1.6832239158695402E-9,2.622962125108826E-9,0.6417263519577904,-0.19265012640169898
SumUeU,8,Lat-RvRSB,14,1.3826866005335047E-10,4.804206358595321E-17,0.2217099025469186,2.918747694959393,4.386141802316096E-18,6.981770188446529E-18,0.6282277536969503,-0.20188288135491203
SumUeU,8,Lat-RpvRS,14,-1.1637388538848513E-6,3.65211173862477E-8,0.04965762285142853,3.340571888264853,3.3211238585299566E-9,4.677035617453821E-9,0.7100916328573903,-0.14868560469426778
SumUeU,8,Lat-RpvRSB,14,5.096694384378456E-11,4.7698426887915E-16,0.18548782898583333,4.755607792259959,4.3360467670479503E-17,4.2946577344336715E-17,1.0096373297183685,0.004165399537724253
SumUeU,8,Sob-LMS-RDS,14,4.1625804596108255E-9,9.738421465274284E-13,6.882485479258972,1061.746022372211,8.853957819542597E-14,3.869719366070249E-21,2.2880103134026248E7,7.359457977745005
SumUeU,8,Lat-RvRS,16,-4.222248808254617E-7,1.1726894882759978E-9,0.022762009093421347,2.923809765587393,1.0677574833427628E-10,1.6263471953934477E-10,0.6565372304063585,-0.182740641240026
SumUeU,8,Lat-RvRSB,16,1.40245759761662E-12,1.9020317386233892E-19,0.20848285649358556,2.8931499973910446,1.729143539139972E-20,2.702003607483678E-20,0.6399486419451115,-0.19385487822677255
SumUeU,8,Lat-RpvRS,16,-5.322243239999428E-7,2.343052466374067E-9,0.049978232265712616,3.247700658102679,2.132667319244599E-10,3.0006781832437815E-10,0.7107284383756046,-0.14829630678565292
SumUeU,8,Lat-RpvRSB,16,1.992042704624861E-11,1.7782414120218335E-18,0.3095938578933249,5.125750641113292,1.6203896776648957E-19,1.746235958443536E-19,0.9279328316599262,-0.03248345901302538
SumUeU,8,Sob-LMS-RDS,16,-8.774098372071213E-11,2.1252034481042932E-14,31.89954040930878,3088.3636344101146,1.9318176328070266E-15,2.5976459112056004E-26,7.436801237896375E10,10.871386174328904
SumUeU,16,Lat-RvRS,10,4.217209673323929E-6,9.4288547463697E-6,0.006017677752735892,2.8707792734756223,8.571006813024345E-7,1.359909375743067E-6,0.6302630870782157,-0.20047812766366413
SumUeU,16,Lat-RvRSB,10,3.678088558791626E-8,6.3840626398305415E-12,0.14501217130945931,2.9206918831379234,5.816641275052276E-13,9.164091612694273E-13,0.6347209871838202,-0.1974171414096393
SumUeU,16,Lat-RpvRS,10,-1.288730393634482E-4,1.8245034129731297E-5,7.792928860998748E-4,3.3335351721724664,1.6750818626673477E-6,2.2775721396349946E-6,0.735468191552342,-0.1334361054408958
SumUeU,16,Lat-RpvRSB,10,-1.6212438439481778E-8,5.885086594436304E-11,0.18353773913016463,4.739386827339218,5.349806557502754E-12,5.655817681477874E-12,0.9458944504209762,-0.02415732253815984
SumUeU,16,Sob-LMS-RDS,10,-1.6797202875990435E-6,1.0289512182336838E-8,0.5064112755809385,28.568736430656532,9.381381176189903E-10,7.9505957542227E-12,117.99595233108523,2.0718671097601544
SumUeU,16,Lat-RvRS,12,3.1795194296986665E-6,5.895023160979695E-7,0.0012354763095570964,2.959313681671008,5.359586987710926E-8,8.29733175441414E-8,0.6459410261448991,-0.1898071309042795
SumUeU,16,Lat-RvRSB,12,-6.498964769535255E-11,2.5609927225225072E-14,0.15947458276365575,2.947612106304408,2.3279466084272667E-15,3.630219380266435E-15,0.6412688503294834,-0.19295985544932562
SumUeU,16,Lat-RpvRS,12,2.1941849682038957E-5,1.1683158564776455E-6,0.056696263221817894,3.406122727625186,1.0668135612128719E-7,1.4491312474443541E-7,0.7361745618930469,-0.13301919343696147
SumUeU,16,Lat-RpvRSB,12,-1.1382711133221276E-8,2.420666820590178E-13,0.10648460728470963,4.64946709186214,2.2133427511907074E-14,2.2494309134366562E-14,0.9839567590049637,-0.007023986668423361
SumUeU,16,Sob-LMS-RDS,12,8.642315114892996E-8,1.8232619910259967E-10,2.2385876173649724,135.8811362078953,1.6580920459480823E-11,2.287623373304248E-15,7248.098901669861,3.8602241107389035
SumUeU,16,Lat-RvRS,14,2.3107695533159657E-6,3.699753819280998E-8,0.006531291251672801,2.933505172427317,3.368415877654959E-9,5.088392546868966E-9,0.6619803497133181,-0.17915490200702924
SumUeU,16,Lat-RvRSB,14,-1.0950324534030268E-11,9.945350108493037E-17,0.1515404130732195,2.8920278364538206,9.040443158227572E-18,1.472639375520852E-17,0.6138938906906584,-0.21190668858180958
SumUeU,16,Lat-RpvRS,14,3.831727059877399E-6,7.5295209153881E-8,0.002637731934417594,3.5275818834697676,6.859016644349179E-9,9.249077287670758E-9,0.7415892884247398,-0.1298365518026432
SumUeU,16,Lat-RpvRSB,14,4.337350127230849E-11,9.53556978202377E-16,0.18680736705808992,4.876900453046495,8.668021057920868E-17,9.217964097063074E-17,0.9403400758181057,-0.026715054547884014
SumUeU,16,Sob-LMS-RDS,14,-1.0754875599948711E-8,3.3315265233874522E-12,0.5425335575127576,376.76367154628934,3.029514283250898E-13,9.736101148212055E-20,3111629.83737822,6.492987927281106
SumUeU,16,Lat-RvRS,16,7.558729798029897E-7,2.24093907102998E-9,0.036684604587137605,2.8595581164911716,2.0427270551822145E-10,3.16858575147663E-10,0.6446810076799276,-0.19065512392772122
SumUeU,16,Lat-RvRSB,16,2.5255308967453147E-12,3.7205688308213626E-19,0.18451679268474983,3.0300596001424847,3.3826348978476603E-20,5.0394195781215796E-20,0.6712350193131809,-0.17312539380966355
SumUeU,16,Lat-RpvRS,16,-5.51328301095673E-7,4.628888825148456E-9,0.003292685737778776,3.5261074069402514,4.2106995710158374E-10,5.738581771341865E-10,0.7337526480922202,-0.13445031838519653
SumUeU,16,Lat-RpvRSB,16,-2.927600324814648E-11,3.661957438694239E-18,0.0975284916063421,4.815903538252324,3.3372901554349177E-19,3.505859603008254E-19,0.9519177985824953,-0.02140055283755919
SumUeU,16,Sob-LMS-RDS,16,5.27561813121977E-9,7.165195255409934E-14,19.308238776529713,1174.7250151225069,6.540994633834085E-15,5.932400965852143E-24,1.1025880872660336E9,9.042413295904383
SumUeU,32,Lat-RvRS,10,-9.777821052712833E-6,1.9132650334427632E-5,0.021710016587449157,2.9390090387955623,1.7392535211840108E-6,2.662390982154605E-6,0.6532675076056926,-0.1849089423282966
SumUeU,32,Lat-RvRSB,10,-1.7255758749922454E-8,1.2911018472085718E-11,0.1501379444872013,2.959019205956385,1.1739093403226272E-12,1.8193702503663593E-12,0.6452283915746351,-0.19028653087868783
SumUeU,32,Lat-RpvRS,10,-1.5834935587730747E-5,3.653204725717596E-5,0.031322939647517783,3.5003161145427044,3.3210138408623624E-6,4.576694686376047E-6,0.7256358722700885,-0.13928125579379305
SumUeU,32,Lat-RpvRSB,10,1.7447750249798039E-7,1.1868543249271849E-10,0.09113006779141496,4.688694959187379,1.0818948212466045E-11,1.0953008038018681E-11,0.9877604558412351,-0.005348364440625728
SumUeU,32,Sob-LMS-RDS,10,-2.504651712417088E-6,2.2374966759531763E-8,0.02334939915099297,16.948592203963113,2.0401577586419515E-9,7.300413952833401E-11,27.94578186693284,1.4463162648105519
SumUeU,32,Lat-RvRS,12,7.594628482562085E-6,1.1984620936895906E-6,0.016796676023553548,2.8785249665727766,1.0899788269817193E-7,1.6698328621030088E-7,0.6527472609498091,-0.18525494188246625
SumUeU,32,Lat-RvRSB,12,-2.1986574683413983E-9,4.9657602322214455E-14,0.09182714239493481,2.9812612527435025,4.518710145752387E-15,6.866191530872513E-15,0.6581101219555082,-0.1817014295531148
SumUeU,32,Lat-RpvRS,12,-4.639538504127238E-7,2.349614776701052E-6,0.019783496296083905,3.3738239096928235,2.1358019845530092E-7,2.9587505414130424E-7,0.7218594317630412,-0.14154736469243703
SumUeU,32,Lat-RpvRSB,12,-3.4175095796838114E-9,4.97402759179832E-13,0.049963152292609815,5.1018001337177195,4.5225590181173953E-14,4.612484325050214E-14,0.9805039322422326,-0.00855066028515306
SumUeU,32,Sob-LMS-RDS,12,-1.1503501590483291E-7,3.5020558395330204E-10,0.3577392152645265,57.83244017650094,3.1846920636239375E-11,3.443473345592402E-14,924.8487628633162,2.966070719956382
SumUeU,32,Lat-RvRS,14,4.870966854978985E-6,7.291132103731167E-8,0.041407511145670844,2.9188375426820516,6.651365400393935E-9,1.0184516116422281E-8,0.6530860498780863,-0.18502959280588518
SumUeU,32,Lat-RvRSB,14,2.412807460660655E-10,1.906590077339601E-16,0.08628421878065058,2.996792681172786,1.738912020143917E-17,2.6463126275808765E-17,0.6571075548747772,-0.18236353962493768
SumUeU,32,Lat-RpvRS,14,-4.752145832650067E-6,1.4792139127283766E-7,0.011661237865742679,3.3726249611040884,1.3468637356715716E-8,1.8201109620437747E-8,0.7399899037799316,-0.13077420562385586
SumUeU,32,Lat-RpvRSB,14,-9.25883219301835E-11,1.835700540193619E-15,0.15995369173706725,5.135689985372669,1.668737517009578E-16,1.7191220287834044E-16,0.9706917188365722,-0.012918675412368642
SumUeU,32,Sob-LMS-RDS,14,1.5818292741251843E-8,5.29408416656324E-12,1.2397868595529307,211.37773055238281,4.814824691258465E-13,3.9651215501137596E-18,121429.43489639874,5.08432397391869
SumUeU,32,Lat-RvRS,16,-1.549889231276321E-8,4.6702944188458786E-9,0.014652896996239837,2.9469899235687813,4.245300028887533E-10,6.527590092174076E-10,0.6503625333302134,-0.1868444859204891
SumUeU,32,Lat-RvRSB,16,1.155476341401956E-11,7.549905948357416E-19,0.11600139575883103,2.96326607870952,6.876215762812287E-20,1.0159686365166054E-19,0.6768137829912133,-0.16953080567813766
SumUeU,32,Lat-RpvRS,16,-8.76671110385447E-7,9.283798069534983E-9,0.036380843045566026,3.488837204236746,8.446657967565143E-10,1.2087327886656568E-9,0.6988027500180226,-0.1556453945945126
SumUeU,32,Lat-RpvRSB,16,-3.302569121460361E-11,7.314888392632071E-18,0.007526003470004161,4.86452013596261,6.660140511704576E-19,6.8925050692172275E-19,0.966287357763374,-0.014893702432623883
SumUeU,32,Sob-LMS-RDS,16,4.031866790198888E-9,6.460611921077706E-14,26.533577360392872,1171.481553783647,5.888952186073543E-15,3.4366924465307426E-22,1.71355228252045E7,7.233897359809792
MC2,2,Lat-RvRS,10,-7.5987809007377265E-6,2.0327632121831626E-6,1.9430177458579156,204.92583527087214,1.848359174586269E-7,2.7736321514084592E-8,6.664038609617596,0.8237375045895019
MC2,2,Lat-RvRSB,10,-1.2818098350191294E-5,3.007221025772069E-6,1.8493227964365246,339.85579148944004,2.7352069488799626E-7,1.1644273926124457E-12,234897.1663010608,5.370877777666343
MC2,2,Lat-RpvRS,10,-1.3840827564070121E-5,1.977631600107361E-6,2.6855562401227586,120.7150995137106,1.7995828095741747E-7,4.8783226698960444E-8,3.6889376356331165,0.5669013132020417
MC2,2,Lat-RpvRSB,10,-6.484365152988668E-6,2.309333106226757E-6,2.789065229610985,463.88864358631884,2.0996042634744955E-7,5.522154339696921E-13,380214.70142207766,5.580028905330703
MC2,2,Sob-LMS-RDS,10,-1.7095873107857315E-7,1.3126783336954538E-10,1.2014178927679653,82.44472944640754,1.196147294102367E-11,3.0390687150257787E-18,3935900.7849620827,6.595044142328774
MC2,2,Lat-RvRS,12,-2.1117160678711103E-6,3.3042123073005053E-7,7.429396562376741,372.1639342683592,3.00397492181129E-8,1.9880873141567146E-9,15.10987420130229,1.1792608485939775
MC2,2,Lat-RvRSB,12,8.132718717189608E-6,8.826168980821029E-7,9.312136944862441,1079.0017035034887,8.029601714939609E-8,1.2798920189278535E-14,6273655.586715735,6.797520672969546
MC2,2,Lat-RpvRS,12,-3.6252936740561815E-6,3.7056904948207356E-7,2.861126495290586,244.2217716400552,3.3697869352143634E-8,3.733664199725959E-9,9.025415128285228,0.9554671866194993
MC2,2,Lat-RpvRSB,12,2.772883333435214E-6,4.4076432948278745E-8,36.72543288918324,2102.1366482651088,4.014236636979381E-9,3.0042487501392135E-15,1336186.504793708,6.125867081155729
MC2,2,Sob-LMS-RDS,12,-1.4684633981788932E-8,2.0723968718632105E-12,0.539536252488965,381.47092078134796,1.8859651412754493E-13,2.627767895638884E-28,7.177061354640374E14,14.85594665890723
MC2,2,Lat-RvRS,14,2.851613586117868E-6,5.4080244781343984E-8,13.44407984054145,669.675422463418,4.9240259506687E-9,1.559570169011164E-10,31.572968299276646,1.499315413548763
MC2,2,Lat-RvRSB,14,-3.3209646037333354E-6,5.576490767083978E-8,69.96183642795641,5830.635035481319,5.080058913178586E-9,6.962778871828919E-17,7.296022186963698E7,7.863086145997615
MC2,2,Lat-RpvRS,14,1.7362609529815522E-6,1.275374709290993E-7,26.48452585515764,1739.6608674813747,1.1596170709551972E-8,2.7530342070521066E-10,42.1214189051756,1.6245029924353134
MC2,2,Lat-RpvRSB,14,4.030706705258803E-6,1.1332650334694697E-7,98.96755090996139,9859.091449662017,1.03176257507813E-8,2.151880540188662E-17,4.7947019168065536E8,8.68076161256819
MC2,2,Sob-LMS-RDS,14,1.378965578189726E-9,7.094106165509926E-14,0.01179913832799443,916.5412711807281,6.4504440505143555E-15,1.2326353136739635E-32,5.2330514783714214E17,17.718755006985543
MC2,2,Lat-RvRS,16,-5.258342489301871E-7,7.2940111534903466E-9,21.779462175509234,2167.436213583265,6.633021155096205E-10,1.1536946456943748E-11,57.4937326774537,1.7596205053514338
MC2,2,Lat-RvRSB,16,8.921024865968566E-9,3.967564225617444E-10,52.93357923121539,5465.141015624157,3.606523839554723E-11,4.0577515336026416E-19,8.887985894869961E7,7.948803356713077
MC2,2,Lat-RpvRS,16,-3.5125209780334484E-6,4.814743756815839E-8,58.67676104122151,4247.359568473162,4.388939878566723E-9,1.9833530570001904E-11,221.2888856613844,2.3449596018299
MC2,2,Lat-RpvRSB,16,2.2425247552933193E-6,4.5518554564540904E-8,96.80812867204013,9557.577481255317,4.142665527194871E-9,1.4351160227246259E-19,2.8866415408907864E10,10.460392857147577
MC2,2,Sob-LMS-RDS,16,2.0412040462738285E-10,3.7636847293690846E-16,18.574811072800742,1553.0479185297154,3.4253559329550225E-17,1.2327073257902498E-32,2.7787260295213505E15,15.443845729313342
MC2,4,Lat-RvRS,10,8.772275482752875E-6,3.9049541917410843E-7,0.20006150077588702,31.860960832455138,3.557298642007176E-8,1.3110438427006587E-8,2.71333309088992,0.4335031113641919
MC2,4,Lat-RvRSB,10,8.021694963999856E-7,4.842786793309844E-7,0.07519172976884228,66.90840536491913,4.4021575427087434E-8,1.5808963396372475E-11,2784.5959487254318,3.4447621869534064
MC2,4,Lat-RpvRS,10,1.7945835310717045E-6,4.633930425340685E-7,0.16255076221147932,21.376638728297728,4.212564809639681E-8,2.191655076412595E-8,1.9220929675371214,0.28377438973831165
MC2,4,Lat-RpvRSB,10,8.333942929485548E-6,3.9987827557259247E-7,1.1314675303041966,79.66780405312966,3.641838985430057E-8,1.1442533624754256E-11,3182.720807174618,3.5027985433582036
MC2,4,Sob-LMS-RDS,10,-8.103091509801457E-8,6.479083629184405E-11,0.18507563691167392,29.029948886246892,5.896053028130247E-12,6.936945344471882E-13,8.499494713229748,0.9293931080932557
MC2,4,Lat-RvRS,12,9.036647496453203E-7,8.66315751964684E-8,0.0671917239988,126.14901429045578,7.87562679533873E-9,1.0521105070127447E-9,7.485550940556598,0.8742237701617905
MC2,4,Lat-RvRSB,12,1.3047979611553858E-5,1.4010945468357963E-7,9.301751161288204,228.3102131549838,1.2906199202680913E-8,1.8141903011197782E-13,71140.27230062238,4.85211552318363
MC2,4,Lat-RpvRS,12,-7.956980036633925E-7,9.209789945417291E-8,1.6206321496130904,81.96643923146245,8.372332195697351E-9,1.7808095413417025E-9,4.701419214875413,0.6722289779676236
MC2,4,Lat-RpvRSB,12,-9.225245374695507E-7,1.1575610456712889E-7,1.0594205280614148,310.492344552955,1.0523080956674249E-8,1.1665101866295953E-13,90209.93624649475,4.95525437589406
MC2,4,Sob-LMS-RDS,12,1.2574338625094963E-9,1.9242266314173373E-12,0.5596234695839115,53.39989265400426,1.7491378193575456E-13,1.789040383713414E-15,97.76961075227129,1.990203886142389
MC2,4,Lat-RvRS,14,2.244961444261772E-6,1.2550369921996725E-8,12.909957200254462,617.688666367873,1.1458684777957243E-9,9.097109581972959E-11,12.595962129184455,1.1002313462237203
MC2,4,Lat-RvRSB,14,8.236559827075527E-7,2.1763176934662666E-8,14.479691499957456,1287.9693006018763,1.978951192538686E-9,1.0658574892116702E-15,1856675.224004251,6.268735942103579
MC2,4,Lat-RpvRS,14,5.60625918413625E-7,2.3601968981268864E-8,4.662066321769091,388.8934673835906,2.1457332818177368E-9,1.4129055462678358E-10,15.186671801845863,1.18146260753856
MC2,4,Lat-RpvRSB,14,2.496057427123078E-7,1.458696611229752E-8,2.819421587034573,2015.776166913857,1.3260175226346394E-9,1.1901029702367208E-15,1114204.0275480398,6.0469647239840665
MC2,4,Sob-LMS-RDS,14,-4.304414238567715E-9,2.8430507274726984E-14,4.857193690540122,190.94792189055846,2.602861093209867E-15,7.155381241866092E-19,3637.6274096767097,3.560818213636709
MC2,4,Lat-RvRS,16,-4.0345992156288496E-7,6.034566311399187E-9,10.764356240219124,2037.203945129807,5.487048576144937E-10,7.596562036505216E-12,72.23068211352675,1.858721716158117
MC2,4,Lat-RvRSB,16,-2.115453040734228E-7,1.2574511031550221E-9,67.66620632142889,6279.833585636592,1.1434705669246703E-10,8.911025444214469E-18,1.2832087329153286E7,7.108297306554204
MC2,4,Lat-RpvRS,16,-3.3418410684064924E-7,5.6775595493504645E-9,11.890490271769952,755.1997892281737,5.162018420532221E-10,1.3900302427074153E-11,37.13601518825921,1.569795300733983
MC2,4,Lat-RpvRSB,16,3.920203462487803E-7,9.493351048269061E-9,0.09478491230061722,4609.168594395478,8.630992902395306E-10,1.4005639214375287E-17,6.162512663853655E7,7.789757824753621
MC2,4,Sob-LMS-RDS,16,6.653416231735023E-11,2.905112722645872E-16,0.7600472434361101,191.88469114863005,2.6411901443606246E-17,3.0460549844163726E-22,86708.55115462335,4.938061929496259
MC2,8,Lat-RvRS,10,-1.3471532572526044E-6,8.759992881819733E-8,0.07253243789341836,9.037643202818785,7.964648351472664E-9,6.077244225740338E-9,1.3105690763155728,0.11745991629526867
MC2,8,Lat-RvRSB,10,2.7260361790731285E-6,1.2402523811385549E-7,0.17319029820747509,14.67370216898569,1.128132541779908E-8,9.59595874407158E-11,117.56329636961732,2.0702717547998994
MC2,8,Lat-RpvRS,10,-4.557010918073987E-6,1.0869447253829376E-7,0.12704476494902062,7.058368960291294,9.901093902238348E-9,9.334199728816541E-9,1.0607330237076127,0.025606089913926437
MC2,8,Lat-RpvRSB,10,-6.76735489715349E-7,8.333978296502201E-8,0.43933112477690006,26.020897266562613,7.576044242443541E-9,6.70777970557718E-11,112.94414210032035,2.052863710958201
MC2,8,Sob-LMS-RDS,10,5.578871266141707E-8,1.3620824967370475E-10,0.01593170781210143,9.146712728426795,1.238444227580018E-11,3.144419464816453E-12,3.938546499400674,0.59533597721778
MC2,8,Lat-RvRS,12,-2.1166426052872225E-7,2.250470563946814E-8,0.17900798430635223,31.604902685121232,2.045722544386839E-9,5.49277182478313E-10,3.72439017975703,0.5710551728568042
MC2,8,Lat-RvRSB,12,2.7198121873270595E-7,3.4434741598879594E-8,0.02053407359127814,48.038318648049604,3.1301919851214987E-9,1.102968015365548E-12,2837.9716741687052,3.4530080564443524
MC2,8,Lat-RpvRS,12,-2.0784815171256174E-6,2.1822127921654266E-8,0.18440675271546733,19.769076665321293,1.9879515134954054E-9,9.223975863377676E-10,2.155200255226436,0.3334876298096019
MC2,8,Lat-RpvRSB,12,3.2117303262769016E-7,2.1234918512198495E-8,0.23403967782609914,73.80607244815837,1.9303572448757306E-9,1.1780364092870678E-12,1638.622736663935,3.2144789766061166
MC2,8,Sob-LMS-RDS,12,-4.584881784639647E-9,1.4149094389961885E-12,0.1779872591263286,11.331745166388275,1.2863628914573265E-13,3.867275914616179E-14,3.3262764795125714,0.521958344864344
MC2,8,Lat-RvRS,14,1.1921391448044948E-7,5.233626899917372E-9,0.6516498419284339,134.86516720381795,4.757508971598949E-10,4.823022162099523E-11,9.864165686371106,0.9940603584044203
MC2,8,Lat-RvRSB,14,7.000391461375515E-7,6.546557086493914E-9,2.17563373336395,241.13324747980138,5.955720939684218E-10,1.650382623585099E-14,36086.91011752598,4.557349697898899
MC2,8,Lat-RpvRS,14,5.216937955818912E-7,5.084103618456764E-9,0.17979663609006505,65.88300135015321,4.6241718333406845E-10,8.394181601210738E-11,5.508782217284548,0.7410556034313833
MC2,8,Lat-RpvRSB,14,-6.938532797528311E-7,5.726535585230281E-9,3.524649465157739,271.19645829629826,5.210235170712563E-10,2.0324953242060107E-14,25634.672358953292,4.40882777102128
MC2,8,Sob-LMS-RDS,14,-9.825759495272548E-10,6.259211885658704E-14,0.18471516687414416,19.805782270316143,5.690589059560351E-15,4.471700223995233E-16,12.725783873043492,1.104684543170074
MC2,8,Lat-RvRS,16,-3.7042818299421444E-7,1.2197535821250854E-9,3.756377357545196,370.0429648543595,1.1101281765392667E-10,4.5085938668220176E-12,24.6224922743322,1.3913320098548032
MC2,8,Lat-RvRSB,16,1.5340179860935968E-7,1.5198184918574902E-9,4.217196390930612,952.7887070260057,1.3817503302166247E-10,1.2819906406346343E-16,1077816.2386057712,6.0325447224811555
MC2,8,Lat-RpvRS,16,2.3479247561400492E-7,1.315974434724283E-9,5.631060792493896,437.14831313663683,1.196772036230423E-10,7.906224812172286E-12,15.137085836313352,1.1800422736431397
MC2,8,Lat-RpvRSB,16,1.0190869786674068E-7,1.8172820496779825E-9,4.52923679756388,788.1515985481742,1.6520132369842951E-10,2.54879484841006E-16,648154.6516051781,5.8116786421750755
MC2,8,Sob-LMS-RDS,16,-4.320896817139156E-10,2.126644586529568E-15,6.228943473736676,403.071622953394,1.9349869440858137E-16,1.454391175153242E-18,133.04446404399653,2.123996808348786
MC2,16,Lat-RvRS,10,-1.8757024918163206E-7,2.339708417731232E-8,0.05657970352967193,4.1562071606402595,2.126830134316068E-9,2.592056040519476E-9,0.8205185771715909,-0.0859115817385197
MC2,16,Lat-RvRSB,10,1.5617861339023461E-6,2.8189189630987208E-8,0.09166130120897155,5.804210794883367,2.5648365133847866E-9,4.891960456811348E-10,5.242962481051175,0.7195767498879093
MC2,16,Lat-RpvRS,10,-5.900071301571231E-7,2.9816699898833156E-8,0.10404252130666902,3.716257160056352,2.7106861292175705E-9,3.6379711932809823E-9,0.7451092889971127,-0.12778002238279002
MC2,16,Lat-RpvRSB,10,5.308505173145334E-7,2.0510904196507213E-8,0.13053370964106967,7.337134763480021,1.8647229937342387E-9,1.5093931407573216E-10,12.354123941484417,1.0918119540384852
MC2,16,Sob-LMS-RDS,10,-4.6709193280669565E-8,8.69178313971057E-11,0.0011936434864164226,4.333426029840686,7.90301262273384E-12,7.652374267530224E-12,1.032753018402027,0.01399647295235539
MC2,16,Lat-RvRS,12,3.846935332205967E-8,5.0432827095828055E-9,0.1867334804263393,9.669016037909921,4.5843587819222207E-10,2.7982214098074327E-10,1.6383116667804019,0.2143965239734559
MC2,16,Lat-RvRSB,12,1.7060266471338255E-6,7.2517921977470215E-9,0.4496495574616951,16.64342443066995,6.620984376959349E-10,7.071719051766441E-12,93.62623611730584,1.971397564596773
MC2,16,Lat-RpvRS,12,9.734524504024838E-7,5.821310256296064E-9,0.01868337454757214,7.208426718668313,5.301047119705067E-10,4.2962507973007933E-10,1.2338774829056902,0.09127203883858234
MC2,16,Lat-RpvRSB,12,2.740025968587741E-7,4.712096295384708E-9,0.2425475495632636,21.988713222092425,4.284046306735553E-10,4.1790743145521175E-12,102.51184794244766,2.010774062451936
MC2,16,Sob-LMS-RDS,12,3.2569716912886935E-8,7.909987284913672E-12,0.11497915644035084,7.451037541012543,7.200786306584385E-13,3.31878556891926E-13,2.169705200004613,0.3364007298353267
MC2,16,Lat-RvRS,14,-3.6695061608296264E-7,1.1488825490746676E-9,0.11075076911319384,28.483792835217063,1.0456807646553095E-10,2.7234595474413132E-11,3.839531105346232,0.5842781903064183
MC2,16,Lat-RvRSB,14,-6.120894063831853E-8,1.8554364198543202E-9,0.27139148270153274,47.42593209017371,1.6866291709917176E-10,7.935703473694224E-14,2125.368187688292,3.327434175812329
MC2,16,Lat-RpvRS,14,3.436310050622814E-7,1.2483403900825976E-9,0.11341557516424756,21.707784312297452,1.1359222372614825E-10,4.543585522212954E-11,2.500056908157924,0.3979498945191056
MC2,16,Lat-RpvRSB,14,7.237027058945717E-7,1.1501450115021938E-9,1.6529466476795864,74.97663253613119,1.0507192715206855E-10,9.132801925538722E-14,1150.489499375304,3.0608826591766105
MC2,16,Sob-LMS-RDS,14,-1.1150759615037588E-9,3.2860299549359964E-13,0.009585997832373848,3.8517278929071743,2.987125568476813E-14,8.301301991038347E-15,3.5983820028491413,0.5561072659920534
MC2,16,Lat-RvRS,16,-5.5196481050942604E-8,2.6704649496774463E-10,1.0599474899791461,105.30193075336985,2.427757304408839E-11,2.703646229483495E-12,8.9795672153181,0.9532554056507622
MC2,16,Lat-RvRSB,16,-1.2982884548186438E-7,4.836745327394905E-10,1.9114291660106153,182.1985484992561,4.3982870555138844E-11,8.95756611077407E-16,49101.36303904773,4.6910935481743055
MC2,16,Lat-RpvRS,16,-1.7230119456031112E-7,3.661545692436313E-10,1.2028309553939813,90.5698326296441,3.3313138045892996E-11,4.581582448764866E-12,7.271098669166977,0.861600038081357
MC2,16,Lat-RpvRSB,16,-1.8566321618012796E-7,2.4167349405423153E-10,4.522426981415341,342.43374967632286,2.2002591439371992E-11,1.6179579176082975E-15,13598.988700458123,4.133506612918675
MC2,16,Sob-LMS-RDS,16,-1.4160970831869502E-9,7.209063124116055E-15,1.5738188046057173,96.35439835087818,6.573091689311599E-16,1.1389578253851035E-16,5.7711458166496294,0.7612620475483555
MC2,32,Lat-RvRS,10,1.3524095911284775E-6,6.855937910712339E-9,0.06916274309720437,3.158418265101782,6.250337677859279E-10,9.121050704609719E-10,0.6852650950290629,-0.16414138903819586
MC2,32,Lat-RvRSB,10,-6.011133308139691E-7,6.821661755017383E-9,0.12436560040383747,3.7396596429503335,6.204503907675623E-10,7.348020271213402E-10,0.8443776253560953,-0.07346328331455423
MC2,32,Lat-RpvRS,10,-3.023842649137489E-7,9.678307795552554E-9,0.03691804742828852,3.340492707022839,8.798496148593946E-10,1.2437295393731696E-9,0.707428413498028,-0.15031750095667798
MC2,32,Lat-RpvRSB,10,-8.228919574590561E-7,4.859015052192383E-9,0.0914685672550122,4.128971229915178,4.4236161941793843E-10,3.9731554097762896E-10,1.1133760797009593,0.04664188648279919
MC2,32,Sob-LMS-RDS,10,1.1490256654547148E-7,1.2580732494145809E-9,0.0011148349086148453,2.707547744943288,1.1437206097158416E-10,1.8313027584938323E-10,0.6245393364975339,-0.2044402024687078
MC2,32,Lat-RvRS,12,-2.0297251489584207E-7,1.284170005182612E-9,0.07223799946807959,4.26945662453233,1.1677225131290256E-10,1.2788214682739424E-10,0.913123952090928,-0.03947026512150606
MC2,32,Lat-RvRSB,12,-5.993083719076365E-7,1.7237487639889937E-9,0.07956981129255397,6.542680169703422,1.5704793317123813E-10,2.880567029173218E-11,5.451979821358787,0.7365542397729168
MC2,32,Lat-RpvRS,12,-2.7600432448689656E-7,1.5354232429383435E-9,0.023474467362720592,3.906980692986439,1.3964615117023089E-10,1.7456961758082436E-10,0.7999453347348705,-0.09693969005075449
MC2,32,Lat-RpvRSB,12,5.3887069317459E-7,1.210315589072955E-9,0.16884042168195496,7.541602871933459,1.1030806867069406E-10,1.0196761409918027E-11,10.817951331429734,1.0341450232754805
MC2,32,Sob-LMS-RDS,12,-8.611175503738907E-8,4.945289036607634E-10,0.00696743638781125,2.039603835173795,4.496009257711901E-11,5.6436884301352236E-11,0.7966437753198533,-0.09873583292855917
MC2,32,Lat-RvRS,14,1.468650429641485E-7,2.9149293450529087E-10,0.1880185230685774,9.323549739422635,2.6518277087375802E-11,1.5438524669409338E-11,1.7176691202832637,0.2349395081128781
MC2,32,Lat-RvRSB,14,-6.560959861649067E-8,4.023445756837892E-10,0.07992050243035415,15.29548166444832,3.657742654908706E-11,3.9929234010846796E-13,91.60563044898578,1.9619221679667094
MC2,32,Lat-RpvRS,14,-2.8016905706933374E-7,3.0072446553941095E-10,0.057463142820595975,6.9004064891163,2.7414348618071572E-11,2.338738759685067E-11,1.1721851576857252,0.06899621800448286
MC2,32,Lat-RpvRSB,14,-1.1445947989511817E-7,2.9264623641963647E-10,0.03636767881836311,21.0440229073587,2.6614643863082817E-11,2.283588178931382E-13,116.5474760669732,2.066502872948359
MC2,32,Sob-LMS-RDS,14,1.167974915955585E-9,1.778802629782527E-13,0.015894461976188448,4.744675326141266,1.617068007012747E-14,1.7963656066072413E-14,0.9001886926942841,-0.0456664465534155
MC2,32,Lat-RvRS,16,2.964909595865062E-8,6.732366214830079E-11,0.11792021881516031,29.006816606082715,6.120599958171707E-12,1.5697952295983856E-12,3.898979843210247,0.5909509899955798
MC2,32,Lat-RvRSB,16,-9.291498521078978E-8,1.0954609071164252E-10,0.38597089838663406,50.26950589011023,9.966372840165025E-12,4.272689480899168E-15,2332.575976962325,3.367835798544198
MC2,32,Lat-RpvRS,16,1.502055061144928E-7,7.216502423547771E-11,0.8930676543905437,21.350939559375416,6.582362397072034E-12,2.365128508629855E-12,2.783088687593246,0.44452704604610116
MC2,32,Lat-RpvRSB,16,-7.685641716390935E-8,7.779682376115097E-11,1.2278791507829285,78.1788746352394,7.077638188747896E-12,7.373984704537741E-15,959.811889003854,2.9821861251513
MC2,32,Sob-LMS-RDS,16,1.3211983834580598E-10,1.088310464648191E-14,0.10621978826867898,12.964426277448625,9.892916680168901E-16,4.564194574212341E-16,2.1675054643953593,0.33596020102887536
SmoothGauss,2,Lat-RvRS,10,4.00853706647641E-6,7.182430657004483E-6,8.63446218703232,370.13634173414755,6.528990150911209E-7,5.233861952547515E-8,12.474517306925351,1.096023749887052
SmoothGauss,2,Lat-RvRSB,10,7.397676609768522E-6,7.247373345555613E-6,10.098400111679597,459.605170157409,6.588409627302279E-7,4.7410885339310705E-9,138.96407080674157,2.1429025278268496
SmoothGauss,2,Lat-RpvRS,10,-2.6579333443837853E-5,6.3106286526324155E-6,1.3077608787488622,147.23424449957827,5.743426054906052E-7,9.737876643875471E-8,5.898027121259865,0.7707067652633243
SmoothGauss,2,Lat-RpvRSB,10,5.654207101839911E-6,6.249112185598164E-6,11.307478664276697,548.1016009685782,5.680762677288237E-7,6.994874324916846E-9,81.21322004388934,1.9096267302853733
SmoothGauss,2,Sob-LMS-RDS,10,1.9894174463512948E-7,1.1457223060427052E-8,0.13661810411534211,3.744438035198702,1.0415011540105775E-9,1.3314850323945854E-9,0.7822101853728752,-0.10667653327977633
SmoothGauss,2,Lat-RvRS,12,-8.114851739382915E-6,1.6489118083780863E-6,17.817240577179984,1925.704994171327,1.499519342003202E-7,3.840941035839823E-9,39.04041556512288,1.5915144318604122
SmoothGauss,2,Lat-RvRSB,12,-4.894861628666004E-6,1.6326379192075236E-6,7.484904669529949,1516.520242849451,1.4843074652632766E-7,2.8932957379729975E-10,513.0161586257897,2.7101310444324724
SmoothGauss,2,Lat-RpvRS,12,-1.6105682780972463E-5,1.1098939189210794E-6,7.84882757372402,476.3747825240598,1.0114875024776743E-7,6.787685983220224E-9,14.901801659330783,1.1732387787078278
SmoothGauss,2,Lat-RpvRSB,12,-1.982270037865329E-5,1.0903391927333286E-6,31.425331402943907,1388.7833727712818,9.950477206976142E-8,3.912327521800131E-10,254.33650816631405,2.4054087044822903
SmoothGauss,2,Sob-LMS-RDS,12,-3.152417433811904E-8,5.002631567227952E-10,0.22798852388815702,3.987907124640217,4.547491471966979E-11,5.815112972324226E-11,0.7820125754408869,-0.10678626305182456
SmoothGauss,2,Lat-RvRS,14,1.0018811806241221E-5,1.888714364090592E-7,23.36926714844478,951.1886390745841,1.726879015959236E-8,2.647534928469417E-10,65.2259200583077,1.8144202138501102
SmoothGauss,2,Lat-RvRSB,14,-5.09286153542062E-6,2.2639295663454624E-7,75.76568604300209,6739.80430122147,2.060505699669922E-8,1.5570414667387E-11,1323.3467082837253,3.1216736414422916
SmoothGauss,2,Lat-RpvRS,14,1.879543800004629E-6,6.507602435054704E-7,25.806891080433992,2015.4359175603763,5.91576388195434E-8,4.945141094270765E-10,119.62780776484009,2.077832144159749
SmoothGauss,2,Lat-RpvRSB,14,-1.6911429491280494E-6,8.628574513495179E-8,46.580881749081364,4015.8148853053326,7.846234197241503E-9,1.9275392238945052E-11,407.0596385265014,2.609658042604862
SmoothGauss,2,Sob-LMS-RDS,14,-3.292423291421106E-8,2.2758011140457203E-11,0.24500701799695185,3.9989292829486702,2.069787217780549E-12,2.559244551674041E-12,0.8087492914370649,-0.09218608681796668
SmoothGauss,2,Lat-RvRS,16,2.8197261041061884E-6,2.8707871734117255E-8,48.6407416537311,3052.3300118387306,2.617496395933436E-9,1.8161443126032655E-11,144.123810964202,2.1587357373447955
SmoothGauss,2,Lat-RvRSB,16,-2.213797119869308E-6,6.1190655670373624E-9,33.877001260613476,1503.2297777799204,5.611239577316378E-10,8.60938213032759E-13,651.758685161634,2.814086827170846
SmoothGauss,2,Lat-RpvRS,16,1.174807910735241E-6,8.444540889483964E-8,45.793535924077204,3793.772177883208,7.67746784216805E-9,3.283718594016623E-11,233.80407371561708,2.368852073878004
SmoothGauss,2,Lat-RpvRSB,16,3.2273908165758364E-7,5.569300320277272E-9,6.587110420690068,849.0559347276567,5.063535596280333E-10,1.166539677826708E-12,434.06458370227267,2.6375543522285994
SmoothGauss,2,Sob-LMS-RDS,16,6.580226770683676E-9,1.1001662543618536E-12,0.18736927051832797,4.123014827578219,1.0004841190584611E-13,1.2640239939718094E-13,0.791507221247237,-0.10154511853564767
SmoothGauss,4,Lat-RvRS,10,5.447573430701979E-6,6.3104479078757855E-6,0.2750760147785923,25.907909461453063,5.736493908821918E-7,3.329594756484248E-7,1.722880509001984,0.2362551578423366
SmoothGauss,4,Lat-RvRSB,10,-3.6107339935128405E-5,1.0588246179144382E-5,0.7933750389995405,43.570778922700065,9.637753176814153E-7,1.1466384615329208E-7,8.405224052862843,0.9245492946493836
SmoothGauss,4,Lat-RpvRS,10,1.425755145498689E-5,8.006518266657166E-6,0.6944020220667518,16.292948924853622,7.27995788212628E-7,5.003656432755399E-7,1.4549276074331452,0.16284138474840554
SmoothGauss,4,Lat-RpvRSB,10,-7.295871468201534E-6,8.662602620646048E-6,1.7505388197444607,56.783162814071574,7.874838079572062E-7,1.086523631304811E-7,7.247737511346287,0.860202456269454
SmoothGauss,4,Sob-LMS-RDS,10,-5.217585665830742E-6,1.2205113707002861E-7,0.04285491048635248,2.9759840169008394,1.1121671559845883E-8,1.6474550294976162E-8,0.6750819512953495,-0.170643502968989
SmoothGauss,4,Lat-RvRS,12,1.2417521962043264E-5,1.7844465912854913E-6,3.247420390941981,116.582338132646,1.6236038999952896E-7,4.163117611798904E-8,3.8999712508571722,0.5910614055803174
SmoothGauss,4,Lat-RvRSB,12,7.70543353094553E-6,3.0310943664263877E-6,3.6382988680944206,158.18795893820084,2.7558585161405847E-7,9.197527422601682E-9,29.963036689278407,1.4765858260689828
SmoothGauss,4,Lat-RpvRS,12,-1.0313586967031183E-6,1.914532174217565E-6,0.7728608405642619,59.35086312936549,1.7403203833713792E-7,6.957736003523518E-8,2.501273952461046,0.39816126051357426
SmoothGauss,4,Lat-RpvRSB,12,8.357147112463174E-6,2.843812024902848E-6,2.8470831163074797,175.99912079693075,2.5857235497152824E-7,1.0041564589350907E-8,25.750205824074925,1.4107807047520733
SmoothGauss,4,Sob-LMS-RDS,12,5.672118967045685E-7,7.082312661605463E-9,0.01967354558950134,3.086915880896259,6.441039502756998E-10,9.479032640128408E-10,0.6795038847624165,-0.1678080560380972
SmoothGauss,4,Lat-RvRS,14,3.6918822230537194E-6,4.5735903846183187E-7,1.1950284629409944,426.02215790856155,4.1587566590529416E-8,5.014940496481689E-9,8.292733806055294,0.9186977249003789
SmoothGauss,4,Lat-RvRSB,14,-8.763346642534987E-7,5.890289473976242E-7,1.3075916539019317,604.23444504872,5.3543499280887814E-8,6.980429236302444E-10,76.70516735909206,1.8848246218361717
SmoothGauss,4,Lat-RpvRS,14,-1.2679898405105186E-8,4.4686817938768586E-7,0.743723107344678,141.4363653419736,4.0620317667120463E-8,8.328136154764633E-9,4.8774800162075955,0.6881954986983244
SmoothGauss,4,Lat-RpvRSB,14,-8.070911037780244E-6,5.123384039957479E-7,9.535998723641775,811.1382145658797,4.6636700528193255E-8,6.912531075316092E-10,67.46689457169737,1.8290907205093152
SmoothGauss,4,Sob-LMS-RDS,14,-1.4017238686884274E-7,3.954590822052127E-10,0.026099960008027407,3.002594504806465,3.596687887049434E-11,5.3792596594567694E-11,0.6686213558638011,-0.1748197560927094
SmoothGauss,4,Lat-RvRS,16,-1.4335727073702516E-6,9.560363245316455E-8,22.794583365684552,1620.6912373383184,8.692425320699974E-9,5.846217160364072E-10,14.868461232730969,1.172266024829055
SmoothGauss,4,Lat-RvRSB,16,-8.318198409422651E-7,7.499996307705162E-8,41.98750939251033,3289.5601805653496,6.818188567951778E-9,5.2738112478066895E-11,129.2838944660254,2.1115444260390355
SmoothGauss,4,Lat-RpvRS,16,7.986361810669787E-7,1.3276600864080424E-7,1.4604096866912082,476.10771434755736,1.2069068005198814E-8,9.906962108534516E-10,12.182410584574374,1.0857332324671671
SmoothGauss,4,Lat-RpvRSB,16,3.2751841651443603E-6,7.025148371089658E-8,29.893829288728067,1836.9993585340776,6.3965867006361126E-9,6.064606062590594E-11,105.47406764131532,2.0231456950397297
SmoothGauss,4,Sob-LMS-RDS,16,6.518006779369053E-9,2.6700752858255055E-11,0.013380447979576045,3.0832021139899335,2.4271409192277602E-12,3.478113390065698E-12,0.697832602628839,-0.15624874424440163
SmoothGauss,8,Lat-RvRS,10,-1.4722941220995483E-5,7.769306699692732E-6,0.05283906431777946,6.9349552368202625,7.064467440002663E-7,7.003117567121342E-7,1.0087603659789104,0.0037880105448079974
SmoothGauss,8,Lat-RvRSB,10,3.5002648661413836E-5,1.2622445781942649E-5,0.1520917638461035,11.239349579253073,1.1486055069919012E-6,4.7620979334020077E-7,2.411973720522261,0.382372571671122
SmoothGauss,8,Lat-RpvRS,10,1.561371945182484E-5,9.395205886064644E-6,0.18650971034780453,5.434220131876431,8.542680032783964E-7,9.452331364600134E-7,0.903764341649839,-0.04394479791321712
SmoothGauss,8,Lat-RpvRSB,10,-5.114533302018383E-5,8.615926304234151E-6,0.024009313416414227,14.442641552641206,7.858035461446298E-7,3.856227650118837E-7,2.0377519623884597,0.3091513200424795
SmoothGauss,8,Sob-LMS-RDS,10,2.577049917445811E-7,6.771023882640831E-7,0.04607335312261089,2.995971052695294,6.154867350506793E-8,9.535468769866554E-8,0.6454708729115715,-0.19012335063874736
SmoothGauss,8,Lat-RvRS,12,-1.80520999589893E-5,2.013464512305158E-6,0.23321561349046643,25.976919314238064,1.833498024814682E-7,1.2069949712923453E-7,1.5190602019257227,0.18157498574300396
SmoothGauss,8,Lat-RvRSB,12,1.231906827304304E-6,2.9744382750678697E-6,0.28010585864187976,35.06174626834825,2.7037795679810045E-7,7.341173512226995E-8,3.683034549555,0.5662057928735692
SmoothGauss,8,Lat-RpvRS,12,1.619413492846318E-5,2.1933480694448007E-6,0.5211176768621312,11.181422633787841,1.9963758951861363E-7,1.7300203365021628E-7,1.1539609408421774,0.062191109111055
SmoothGauss,8,Lat-RpvRSB,12,-1.2744801384760001E-5,2.049111099462258E-6,0.34947027703996913,43.79362938422078,1.8642662890345623E-7,6.218497476615767E-8,2.997936874695226,0.47682248399586374
SmoothGauss,8,Sob-LMS-RDS,12,-2.2820073766340376E-6,6.588836167585984E-8,0.05509298127121773,3.0943129493642605,5.994459634002672E-9,8.764958019806652E-9,0.683911961752317,-0.16499980030616468
SmoothGauss,8,Lat-RvRS,14,-1.204981935918993E-5,4.94055533876796E-7,2.9600983692490557,81.20228804543075,4.5054846175989855E-8,1.9826302969115937E-8,2.272478446746891,0.3564997728606578
SmoothGauss,8,Lat-RvRSB,14,-1.0854366899754654E-5,7.123616994808781E-7,1.595615522573432,142.48787998996414,6.487149576360632E-8,9.0153018742961E-9,7.195709768584026,0.8570736382137635
SmoothGauss,8,Lat-RpvRS,14,2.173057222763903E-6,6.08987695039495E-7,1.49141373129628,41.45571507647599,5.53617036567835E-8,2.947921603606863E-8,1.8779910425381374,0.27369351647879486
SmoothGauss,8,Lat-RpvRSB,14,-1.657362954794883E-5,6.922753829696172E-7,0.97468472436364,142.77242964564576,6.320251750833084E-8,7.92198105148464E-9,7.978120257746162,0.9019005783365608
SmoothGauss,8,Sob-LMS-RDS,14,2.2496392108820003E-6,1.0934051938868604E-8,0.0503412583021546,3.3029592263639986,9.98966197822294E-10,1.2738396053853814E-9,0.7842166263311239,-0.1055639543753723
SmoothGauss,8,Lat-RvRS,16,-1.2820983696549452E-7,1.4266093863049842E-7,1.5667166294614754,351.8336035605003,1.29678957592746E-8,3.062367808516899E-9,4.234597726376616,0.6268121600001816
SmoothGauss,8,Lat-RvRSB,16,3.3195445628574826E-6,3.139561626676464E-7,4.313619177721947,387.999801381728,2.854963456259385E-8,1.2322311507680384E-9,23.169057643770103,1.364908370068204
SmoothGauss,8,Lat-RpvRS,16,7.617487669872521E-7,1.6783069515711436E-7,1.9301657697192547,180.7565014100145,1.5256390450965698E-8,4.8827717355249405E-9,3.124534849738476,0.49478537296716874
SmoothGauss,8,Lat-RpvRSB,16,2.7947211640892898E-6,1.719284177936077E-7,16.19185164118801,727.8900702142708,1.5636103643823948E-8,9.458641042560936E-10,16.531025517795165,1.218299796275898
SmoothGauss,8,Sob-LMS-RDS,16,-3.268661691398786E-8,8.344890503407331E-10,0.004723370890837046,2.93168058156795,7.585612309089792E-11,1.1473054953025099E-10,0.6611676088145725,-0.1796884310498837
SmoothGauss,16,Lat-RvRS,10,6.683873578452361E-6,8.151746736551624E-6,0.003250737411110144,3.8269467000283077,7.410384525185553E-7,9.46023155855205E-7,0.7833195709133107,-0.10606102265504787
SmoothGauss,16,Lat-RvRSB,10,2.780531122470023E-5,1.3044470711614344E-5,0.0013333605786395352,4.970580278444389,1.1865155230180463E-6,1.01996571354893E-6,1.163289615775037,0.06568785133600372
SmoothGauss,16,Lat-RpvRS,10,1.5129097476486752E-5,1.0293274175938697E-5,0.044664908939879594,3.6154008317261113,9.358875121832805E-7,1.2247063243706406E-6,0.7641730050379383,-0.11680830814216027
SmoothGauss,16,Lat-RpvRSB,10,-5.0569242877659875E-5,9.6192704917128E-6,0.11650740677983792,5.304119138812557,8.769489360219134E-7,6.950157363333873E-7,1.261768461025544,0.10097966764616038
SmoothGauss,16,Sob-LMS-RDS,10,-3.668540091324591E-5,1.3668347754049078E-6,0.0794769335349937,2.9712342413221453,1.255910997244717E-7,1.9441270757722644E-7,0.6460025236497631,-0.1897657854027092
SmoothGauss,16,Lat-RvRS,12,1.92597636439054E-5,2.0187960442415366E-6,0.1621225564466181,6.839943370243735,1.8387949891717477E-7,1.8090589814437292E-7,1.016437279288864,0.0070805850408072945
SmoothGauss,16,Lat-RvRSB,12,8.787012691167014E-7,3.3090561861977567E-6,0.2647852248938365,11.880316878197743,3.0079397944129645E-7,1.2755179054744368E-7,2.3582105601991863,0.37258257983032195
SmoothGauss,16,Lat-RpvRS,12,3.8390428884267595E-6,2.4497702065279586E-6,0.12504811903937912,5.136270936118605,2.2269885002369062E-7,2.5494392903189645E-7,0.8735208987691894,-0.05872670016981557
SmoothGauss,16,Lat-RpvRSB,12,1.1689146746663455E-5,2.488199561061994E-6,0.20199887579659906,12.165341910280713,2.2631397625220032E-7,1.076674098316285E-7,2.1019728867455125,0.3226271097832065
SmoothGauss,16,Sob-LMS-RDS,12,-6.217377409646075E-6,2.852166265531677E-7,0.011152371410094791,2.902957627949269,2.5964847135536917E-8,4.009384203470184E-8,0.6476018714560691,-0.1886919048818054
SmoothGauss,16,Lat-RvRS,14,5.767812391346462E-6,4.893052507371367E-7,0.21613334575454082,17.40977717765895,4.451111495178749E-8,3.316720753946886E-8,1.3420217815690219,0.12775956466938626
SmoothGauss,16,Lat-RvRSB,14,-1.0623608442880966E-5,8.56201846604672E-7,0.28727904884647915,30.53410009969525,7.794160891271235E-8,2.226634677354599E-8,3.500421946419722,0.5441203980522006
SmoothGauss,16,Lat-RpvRS,14,1.1906807038102926E-7,5.783728601672277E-7,0.2573090507041651,10.706438212868218,5.257410716640638E-8,4.814875303758293E-8,1.0919100464630767,0.03818686187252175
SmoothGauss,16,Lat-RpvRSB,14,5.620375723742856E-6,6.519605615746018E-7,0.2822583420664176,42.51481640057622,5.929480367040734E-8,2.0497123978727384E-8,2.892835293963461,0.46132370742637785
SmoothGauss,16,Sob-LMS-RDS,14,-9.58751678639147E-7,5.248305235938906E-8,0.02313613884602086,2.907179202405726,4.77162866424976E-9,7.398075103231843E-9,0.6449824579592708,-0.1904520970160357
SmoothGauss,16,Lat-RvRS,16,3.9747702645108085E-6,1.2423217197216677E-7,1.8520767327881256,75.19720828035395,1.1308503230925597E-8,5.763289279886505E-9,1.9621613078475029,0.29273470754361863
SmoothGauss,16,Lat-RvRSB,16,-6.210355522665114E-7,2.2555009713823613E-7,0.05120615312297412,119.72469895674372,2.0502889515022842E-8,3.959625230626462E-9,5.177987390432662,0.7141609884951101
SmoothGauss,16,Lat-RpvRS,16,5.73417186701498E-6,1.5760158714085496E-7,0.42381320483721274,35.23513178242957,1.4358864998104181E-8,8.32621950008389E-9,1.7245359671288405,0.23667225649563597
SmoothGauss,16,Lat-RpvRSB,16,-1.5034847696781513E-6,1.874746531907E-7,0.5367001266094427,132.5645488852098,1.7043706441487286E-8,3.2563649759002612E-9,5.233966882589796,0.7188309703569746
SmoothGauss,16,Sob-LMS-RDS,16,-2.6041732637148407E-7,1.3362195083361042E-8,0.017155895892494413,2.491456478695906,1.2146913502613933E-9,2.0194621926048836E-9,0.601492493748831,-0.22076978801458252
SmoothGauss,32,Lat-RvRS,10,2.8245864275532576E-5,8.13952882254226E-6,0.02682165599618706,3.2294845833708377,7.406809988177633E-7,1.0730863831251853E-6,0.6902342723431577,-0.16100348039662868
SmoothGauss,32,Lat-RvRSB,10,-2.151011337236891E-5,1.3048757952378664E-5,0.026460816831554382,3.550537218039493,1.1865947828485128E-6,1.6531431843128205E-6,0.7177810089945459,-0.14400803638726206
SmoothGauss,32,Lat-RpvRS,10,1.980528035358194E-5,1.0012898455361074E-5,0.005700799412917113,3.2867842724776355,9.105647187222055E-7,1.2743928363688569E-6,0.7145086607020553,-0.14599250267102884
SmoothGauss,32,Lat-RpvRSB,10,5.670307189321283E-5,9.956821337024347E-6,0.061336173855534665,3.7532298422969137,9.082902978976399E-7,1.149672901967402E-6,0.7900423645223862,-0.10234961986779292
SmoothGauss,32,Sob-LMS-RDS,10,-1.5904780405847725E-5,3.936103431678559E-6,0.010759124280014663,2.969245347258144,3.580447639793393E-7,5.567448540685189E-7,0.643103858729648,-0.1917188845706054
SmoothGauss,32,Lat-RvRS,12,-2.6953642469050312E-5,2.0403091065314987E-6,0.08026078111789485,3.7028910707266163,1.8619059662606264E-7,2.432880305876738E-7,0.7653093174222768,-0.11616299922712958
SmoothGauss,32,Lat-RvRSB,12,-1.0415062695747446E-5,3.423261437047733E-6,0.0736966626482929,4.718259066283682,3.112829381585953E-7,2.850773830745767E-7,1.0919243568233654,0.03819255361407339
SmoothGauss,32,Lat-RpvRS,12,1.4867835105423241E-5,2.5417526326538617E-6,0.02335590650417116,3.4956794013806496,2.3126636682895804E-7,3.262844085088232E-7,0.7087876735694658,-0.14948384381190796
SmoothGauss,32,Lat-RpvRSB,12,-7.2888590442425215E-6,2.411179371270927E-6,0.013695768656284812,5.129562304038155,2.1922933231469407E-7,1.8192025360699283E-7,1.2050847993445581,0.08101760839771606
SmoothGauss,32,Sob-LMS-RDS,12,-7.063394874794168E-6,1.2159983817585096E-6,0.0024684963704833945,2.4954582184843352,1.1058414444900579E-7,1.8487576206846647E-7,0.5981538261789683,-0.22318711489154194
SmoothGauss,32,Lat-RvRS,14,-1.9626811982006795E-6,4.875361329798674E-7,0.04587681374853474,5.873724607301553,4.432088660535572E-8,4.740264015974389E-8,0.9349877233841225,-0.029194091482065036
SmoothGauss,32,Lat-RvRSB,14,4.987711627897127E-7,8.749084745503325E-7,0.09252803610315302,9.835863581266276,7.952942910929804E-8,3.5536531009558425E-8,2.237962649981413,0.34985283418414165
SmoothGauss,32,Lat-RpvRS,14,2.9877842743843047E-6,6.469565108169769E-7,0.010407985261479926,5.431356026100933,5.8817273688133465E-8,6.922603139366942E-8,0.8496409877038276,-0.07076454486874212
SmoothGauss,32,Lat-RpvRSB,14,7.4674381253645E-6,6.33971503710207E-7,0.015223833988689702,11.091184084927045,5.768377231941396E-8,2.7651707439481262E-8,2.0860835608673027,0.31933170068530603
SmoothGauss,32,Sob-LMS-RDS,14,-7.508647239151978E-7,8.158083240395554E-8,0.00727430993462234,2.9026834669104833,7.416261463353179E-9,1.170493787026477E-8,0.6336010960120901,-0.1981840801692082
SmoothGauss,32,Lat-RvRS,16,1.3717730889062002E-6,1.3232011683084502E-7,0.3929419068663778,15.48183799194524,1.202978038133126E-8,9.070527908550156E-9,1.326249199894046,0.12262513490622605
SmoothGauss,32,Lat-RvRSB,16,5.416013115972056E-6,2.0368946342081722E-7,0.853594892589514,29.83316153608659,1.854470542302467E-8,6.021748342317669E-9,3.0796214602165066,0.48849733733082457
SmoothGauss,32,Lat-RpvRS,16,3.6738701293435566E-6,1.511625351568973E-7,0.34735038077384583,10.308329518658041,1.375417176748925E-8,1.2479919561269538E-8,1.1021042002685861,0.04222265754870996
SmoothGauss,32,Lat-RpvRSB,16,-2.2939919750307593E-6,1.552325481410794E-7,0.15572141754164684,33.66336714786962,1.4115901025205623E-8,5.266363823778802E-9,2.680388499075813,0.4281977458111735
SmoothGauss,32,Sob-LMS-RDS,16,2.7334343515623306E-7,1.3892649683193657E-8,0.030628788767981995,2.9238295975124964,1.2629165728358463E-9,1.9457371693784E-9,0.6490684316008144,-0.18770951290703058
PieceLinGauss,2,Lat-RvRS,10,6.223118559608712E-5,2.806687928278E-5,4.441406257120716,142.92155643658307,2.555152047265397E-6,4.7342969794174556E-7,5.397109768090219,0.732161250970733
PieceLinGauss,2,Lat-RvRSB,10,-1.2169556954291778E-5,2.8754580962569504E-5,2.5441615827845907,196.06365155344395,2.6139395076140315E-6,4.6317273835610445E-8,56.435521591608385,1.7515525432605479
PieceLinGauss,2,Lat-RpvRS,10,-1.0610035858064763E-4,3.599921738714678E-5,0.2758626688566433,89.70211013143951,3.283586146582585E-6,8.099721480675575E-7,4.053949452973919,0.607878329351721
PieceLinGauss,2,Lat-RpvRSB,10,1.2451868951735992E-5,4.0238253050784655E-5,1.4615285936961842,120.59879898776796,3.657812251356716E-6,8.250401520512307E-8,44.33496045328937,1.6467463254109778
PieceLinGauss,2,Sob-LMS-RDS,10,-4.674543876811657E-6,1.393064498331193E-7,0.19017978522543752,3.4264168878010692,1.2684807650286783E-8,1.807482200907501E-8,0.70179433268654,-0.15379014323503393
PieceLinGauss,2,Lat-RvRS,12,7.592279046040309E-6,8.937726087908461E-6,7.760850108841596,625.5609516496397,8.12496944091992E-7,4.619658220932343E-8,17.58781505546125,1.2452118901512768
PieceLinGauss,2,Lat-RvRSB,12,-1.3139455745038444E-5,5.399418151603206E-6,2.5559478765894212,778.3100122759101,4.909797552780072E-7,2.3477975417578894E-9,209.1235494310941,2.320402941531688
PieceLinGauss,2,Lat-RpvRS,12,-3.597005596974194E-5,6.3927348398614466E-6,4.745543221154437,224.61694760815453,5.823934418698718E-7,7.789897035016759E-8,7.476266236279192,0.8736847585826851
PieceLinGauss,2,Lat-RpvRSB,12,4.512870574957707E-5,1.0106029589977483E-5,3.607737321642534,413.08255408080237,9.206746898115852E-7,4.26023508714419E-9,216.10889328380964,2.3346726392784887
PieceLinGauss,2,Sob-LMS-RDS,12,7.519319755121451E-7,7.673971128303995E-9,0.23575294399542815,3.5612894678494427,6.981293772586308E-10,9.441356503004368E-10,0.7394375766199237,-0.13109848329494045
PieceLinGauss,2,Lat-RvRS,14,7.19516541900312E-6,1.7127100365083548E-6,14.772147479532205,1482.3802097717737,1.5573711272401628E-7,4.14682228750174E-9,37.55577208924484,1.5746766948384414
PieceLinGauss,2,Lat-RvRSB,14,-7.548735152757603E-6,1.2315230459900073E-6,8.970741293730045,1601.4699931811167,1.1200242828289816E-7,1.1390609816782149E-10,983.2873751665289,2.9926804631113706
PieceLinGauss,2,Lat-RpvRS,14,1.4013871092371503E-5,4.1872153570650725E-6,15.997986276814572,1228.4601988127306,3.808142645402087E-7,7.430235636819438E-9,51.25197680853346,1.7097106209566892
PieceLinGauss,2,Lat-RpvRSB,14,-1.3540731027218403E-5,1.588171944874955E-6,23.003600510082894,1973.36846152962,1.4454818118588487E-7,2.1108338584181645E-10,684.7918447461691,2.8355585796439406
PieceLinGauss,2,Sob-LMS-RDS,14,-9.395919512281356E-8,4.011367804150575E-10,0.24085051858550316,3.486184491880746,3.647216167007685E-11,5.0068983674702735E-11,0.7284382264883948,-0.13760727166711997
PieceLinGauss,2,Lat-RvRS,16,-5.943184245608113E-6,3.746859023252532E-7,27.782372316326004,1806.2662070209976,3.4094269960342765E-8,3.6758248236001517E-10,92.75270611767179,1.9673265892825307
PieceLinGauss,2,Lat-RvRSB,16,5.4943606814786645E-6,3.0677497797599894E-7,91.62022220087991,8879.741163202918,2.791603349731648E-8,6.2655542734735615E-12,4455.4770861222,3.6488942144956207
PieceLinGauss,2,Lat-RpvRS,16,-8.330968022148497E-6,3.171542686800319E-7,12.008711719636217,1125.0138253336845,2.8898728051200963E-8,6.666168748266209E-10,43.35132989052696,1.637002424886239
PieceLinGauss,2,Lat-RpvRSB,16,-5.315213179172587E-6,1.6887387510248554E-7,33.82930206455968,2251.9691843143755,1.5378886737955987E-8,1.1579364993776772E-11,1328.1286794415096,3.1232401548994826
PieceLinGauss,2,Sob-LMS-RDS,16,7.144816043603217E-9,2.0500727046306537E-11,0.361865376992163,3.9237625080853316,1.863567136905561E-12,2.418444711349565E-12,0.770564292067539,-0.11319112005353571
PieceLinGauss,4,Lat-RvRS,10,-7.264499172678829E-5,3.768255276436475E-5,0.03427191799901707,15.932794038402976,3.4306213411037404E-6,2.273376644215452E-6,1.5090422213287304,0.17870139102381152
PieceLinGauss,4,Lat-RvRSB,10,-3.060554371336121E-5,4.9033203083454705E-5,1.1125151121518357,39.13643427865039,4.458054859592023E-6,6.945941077836755E-7,6.418215774701677,0.8074143135988489
PieceLinGauss,4,Lat-RpvRS,10,1.14163701571267E-5,4.7323009475976584E-5,0.08228062933511192,10.558555069743907,4.301791894873836E-6,3.257660380526621E-6,1.3205157666492,0.12074359094837073
PieceLinGauss,4,Lat-RpvRSB,10,-3.987872222674144E-6,4.483913875073805E-5,0.6361144921150959,28.426797494298615,4.075893615566953E-6,1.304467783673555E-6,3.124564413609889,0.49478948217576896
PieceLinGauss,4,Sob-LMS-RDS,10,2.6295609297715126E-6,2.2842315829296315E-6,0.08028020555327635,2.962853805271819,2.0764356547898687E-7,3.2261186639334515E-7,0.6436327584609584,-0.19136186007210965
PieceLinGauss,4,Lat-RvRS,12,-6.17557737196314E-6,8.795989405438792E-6,0.12802267914948048,70.56422199083765,7.995935747102633E-7,3.251414393225554E-7,2.4592176757790303,0.39079697168531713
PieceLinGauss,4,Lat-RvRSB,12,1.953251163264555E-5,1.1520912972175534E-5,0.7683829657639913,170.43422702378706,1.0476325081814354E-6,8.813985167248817E-8,11.886025314340774,1.0750366508647116
PieceLinGauss,4,Lat-RpvRS,12,-6.890139806721041E-6,1.15990878888622E-5,1.0945004420794435,42.013406778263146,1.0544045631241303E-6,4.6935158959480586E-7,2.246513246145399,0.3515089836728204
PieceLinGauss,4,Lat-RpvRSB,12,2.084895774371981E-5,1.1242569645148453E-5,0.828346873986854,110.64565954975441,1.0223842597829938E-6,1.5655009201301228E-7,6.530716441214319,0.8149608274310408
PieceLinGauss,4,Sob-LMS-RDS,12,-6.383531604804705E-7,2.3789441103476748E-7,0.0327161606474379,3.286474704990798,2.1625009457817857E-8,3.0758940316386796E-8,0.7030479345316443,-0.15301506332600334
PieceLinGauss,4,Lat-RvRS,14,-8.842253749508682E-6,2.18455091614015E-6,0.4264029049657537,152.99594788920587,1.9865386372851033E-7,4.10709000870871E-8,4.836851963489549,0.684562795591174
PieceLinGauss,4,Lat-RvRSB,14,1.6570297328358527E-5,2.7373476019043337E-6,2.9301669410252233,713.6028894811149,2.4909947176665414E-7,1.0587340957904261E-8,23.528048521067255,1.3715859071301773
PieceLinGauss,4,Lat-RpvRS,14,6.690161635015982E-6,2.906987488677224E-6,0.506643858407528,119.93223915469176,2.642899209834623E-7,6.153252585241699E-8,4.295125501874405,0.6329758582662625
PieceLinGauss,4,Lat-RpvRSB,14,2.0032664993903155E-5,4.493868264763751E-6,1.7691650372703411,379.3051249995502,4.0889393293378296E-7,1.6534648062253966E-8,24.729521390130117,1.3932157112000811
PieceLinGauss,4,Sob-LMS-RDS,14,-2.1969322431140355E-6,1.6445281187929578E-8,0.024074956555822327,2.917574289166499,1.499702571263633E-9,2.3299649900560433E-9,0.6436588436582303,-0.19134425930905413
PieceLinGauss,4,Lat-RvRS,16,-7.810257284953752E-6,9.043912961466828E-7,16.77410540860348,1252.011833151597,8.227016893859064E-8,4.681073375605935E-9,17.57506501977045,1.2448969403874681
PieceLinGauss,4,Lat-RvRSB,16,-2.348617280176966E-6,1.9158633872247928E-7,3.665541206986756,640.7893224743924,1.7420714193002114E-8,1.1348253040623676E-9,15.35100964936248,1.1861369446813936
PieceLinGauss,4,Lat-RpvRS,16,-2.1036060868225888E-6,8.076136891796992E-7,3.3961439477627753,484.66119925549384,7.341650950500318E-8,7.797208817603344E-9,9.41574237940821,0.9738545674296835
PieceLinGauss,4,Lat-RpvRSB,16,-4.224791947939436E-6,4.131563144623438E-7,0.6930301356699505,378.01583258237116,3.757375785163042E-8,1.776541197008661E-9,21.14995020374258,1.3253093491926085
PieceLinGauss,4,Sob-LMS-RDS,16,1.573954093235296E-6,2.05823079459905E-9,0.009391758836914536,3.183571846860319,1.895705107166658E-10,2.747372936890041E-10,0.6900064718962216,-0.16114683579081
PieceLinGauss,8,Lat-RvRS,10,9.87517401608823E-5,4.292034366639455E-5,0.03918096964633505,5.374738008280822,3.911211145460067E-6,4.312236929527652E-6,0.9070028408407717,-0.04239135267580447
PieceLinGauss,8,Lat-RvRSB,10,3.302244240948167E-5,5.3204685489091306E-5,0.21957553766382273,11.951703101512296,4.837396392661088E-6,1.5313714121223756E-6,3.1588655465082693,0.49953114105164576
PieceLinGauss,8,Lat-RpvRS,10,4.157506127975404E-5,5.3129042098699403E-5,0.026402951270601518,4.209462221169004,4.831158412492191E-6,6.37744505708719E-6,0.757538225613308,-0.12059544763876653
PieceLinGauss,8,Lat-RpvRSB,10,6.349380357208894E-5,5.043344955927445E-5,0.17158247332937693,8.44425921004302,4.588432028030098E-6,3.1750744288097926E-6,1.4451415646814039,0.15991039224728612
PieceLinGauss,8,Sob-LMS-RDS,10,-2.2679520309833974E-7,5.159326423974051E-6,0.07279301311777854,2.986489249366883,4.689828233753054E-7,7.006634466135867E-7,0.6693410732955614,-0.1743525242295731
PieceLinGauss,8,Lat-RvRS,12,2.6894414847636505E-5,1.1374291522529137E-5,0.13975237317812636,13.32733591081019,1.0346464089478953E-6,8.999180962126915E-7,1.1497117496605618,0.060588969724500175
PieceLinGauss,8,Lat-RvRSB,12,-4.1408382681371116E-5,1.3433131430420327E-5,0.36193387078928874,41.18854397795211,1.2227863011814945E-6,2.0703192272935874E-7,5.906269357213934,0.7713132492129015
PieceLinGauss,8,Lat-RpvRS,12,3.3067615961324407E-5,1.3890595804573142E-5,0.05869982062291125,9.143963926773193,1.2637486258610644E-6,1.1515729819941889E-6,1.097410798638763,0.04036922938489439
PieceLinGauss,8,Lat-RpvRSB,12,-4.8890840855537204E-5,1.265623313678988E-5,0.23956611743889003,25.946710653668546,1.1528419064537614E-6,4.689570942753964E-7,2.4583099829954844,0.39063664478977606
PieceLinGauss,8,Sob-LMS-RDS,12,4.54725685121138E-6,7.516338528746125E-7,0.03912211482751071,3.1023331943299244,6.834419477117316E-8,1.0296064195131209E-7,0.663789516808682,-0.17796961066211348
PieceLinGauss,8,Lat-RvRS,14,2.7550695482477797E-5,2.703248144353832E-6,0.12694402408098213,50.350190228227135,2.464842971433315E-7,1.4794382408224882E-7,1.666066824163606,0.2216924165086416
PieceLinGauss,8,Lat-RvRSB,14,-1.937499200802527E-5,3.0659844884303694E-6,1.8236850871262391,151.04054360263052,2.7907338031363163E-7,3.704579679017806E-8,7.533199566316854,0.8769794727295653
PieceLinGauss,8,Lat-RpvRS,14,6.212399323578355E-6,3.714931308391359E-6,0.9717287673659339,32.27875216514783,3.377258498381301E-7,2.2104673453647615E-7,1.5278481744881878,0.1840801996205399
PieceLinGauss,8,Lat-RpvRSB,14,-2.9370296397765264E-5,3.5242380193270238E-6,1.0272026966037866,90.79657977638983,3.212158502673191E-7,7.65734129170898E-8,4.1948744091518675,0.6227189629647657
PieceLinGauss,8,Sob-LMS-RDS,14,-6.752947600846742E-6,1.4847255319055248E-7,0.02959505492768516,2.991101715054459,1.3541757386321E-8,2.0624365922429468E-8,0.6565902407498516,-0.18270557670869747
PieceLinGauss,8,Lat-RvRS,16,-1.2754829435626109E-5,6.419984428907439E-7,3.974221057689226,185.13827790254865,5.852034413270054E-8,2.3893760525408365E-8,2.4491893634938977,0.3890223646841846
PieceLinGauss,8,Lat-RvRSB,16,6.936770390426089E-6,5.483824922002228E-7,11.40354053184724,819.5526204095792,4.989608732444975E-8,7.0179597733226865E-9,7.109771063966388,0.8518556165867491
PieceLinGauss,8,Lat-RpvRS,16,-9.597449575513166E-6,8.281690370195963E-7,0.14152268299325546,100.94619122268821,7.537267650343582E-8,3.620540337792966E-8,2.081807395339835,0.318440546975472
PieceLinGauss,8,Lat-RpvRSB,16,-6.330713556832009E-6,5.507583120498468E-7,4.161116320320968,199.95935124703954,5.010400849946973E-8,1.156139975453795E-8,4.333732036192544,0.6368620544686363
PieceLinGauss,8,Sob-LMS-RDS,16,1.4918294442445695E-6,2.2129176378473246E-8,0.030550652116881957,3.0291814437837896,2.0137676878939332E-9,3.120898250033704E-9,0.6452525928623869,-0.19027024162552786
PieceLinGauss,16,Lat-RvRS,10,-1.003634220765009E-4,4.48189846061716E-5,0.0701459413099858,3.5438972067497323,4.084118517191904E-6,5.648163957964028E-6,0.723087811824799,-0.14080895875632435
PieceLinGauss,16,Lat-RvRSB,10,-4.85884312150144E-5,5.6123525364665364E-5,0.13360981474247965,5.30556792040514,5.103989291296018E-6,3.87880746524734E-6,1.315865594522504,0.11921153172610248
PieceLinGauss,16,Lat-RpvRS,10,1.3259989367624716E-4,5.6400575764885715E-5,0.13893330998513825,3.400139474228578,5.1443950688310636E-6,7.0611730201717844E-6,0.7285468086017683,-0.13754253989345985
PieceLinGauss,16,Lat-RpvRSB,10,-1.0104377411150007E-4,5.496758800161836E-5,0.05468999624302289,4.858229244813357,5.006763593633805E-6,5.3732377621485095E-6,0.9317963982356573,-0.03067897260576557
PieceLinGauss,16,Sob-LMS-RDS,10,-2.9877557295659733E-6,9.376850214179618E-6,0.05223180249330534,2.99773167489249,8.523646111532268E-7,1.267559483592077E-6,0.6724454530037132,-0.17234293871630377
PieceLinGauss,16,Lat-RvRS,12,2.474917256380729E-5,1.1240710436777777E-5,0.047554337750624766,5.301795260788711,1.0223931002456928E-6,1.1402463876964897E-6,0.8966422619510486,-0.047380795138328456
PieceLinGauss,16,Lat-RvRSB,12,9.040030056610915E-6,1.4655167812667274E-5,0.13668668659942407,12.224120282247936,1.3322364763148797E-6,4.1158893200208835E-7,3.2368131714195854,0.5101176326855055
PieceLinGauss,16,Lat-RpvRS,12,2.2120466844409208E-5,1.4348789134006879E-5,0.01769731643671586,4.4751673059880686,1.3047942473346398E-6,1.6194322351631617E-6,0.8057109269553219,-0.09382074646613991
PieceLinGauss,16,Lat-RpvRSB,12,-1.282755136076584E-5,1.3659322913108187E-5,0.007933599211950877,8.266135100996827,1.2417969988754473E-6,8.866842154624056E-7,1.4004952126364971,0.14628162859756935
PieceLinGauss,16,Sob-LMS-RDS,12,-2.6495305698050637E-5,1.7176252494518197E-6,0.0043620070922023,2.9884649572289335,1.5683413639920356E-7,2.315669789092355E-7,0.6772733190973482,-0.16923603290837472
PieceLinGauss,16,Lat-RvRS,14,2.2914862446311437E-5,2.628520428092167E-6,0.1428788687887188,9.748464417511716,2.3945759783451133E-7,2.287361872184076E-7,1.0468723849360417,0.01989374386032755
PieceLinGauss,16,Lat-RvRSB,14,-3.554729961741007E-5,3.3421567093213956E-6,0.9617389634075968,37.74157935187114,3.050656553874048E-7,5.612809862968355E-8,5.43516817485903,0.7352129865609148
PieceLinGauss,16,Lat-RpvRS,14,-1.3219749751173086E-5,3.595957490518709E-6,0.13682021458159882,8.007209632802416,3.2704729767163434E-7,3.327334896192789E-7,0.9829106713780124,-0.007485949808176601
PieceLinGauss,16,Lat-RpvRSB,14,-2.560259358130374E-5,3.3167009768430465E-6,0.10723487705049309,25.771005910786304,3.0214361159312233E-7,1.414242476048367E-7,2.136434286978586,0.3296895392119624
PieceLinGauss,16,Sob-LMS-RDS,14,3.2729832661771234E-6,3.7819834331108297E-7,0.01936879278132851,3.1405038341423572,3.438894182643812E-8,5.0243041329605334E-8,0.6844518348489126,-0.16465710793221053
PieceLinGauss,16,Lat-RvRS,16,1.8132764253719533E-5,6.651676125882726E-7,1.580664806856406,49.47676526454209,6.079253312375495E-8,4.309752635603263E-8,1.410580566075701,0.14939789616516538
PieceLinGauss,16,Lat-RvRSB,16,-8.908349272869948E-6,9.297027029722752E-7,1.930580855313218,144.68780392012934,8.458933438694725E-8,9.205699390435324E-9,9.18880041584186,0.9632588185912159
PieceLinGauss,16,Lat-RpvRS,16,1.6846642936730351E-6,7.844534773330358E-7,0.3334929011615895,14.595741550207208,7.130965918335532E-8,6.413957425683184E-8,1.1117887826603363,0.04602228793127521
PieceLinGauss,16,Lat-RpvRSB,16,-1.7301585424143225E-6,8.702479053835716E-7,0.9497649949046997,98.88428088199244,7.910852804794854E-8,2.193949978977094E-8,3.6057580530998274,0.556996582139879
PieceLinGauss,16,Sob-LMS-RDS,16,2.94149818365979E-6,6.347627891120076E-8,0.04348948054152369,2.953737106668142,5.778646164592623E-9,8.799727680865963E-9,0.6566846582261462,-0.18264312978451946
PieceLinGauss,32,Lat-RvRS,10,1.302856011173364E-4,4.6438004766811306E-5,0.07482676849312378,3.095917782756704,4.238188971161653E-6,6.348974819150197E-6,0.6675391054281942,-0.1755232876050128
PieceLinGauss,32,Lat-RvRSB,10,4.674935566985078E-6,5.7790441880934906E-5,0.14780796288809467,3.3955539591102073,5.253173021999539E-6,7.070866193274643E-6,0.742932036671267,-0.12905091362659007
PieceLinGauss,32,Lat-RpvRS,10,3.989524515820142E-5,5.9376962073056877E-5,0.09674314664670751,3.2126853692740345,5.398957483027103E-6,7.713397569499991E-6,0.6999454435455842,-0.1549358092578362
PieceLinGauss,32,Lat-RpvRSB,10,5.903403823206742E-5,5.658221491515032E-5,0.08752102065747898,3.616463917107007,5.14680835345715E-6,6.952664742906031E-6,0.7402641352308208,-0.13061329107255676
PieceLinGauss,32,Sob-LMS-RDS,10,-8.651217198165109E-5,2.2203548278147297E-5,0.026095361348384204,2.9556303561150816,2.025786894384572E-6,3.1144441825514987E-6,0.6504489326647531,-0.1867867946173806
PieceLinGauss,32,Lat-RvRS,12,3.562436179512858E-5,1.1484274752480314E-5,0.03524194749136025,3.7103685886401347,1.0451896701537708E-6,1.434494476886971E-6,0.7286118468869678,-0.13750377161206934
PieceLinGauss,32,Lat-RvRSB,12,-1.5872105368259416E-5,1.3974574675053313E-5,0.03084714606720747,4.945163965318039,1.2705407616911673E-6,9.69444449916217E-7,1.3105864516538024,0.11746567407151191
PieceLinGauss,32,Lat-RpvRS,12,1.7582964691418937E-5,1.4791809685074646E-5,0.08661252695843862,3.577073266190987,1.344884661020625E-6,1.8942521490136236E-6,0.7099818583924713,-0.1487527483241671
PieceLinGauss,32,Lat-RpvRSB,12,-1.2962933003327534E-5,1.4138399866420604E-5,0.11573352906792084,4.461994207463675,1.2853485854896818E-6,1.2905693041310254E-6,0.9959547165544442,-0.0017604073570325117
PieceLinGauss,32,Sob-LMS-RDS,12,-8.440913922017518E-6,6.7124288931626125E-6,0.036160514166960256,2.591788664311825,6.102310354163204E-7,1.0463459972230252E-6,0.5832019590420927,-0.23418102584278805
PieceLinGauss,32,Lat-RvRS,14,-1.7686351332854363E-5,2.8882554915993118E-6,0.1505554357727123,5.371517455757114,2.628552312098466E-7,2.970503547899559E-7,0.8848844210124286,-0.05311345087789064
PieceLinGauss,32,Lat-RvRSB,14,1.691414306097529E-5,3.5434589193335495E-6,0.0872791095241488,11.2152195967237,3.223865040029068E-7,1.0314376705583225E-7,3.125603351566531,0.49493386390845756
PieceLinGauss,32,Lat-RpvRS,14,8.83979200777762E-6,3.6483320049361572E-6,0.09000832075986814,4.37689389726539,3.3171152117143747E-7,4.303883923124199E-7,0.7707259933038513,-0.11309999386456074
PieceLinGauss,32,Lat-RpvRSB,14,-3.7472015248159916E-5,3.5086945991612848E-6,0.04578520489919374,8.487740969078377,3.203444909905191E-7,2.38457597737298E-7,1.3434023240619644,0.12820609528500057
PieceLinGauss,32,Sob-LMS-RDS,14,-8.896506429117846E-7,5.876244748656187E-7,0.006910707284987867,2.88487023691452,5.3415856243551176E-8,8.167473707499816E-8,0.6540070792575904,-0.18441755065758647
PieceLinGauss,32,Lat-RvRS,16,-6.232253522748598E-6,6.934267573324766E-7,0.24366258597841234,11.917981789735384,6.307133322549393E-8,6.069345669717143E-8,1.0391784659784145,0.016690138638831127
PieceLinGauss,32,Lat-RvRSB,16,-6.151708295692883E-6,9.430684324625871E-7,0.29757425245171537,33.072052754599724,8.576276402580446E-8,1.3837587692021539E-8,6.19781178154726,0.7922383832171396
PieceLinGauss,32,Lat-RpvRS,16,8.554139277549437E-6,8.733129543722062E-7,0.17430288636335767,7.987906647641842,7.945732085121326E-8,8.328808085498521E-8,0.9540059037926234,-0.020448937689379606
PieceLinGauss,32,Lat-RpvRSB,16,9.601409881558661E-6,8.640111250292484E-7,0.136037914531065,27.59353656301176,7.863079833687237E-8,4.2321216125197314E-8,1.857952240886976,0.2690345461561011
PieceLinGauss,32,Sob-LMS-RDS,16,-6.848040274535891E-7,8.52188380875504E-8,0.028354887165971374,3.0665730826710518,7.746861338714348E-9,1.156793580496878E-8,0.6696839841890232,-0.17413008729870588
IndSumNormal,2,Lat-RvRS,10,1.6847653729295379E-4,8.362465708812975E-5,5.076563372110172,235.3720237141259,7.629865672929218E-6,8.159977908206313E-7,9.350350894033706,0.9708279091060058
IndSumNormal,2,Lat-RvRSB,10,-7.712893145702913E-5,7.558009066287466E-5,3.1885134692637926,159.26200548564344,6.87617911332301E-6,1.5646768677139828E-6,4.394632051644769,0.6429225188569355
IndSumNormal,2,Lat-RpvRS,10,-4.441539313874694E-5,5.99921710882396E-5,0.9467066219197812,123.40566313059202,5.455261079068649E-6,1.2325672260379574E-6,4.425933907560067,0.6460049243232155
IndSumNormal,2,Lat-RpvRSB,10,-4.174402588373515E-5,7.8581772469192E-5,1.0234350167179138,90.69328595096283,7.144825681146535E-6,2.5315360689491544E-6,2.8223282175522653,0.4506075178460742
IndSumNormal,2,Sob-LMS-RDS,10,5.781224792948625E-6,5.576913425213971E-6,0.050525737779559286,3.0062590056597,5.069748529120566E-7,8.310120244736128E-7,0.6100692143813313,-0.2146208900406342
IndSumNormal,2,Lat-RvRS,12,2.7827123230444308E-5,1.8887414038926412E-5,21.832268667829865,1386.651172635645,1.717640284925693E-6,9.207430090360152E-8,18.65493702443639,1.270793787282721
IndSumNormal,2,Lat-RvRSB,12,8.603024823044679E-5,2.9452870799751506E-5,4.269669296839384,405.3511775505647,2.684667159308004E-6,2.0796879411720098E-7,12.908990364174818,1.1108922766262734
IndSumNormal,2,Lat-RpvRS,12,2.0987445947821867E-5,1.7080305409609365E-5,13.438957173538636,517.6399951560712,1.553040234620904E-6,1.3915707556323523E-7,11.160339697676223,1.0476774138292517
IndSumNormal,2,Lat-RpvRSB,12,-1.4121750208283387E-5,1.6737557466903327E-5,3.9638567913066396,390.2444617868439,1.5216433975704578E-6,3.3709004342576996E-7,4.514056191355698,0.6545669609100685
IndSumNormal,2,Sob-LMS-RDS,12,-2.617212707052443E-6,6.49599576427978E-7,0.021471378532915412,3.005675694511363,5.905545129965716E-8,9.321843233328493E-8,0.6335168895408532,-0.19824180234862565
IndSumNormal,2,Lat-RvRS,14,-7.7136482539255E-6,1.1614343051788695E-6,11.820445921618038,795.2412384070594,1.0563387871014452E-7,1.1200592150774584E-8,9.431097685566503,0.9745622432188414
IndSumNormal,2,Lat-RvRSB,14,-1.65942634883026E-5,5.69038058948082E-6,9.718990446678001,1330.6104776154918,5.175309651645259E-7,2.702055383563099E-8,19.15323306519636,1.2822420933887941
IndSumNormal,2,Lat-RpvRS,14,2.76123158812692E-6,3.1117512037716196E-6,4.071041318639241,1128.5629585092584,2.828658088227235E-7,1.7597738982603167E-8,16.07398593094033,1.206123583867574
IndSumNormal,2,Lat-RpvRSB,14,2.6337510736037462E-5,4.404168774756198E-6,18.01722458004174,628.8052530149331,4.0103260609710927E-7,4.4461734943837047E-8,9.019724637459236,0.955193279198548
IndSumNormal,2,Sob-LMS-RDS,14,-1.1218513789256205E-6,8.18041765099108E-8,0.02160716826326509,2.930167543301697,7.43725819526729E-9,1.1463858183504012E-8,0.6487569957877861,-0.18791794595943823
IndSumNormal,2,Lat-RvRS,16,-1.1783167296894349E-5,1.1344556516833272E-6,49.764801252396026,3288.6802705633154,1.0326086176956105E-7,1.3019420637442262E-9,79.31294690072109,1.8993440865432127
IndSumNormal,2,Lat-RvRSB,16,3.501561707011206E-6,3.021466608538082E-7,25.594435421294907,1286.3480860613033,2.747739240599917E-8,3.4634814060796958E-9,7.933460349394729,0.8994626555216809
IndSumNormal,2,Lat-RpvRS,16,5.6204727260750465E-6,2.2039100486716457E-6,22.56929425671408,2745.4666016152005,2.0036701313791714E-7,2.0049763845444606E-9,99.93484944883348,1.9997169625411073
IndSumNormal,2,Lat-RpvRSB,16,1.6300103154012482E-5,1.605592832406371E-6,52.75890359806256,3431.9876489855587,1.4621408182857056E-7,5.460522132059131E-9,26.776575260108704,1.4277550297055315
IndSumNormal,2,Sob-LMS-RDS,16,-5.29810363300652E-7,1.0165001692944972E-8,0.030505637959042264,3.134748827286066,9.242793529097588E-10,1.3527962699173558E-9,0.6832361778808159,-0.16542914548354112
IndSumNormal,4,Lat-RvRS,10,-3.201174395704614E-5,6.603856335187957E-5,0.040786716249091345,27.133147591240913,6.0039301604370245E-6,3.8030022312847593E-6,1.5787343249621841,0.1983090515341091
IndSumNormal,4,Lat-RvRSB,10,1.3019528729293228E-4,9.470277463499237E-5,0.5975782781690677,21.13514408656082,8.625433027154095E-6,5.966823333696778E-6,1.4455653443672785,0.16003772800717267
IndSumNormal,4,Lat-RpvRS,10,1.0775761027960339E-4,8.882817700704734E-5,0.06280987952989198,15.916749132252027,8.086092992513773E-6,5.761522731025136E-6,1.4034645648399675,0.14720145189119685
IndSumNormal,4,Lat-RpvRSB,10,8.573398304593123E-5,8.76058845809502E-5,0.3353667263391052,15.467505132117806,7.970725224257294E-6,7.79332676197937E-6,1.0227628672190907,0.009774951995487384
IndSumNormal,4,Sob-LMS-RDS,10,2.5507787292954813E-5,2.970828659976283E-5,0.014355974200629786,2.9416603424293473,2.701133899131024E-6,4.192961388408257E-6,0.6442067190502881,-0.19097474981864632
IndSumNormal,4,Lat-RvRS,12,5.175290448045047E-5,1.89286335568056E-5,2.40165827343235,154.52536116070112,1.723291153435792E-6,6.292958851762647E-7,2.738443384153229,0.43750376655236634
IndSumNormal,4,Lat-RvRSB,12,2.228513104295673E-5,2.4958553747220384E-5,0.8709108129490596,74.07501661472102,2.2692291626879347E-6,1.0115492707202884E-6,2.243320447527086,0.35089131489036757
IndSumNormal,4,Lat-RpvRS,12,5.794070111948027E-6,1.995267795577663E-5,0.40005961948197905,37.39639733258844,1.813731997428558E-6,9.091838223336781E-7,1.994901309146813,0.2999214153344797
IndSumNormal,4,Lat-RpvRSB,12,2.574197558399595E-5,2.1339342927964088E-5,0.0801039805727884,50.009732994839105,1.9404089214589027E-6,1.4553671202895172E-6,1.3332779711780873,0.12492070362502085
IndSumNormal,4,Sob-LMS-RDS,12,1.176267010544788E-5,4.949642664933869E-6,0.03367853356124365,3.084435202014808,4.5006087865049833E-7,6.559029464981741E-7,0.6861699296417952,-0.16356831816091075
IndSumNormal,4,Lat-RvRS,14,-1.3493677550801849E-5,4.563222354305351E-6,10.005258634395457,460.58866944320977,4.149789913402015E-7,9.47470290889687E-8,4.379862834015944,0.6414605097363446
IndSumNormal,4,Lat-RvRSB,14,-7.811304503926699E-6,6.003001368608239E-6,6.651554815840304,364.7038418052641,5.45733840884542E-7,1.895103597443667E-7,2.879704527080685,0.45934792913372513
IndSumNormal,4,Lat-RpvRS,14,-2.2456385246529376E-5,6.951682130089234E-6,1.1817746803485005,457.5293150171225,6.324121948634519E-7,1.4725533848777537E-7,4.294663958250672,0.6329291875416613
IndSumNormal,4,Lat-RpvRSB,14,9.711411892080594E-7,5.212720237336575E-6,0.4144177894532936,227.57186075400543,4.738372126891041E-7,2.8052006581547837E-7,1.6891383912649822,0.22766523281585999
IndSumNormal,4,Sob-LMS-RDS,14,5.45163494920014E-6,8.588591434977294E-7,0.00290789322083782,3.1735407430936515,7.810001646756294E-8,1.1645230777253365E-7,0.6706609595072666,-0.17349697405900455
IndSumNormal,4,Lat-RvRS,16,1.2412694519511554E-5,1.5793849311356298E-6,31.856374352662865,1642.4852106541543,1.4372016522546345E-7,1.51037890624262E-8,9.515503999125432,0.978431796116706
IndSumNormal,4,Lat-RvRSB,16,-3.92481261739717E-7,1.3875207655669949E-6,1.7901369635710715,1042.7997828405628,1.2612579163158065E-7,3.4189343507048245E-8,3.689038123986774,0.566913143421851
IndSumNormal,4,Lat-RpvRS,16,2.6152112198198902E-5,4.221470489932706E-6,27.995543194015927,2083.5390324251393,3.844156005073102E-7,2.2680059294663417E-8,16.949497155757552,1.2291568184258785
IndSumNormal,4,Lat-RpvRSB,16,-3.467074847797582E-5,1.292023439403098E-6,14.822733468858425,795.1580296914979,1.1864699144176467E-7,4.753937089633876E-8,2.495762758419301,0.39720329991813924
IndSumNormal,4,Sob-LMS-RDS,16,3.6556754765433432E-6,1.549492655584613E-7,0.004702039488190468,2.992614200799794,1.4098252202453931E-8,2.1566174363516718E-8,0.653720588770895,-0.18460783681963985
IndSumNormal,8,Lat-RvRS,10,-2.7519556457049478E-5,7.533783789145487E-5,0.08439883021863387,6.150460070883811,6.848966790320841E-6,8.580219984444163E-6,0.7982274117374538,-0.09787336229253193
IndSumNormal,8,Lat-RvRSB,10,-6.130861895704789E-5,9.747072268109373E-5,0.03350055072713225,6.415095747234437,8.86384743846984E-6,8.25260147767916E-6,1.07406706387603,0.031031399205241186
IndSumNormal,8,Lat-RpvRS,10,8.951524485772879E-5,9.536482500084583E-5,0.11506024143291751,4.3758774318606095,8.676675571638825E-6,1.1183921025815662E-5,0.7758169564690771,-0.11024073257241984
IndSumNormal,8,Lat-RpvRSB,10,2.4926805951539412E-5,9.674358441720971E-5,0.13558268976612164,5.27438053847469,8.794613169179308E-6,9.801875965165327E-6,0.8972377533070497,-0.047092460782371316
IndSumNormal,8,Sob-LMS-RDS,10,-9.648462707047366E-6,4.144892370668651E-5,0.03592931612895176,2.986731769615403,3.767800257770413E-6,5.623043899454165E-6,0.6700641725625079,-0.1738836025899369
IndSumNormal,8,Lat-RvRS,12,1.803708416794931E-5,1.9119415963717827E-5,0.28769565908554057,15.944318852391799,1.7382802475072323E-6,1.7452673210722923E-6,0.9959965596784525,-0.001742161692008607
IndSumNormal,8,Lat-RvRSB,12,-4.294924395706057E-5,2.3473787694016086E-5,0.6630568471750214,14.972132392457265,2.135611938942545E-6,1.7991335727634294E-6,1.1870224486235852,0.074458932283286
IndSumNormal,8,Lat-RpvRS,12,8.387058101001807E-5,2.3784938499239312E-5,0.020422419879047266,6.299917523509844,2.1690851839398113E-6,2.5908568829921184E-6,0.8372076428377575,-0.0771668156569136
IndSumNormal,8,Lat-RpvRSB,12,8.12905573813823E-5,2.4374739948688162E-5,0.14753741485606078,12.443584360318146,2.22227201605513E-6,2.118512239186411E-6,1.0489776622242064,0.02076624007529598
IndSumNormal,8,Sob-LMS-RDS,12,-5.593752520705767E-5,8.461768427590482E-6,0.02154001833441688,2.983947767519376,7.72303756794265E-7,1.1739643918978698E-6,0.6578596098180909,-0.18186677688233902
IndSumNormal,8,Lat-RvRS,14,-1.2645288878925614E-5,4.7000962011393126E-6,0.9012296024740329,25.260580242957566,4.27398648014395E-7,3.8899045648283907E-7,1.0987381332663888,0.040894197583756814
IndSumNormal,8,Lat-RvRSB,14,-1.6496607238298855E-5,6.495262969761002E-6,1.302937293024947,51.78561121670113,5.906915420016498E-7,3.747893234242219E-7,1.5760628840887483,0.19757354162301877
IndSumNormal,8,Lat-RpvRS,14,1.8764566071344213E-5,6.0950748195118575E-6,0.05504642117230857,19.55540853953014,5.543944100334738E-7,5.22501614963269E-7,1.0610386535789882,0.025731205513292856
IndSumNormal,8,Lat-RpvRSB,14,1.6154166290985706E-5,5.5907501736039805E-6,1.8475572641345581,37.56854788809285,5.084601478691587E-7,4.971380442945798E-7,1.0227745667516646,0.009779919924554183
IndSumNormal,8,Sob-LMS-RDS,14,4.7253165898237466E-6,1.8676292590095783E-6,0.028637668680957278,2.898079900127684,1.6978982826084472E-7,2.664344072611768E-7,0.6372668980940039,-0.1956786397320872
IndSumNormal,8,Lat-RvRS,16,5.448583191385878E-6,1.254210698081432E-6,7.926681463312606,388.2966358663806,1.1403743951439563E-7,7.116027008967527E-8,1.602543657727649,0.20480986973652893
IndSumNormal,8,Lat-RvRSB,16,1.1816075867168786E-5,1.5591324391480536E-6,1.1997100166454482,189.40616946763427,1.4186475836745677E-7,7.782551056258848E-8,1.8228567643429328,0.26075254419012267
IndSumNormal,8,Lat-RpvRS,16,-1.8742563660119072E-5,1.441173883523034E-6,0.10607031459632803,26.524637741351494,1.3135398970479741E-7,1.0021417891503372E-7,1.310732584220098,0.117514095928116
IndSumNormal,8,Lat-RpvRSB,16,-1.2751892881782088E-5,1.53669209713248E-6,4.037641371189994,185.99974775903357,1.3984792240141088E-7,1.1259817291665004E-7,1.24200880688297,0.0941246753631992
IndSumNormal,8,Sob-LMS-RDS,16,4.188207214825895E-6,3.936305819096945E-7,0.01762280594101948,2.9295688726020566,3.5798560975265544E-8,5.4916775138628144E-8,0.651869321985825,-0.18583945707267505
IndSumNormal,16,Lat-RvRS,10,7.589841229294764E-5,7.561557042812112E-5,0.008508728843400449,3.2637646034084855,6.8792159209048E-6,9.855984076160911E-6,0.6979735222527249,-0.15616105210125578
IndSumNormal,16,Lat-RvRSB,10,1.9257787292960692E-5,1.0198459107347188E-4,0.011634467335777065,3.790822773041502,9.270770190950016E-6,1.1852294407937054E-5,0.7821920272872833,-0.10668661503025077
IndSumNormal,16,Lat-RpvRS,10,3.1120885431044904E-5,9.920817851930568E-5,0.007097310589451713,3.163854373120053,9.0189919369149E-6,1.2598841867145771E-5,0.7158588092476887,-0.14517262631116645
IndSumNormal,16,Lat-RpvRSB,10,7.866016989899758E-5,9.928896690112414E-5,0.021186108684556795,3.6090871329236958,9.031554513640724E-6,1.1758223638115849E-5,0.7681053526115745,-0.11457920845816826
IndSumNormal,16,Sob-LMS-RDS,10,2.0431638104294789E-4,4.7537929413974096E-5,0.030934251057134175,2.9570484301005435,4.362942967292732E-6,6.802278777125626E-6,0.6413943194983754,-0.19287489071477273
IndSumNormal,16,Lat-RvRS,12,-4.39746345820515E-5,1.913179055322756E-5,0.1312577714870121,3.8982807150389256,1.7410135297750104E-6,2.2644772802230545E-6,0.7688368282518241,-0.11416582158890554
IndSumNormal,16,Lat-RvRSB,12,-6.931643145705173E-5,2.608530163013861E-5,0.14712776276946726,6.284862375961554,2.37595868584954E-6,2.326358402893602E-6,1.0213209980432265,0.009162260959464104
IndSumNormal,16,Lat-RpvRS,12,-2.042488745807205E-5,2.5007656735482355E-5,0.06708901752292323,3.6357593824511087,2.2736131732830208E-6,3.059214087109139E-6,0.7432017206195313,-0.1288932935586788
IndSumNormal,16,Lat-RpvRSB,12,4.0266910968564794E-5,2.361292327684809E-5,0.09545033276628867,5.173362298645054,2.1480361499844418E-6,2.454547993976022E-6,0.8751249334933255,-0.05792994234497743
IndSumNormal,16,Sob-LMS-RDS,12,6.684545105451873E-6,1.134241586483072E-5,0.011717887305903646,3.0380890732391834,1.0310702852563791E-6,1.527933259672454E-6,0.674813692763918,-0.1708161136474078
IndSumNormal,16,Lat-RvRS,14,1.3105443542948168E-5,4.831287663916909E-6,0.14157944531657804,6.463947007738184,4.393358013005045E-7,5.294212526052546E-7,0.829841641487862,-0.08100477604519424
IndSumNormal,16,Lat-RvRSB,14,1.612668377732265E-5,6.156152871848393E-6,0.13116695687864882,13.886442726997483,5.598543659806726E-7,4.789306097018172E-7,1.1689676012340047,0.06780247454911227
IndSumNormal,16,Lat-RpvRS,14,-1.1572886611835104E-5,6.053558243198767E-6,0.08179903461602908,5.779516976097368,5.504023760112982E-7,6.705372807735244E-7,0.8208378442080956,-0.08574262889908738
IndSumNormal,16,Lat-RpvRSB,14,-1.8288469490401286E-5,6.120326876851888E-6,0.5030156918837747,13.705534618245041,5.56672181222138E-7,5.702305380931194E-7,0.9762230256620046,-0.010450953081855278
IndSumNormal,16,Sob-LMS-RDS,14,1.2244847839823003E-5,2.581508338253178E-6,0.023716446820648284,2.9968606233955692,2.348090442458343E-7,3.568572127743239E-7,0.6579915883452446,-0.1817796582988019
IndSumNormal,16,Lat-RvRS,16,-4.750391417988533E-6,1.264127279206229E-6,0.35824966932634406,18.23572526218588,1.1493173589847031E-7,1.2074269976242508E-7,0.9518731660349777,-0.02142091607014506
IndSumNormal,16,Lat-RvRSB,16,-1.8258997375016378E-5,1.575301784126644E-6,1.118944594482934,47.956759798187676,1.435283231622528E-7,1.062521805438649E-7,1.3508270835251133,0.13059975947565738
IndSumNormal,16,Lat-RpvRS,16,-7.216879056927952E-6,1.4295112368954618E-6,0.2003334622662623,7.116121171717302,1.299946547771198E-7,1.5986990698274196E-7,0.8131277313569263,-0.0898412272642092
IndSumNormal,16,Lat-RpvRSB,16,-1.77120067101137E-5,1.4135123902540791E-6,0.6189930927989803,29.961983171496826,1.2880199145579493E-7,1.3710677258967088E-7,0.9394283668339983,-0.02713633006561543
IndSumNormal,16,Sob-LMS-RDS,16,-3.4045662226729127E-6,7.082401423400503E-7,0.021460234650970324,3.028994931606587,6.439062000987514E-8,9.307739055694554E-8,0.6917965751358318,-0.1600215923697801
IndSumNormal,32,Lat-RvRS,10,6.232419354295374E-5,7.606588158205479E-5,0.018822233146634657,3.0227611826990386,6.91827294090956E-6,1.042523001925315E-5,0.6636086616921644,-0.17808795402115335
IndSumNormal,32,Lat-RvRSB,10,1.1261716229293191E-4,1.0429935998017262E-4,0.030680170453417234,3.140872988845392,9.493494447440604E-6,1.3799988212414154E-5,0.687934967864717,-0.1624526147185606
IndSumNormal,32,Lat-RpvRS,10,1.015666888889161E-4,9.772435888117895E-5,0.03622392824721587,3.1864446232680446,8.893460014591025E-6,1.2551786299519443E-5,0.7085413822677589,-0.14963477976274903
IndSumNormal,32,Lat-RpvRSB,10,4.272324327665665E-5,1.0060157600851978E-4,0.032175750319900644,3.2730589641349956,9.146508534690524E-6,1.2866213607741933E-5,0.7108935708316574,-0.1481954134197583
IndSumNormal,32,Sob-LMS-RDS,10,1.0363278729293466E-4,5.9755412100887485E-5,0.00889815254546283,2.9891972291471425,5.442506714572775E-6,8.493041203570271E-6,0.6408195349723342,-0.19326425753340992
IndSumNormal,32,Lat-RvRS,12,-6.487307208204898E-5,1.956129002325511E-5,0.003473265823897717,3.2497867255330157,1.7823297785952523E-6,2.565631303364011E-6,0.6946944310580763,-0.15820618258590316
IndSumNormal,32,Lat-RvRSB,12,6.815915448044452E-5,2.5918376243690325E-5,0.02747754499804269,3.7282502949618372,2.360626070890939E-6,3.1543599888593212E-6,0.7483692664211696,-0.1258840561503326
IndSumNormal,32,Lat-RpvRS,12,-1.674441908836594E-5,2.5379766449372057E-5,0.05928979617018996,3.310284778551481,2.307301145818527E-6,3.216431767038185E-6,0.7173480779115607,-0.14427006102017315
IndSumNormal,32,Lat-RpvRSB,12,5.0213710294211945E-5,2.5128688655635186E-5,0.03931537665161815,3.556721772096758,2.2867192154987495E-6,3.016272439503941E-6,0.7581275436362193,-0.12025772466114631
IndSumNormal,32,Sob-LMS-RDS,12,-3.9599861445443024E-6,1.5546535746385165E-5,0.031927401314573604,2.931250210574397,1.4131957808366765E-6,2.169015409478391E-6,0.6515379165409086,-0.18606030525403722
IndSumNormal,32,Lat-RvRS,14,-4.04529060664205E-5,4.814864963431651E-6,0.02616820806074587,3.9452243218421152,4.3930766278515573E-7,5.684006913108911E-7,0.7728837587652987,-0.11188581878919182
IndSumNormal,32,Lat-RvRSB,14,-3.03088630976741E-5,6.53699365585033E-6,0.16757196879214728,5.955286885787888,5.951313504990686E-7,5.672364781403721E-7,1.0491767956287772,0.02084867684605295
IndSumNormal,32,Lat-RpvRS,14,-2.537483225450142E-5,6.288590919896269E-6,0.0011524091574156182,3.425871549878626,5.722767967305149E-7,7.906927104580018E-7,0.7237663749284202,-0.1404015974122021
IndSumNormal,32,Lat-RpvRSB,14,5.590109965241657E-6,6.365298153458965E-6,0.05844931715611672,5.13520935804699,5.786368514788434E-7,6.327181113708567E-7,0.9145255068250852,-0.038804177208992145
IndSumNormal,32,Sob-LMS-RDS,14,1.085324627732711E-5,2.898534747584408E-6,0.004462096300940271,2.9637866534202444,2.63594601510179E-7,4.1519137402329236E-7,0.6348749468369044,-0.19731181053025285
IndSumNormal,32,Lat-RvRS,16,-1.250025207048906E-6,1.1537674716477703E-6,0.1127726578826561,5.681431009733567,1.0487902573580059E-7,1.2969346747398656E-7,0.8086685303316209,-0.09222945730888599
IndSumNormal,32,Lat-RvRSB,16,-1.2053247863300253E-5,1.5931742075997946E-6,0.1734482406179222,12.210057063817795,1.4496481625487547E-7,1.26488150910197E-7,1.1460742781969862,0.05921276559445854
IndSumNormal,32,Lat-RpvRS,16,-4.95425368871707E-6,1.5755348019658074E-6,0.08876427304923905,5.444221525196624,1.4324065812830409E-7,1.9032994179443075E-7,0.7525912989718334,-0.12344080705038747
IndSumNormal,32,Lat-RpvRSB,16,-8.47456889994862E-6,1.607161789831436E-6,0.10806055091584049,10.393210980589823,1.461628250137175E-7,1.540039308471011E-7,0.9490850279583549,-0.02269487764759669
IndSumNormal,32,Sob-LMS-RDS,16,1.932958191384962E-6,6.698135817383422E-7,1.0571558871831985E-4,2.9696811552016817,6.088979090738494E-8,9.245979220971077E-8,0.6585542693983025,-0.18140843037710608
