model,s,method,k,mean,variance,abs-skewness,kurtosis,MSEAr,MSEMr,MSEratio,log-ratio
SmoothPerB4,2,Lat-RS,10,-4.433771011765783E-12,1.2422500094241054E-19,0.002173934103232907,2.3437981287515233,1.9912865546278903E-21,3.753989262077086E-21,0.530445458313887,-0.2753592646769781
SmoothPerB4,2,Lat-RSB,10,1.7155435857494204E-11,5.025265496652547E-16,0.00581839611841837,1.4906419501210457,7.976108547238002E-18,3.6455159353124E-17,0.21879231057467574,-0.6599679452895636
SmoothPerB4,2,Sob-RDS,10,4.195521912509204E-9,1.821130777700272E-13,0.03316161231394882,2.3767369373586806,2.9079971098683482E-15,5.2271942499940974E-15,0.5563208426531369,-0.2546746688391847
SmoothPerB4,2,Sob-RDSB,10,-7.260006726533647E-7,1.0138527270129516E-8,0.011948477282945702,2.1235419983677013,1.6143998836403444E-10,6.871146444376002E-11,2.3495349672858774,0.37098191285601195
SmoothPerB4,2,Sob-NUS,10,2.237243982093528E-6,2.3488206824181637E-8,0.006181982059163772,3.325617326780803,3.777966575163537E-10,5.563085823408845E-10,0.6791134803756351,-0.1680576487194619
SmoothPerB4,2,Lat-RS,12,-3.4971155162979155E-15,1.1660318972937368E-24,0.012414982652318727,1.7846901935446091,1.851882178683921E-26,7.097211472758758E-26,0.2609309565865417,-0.5834743935821308
SmoothPerB4,2,Lat-RSB,12,6.316095893955805E-13,6.858268473746753E-20,0.009060598188383548,1.4960985400048412,1.088904112720937E-21,5.418457098433876E-21,0.20096202534032584,-0.6968860010037304
SmoothPerB4,2,Sob-RDS,12,-1.301781858316818E-10,1.413851451828039E-16,0.0018871590887451087,2.767575125871235,2.2609305928963582E-18,3.570969882626424E-18,0.6331418822366149,-0.1984989570161514
SmoothPerB4,2,Sob-RDSB,12,2.1248637736347988E-9,3.1795444011919395E-12,0.0013727838074513651,2.0097379242825215,5.046842689926E-14,2.4037286200615556E-15,20.995892164385673,1.322134333550641
SmoothPerB4,2,Sob-NUS,12,1.5550147350992917E-7,4.4347935282656616E-10,0.009613279519169956,3.373249281281158,7.062831579553973E-12,1.0220715926600601E-11,0.6910310031386484,-0.1605024675462218
SmoothPerB4,2,Lat-RS,14,2.0713171552567287E-18,6.069521705908206E-30,0.03398584369650496,2.5857238802953773,9.633627057281506E-32,1.6570500580996097E-31,0.5813721203045517,-0.23554579865469524
SmoothPerB4,2,Lat-RSB,14,3.987482020768105E-16,2.777115255524852E-26,0.009831955584011037,1.889388805728936,4.409268642555325E-28,1.563905659264423E-27,0.2819395541179388,-0.5498439914213533
SmoothPerB4,2,Sob-RDS,14,-2.3170011536341878E-10,1.3374939087710492E-16,0.005252370047018537,2.716244430125832,2.1764788472374722E-18,2.23154544959693E-18,0.9753235577749921,-0.010851285793310574
SmoothPerB4,2,Sob-RDSB,14,-2.5326253249910645E-8,3.1649684721737766E-12,0.01608043272465974,2.0177167350309095,5.0873990140608117E-14,1.5936126803667708E-15,31.923685577664607,1.504113024710113
SmoothPerB4,2,Sob-NUS,14,7.4174733823085935E-9,7.882253514583982E-12,0.00415228222287356,3.3040671828331534,1.2515764254998875E-13,1.834338925787462E-13,0.6823038032421403,-0.16602220790451205
SmoothPerB4,2,Lat-RS,16,-5.2813983781366536E-18,3.1309251905650452E-30,0.05164040791109199,3.3948353594790506,4.972014869336808E-32,6.925553947015921E-32,0.7179230581950989,-0.14392209780762005
SmoothPerB4,2,Lat-RSB,16,1.320401340463496E-17,8.710284027278379E-31,0.022872857719567947,3.263553466495641,1.3998811047570178E-32,2.0793743081633947E-32,0.6732222761728077,-0.17184152213936782
SmoothPerB4,2,Sob-RDS,16,2.3029261864777342E-10,1.3076461020922629E-16,0.04914785139108089,2.7684834697317555,2.1284558608100833E-18,2.007959916520438E-18,1.0600091382792396,0.0253096093092427
SmoothPerB4,2,Sob-RDSB,16,1.1434140398070493E-9,3.1560420601295083E-12,8.069759523825809E-4,2.0223532180148833,5.00922035214362E-14,1.6172261537487423E-15,30.974148795035312,1.4909993803039974
SmoothPerB4,2,Sob-NUS,16,5.514034523257855E-9,1.4498200532106898E-13,0.022513512645940297,3.2407860839098097,2.3314761183195027E-15,3.4465122984110015E-15,0.6764740457750343,-0.16974886128795996
SmoothPerB4,4,Lat-RS,10,-4.318185473532736E-10,9.052154064332985E-14,0.12228686546026092,2.4052657665581854,1.4368926337541164E-15,2.857368536825377E-15,0.5028727009609154,-0.298541939928553
SmoothPerB4,4,Lat-RSB,10,-1.5059000468170257E-8,1.3987771914860016E-12,0.045145177399229984,2.4591825756628443,2.2427365777113892E-14,3.845455145155655E-14,0.5832174588063251,-0.23416948374742452
SmoothPerB4,4,Sob-RDS,10,1.080510673427266E-7,5.9236362244280394E-9,0.007566671982174444,2.534102982832645,9.402824425229036E-11,1.6511501577897606E-10,0.5694711883633716,-0.2445282435801917
SmoothPerB4,4,Sob-RDSB,10,-5.9090645449987594E-6,2.5932794205597493E-7,0.036052630798607245,2.001059189033133,4.150821952713935E-9,1.0754740621636427E-8,0.38595277178171045,-0.41346583576732016
SmoothPerB4,4,Sob-NUS,10,-4.787652085176705E-6,3.7182630500521646E-7,0.03649645472728605,5.695554039079945,5.924336253357205E-9,6.092163981735328E-9,0.9724518695029745,-0.012131884425434452
SmoothPerB4,4,Lat-RS,12,2.8501763013389604E-10,5.367623861725857E-15,0.0090170771540241,1.5526357679329834,8.527309376916467E-17,3.6845833055981897E-16,0.23143212324607937,-0.6355763602491855
SmoothPerB4,4,Lat-RSB,12,3.86583829377043E-9,2.9243489006178466E-14,0.014742841624670216,2.4213732222085795,4.790806526545001E-16,9.016281252369324E-16,0.5313506081330437,-0.2746188180330306
SmoothPerB4,4,Sob-RDS,12,1.9435934534781016E-7,5.437985266764472E-10,0.12576736584972623,2.5873967802847346,8.668635028517357E-12,1.6739423978606268E-11,0.5178574268503062,-0.28578979093995893
SmoothPerB4,4,Sob-RDSB,12,-3.7180768901797512E-6,1.9296266251893389E-7,0.02405154243842082,1.253221441072552,3.076417210883225E-9,7.777120367647086E-8,0.039557279114274195,-1.4027735883158892
SmoothPerB4,4,Sob-NUS,12,-3.988561811298929E-7,8.536671060726247E-9,0.0022619895548787565,3.57086798803907,1.3564825123132354E-10,1.7840755744072727E-10,0.7603279433742052,-0.11899904814244933
SmoothPerB4,4,Lat-RS,14,-1.0335912349568902E-11,5.245981888600376E-18,0.004377859144834208,1.5498955021469878,8.336805791602681E-20,3.755392105602195E-19,0.22199561476326407,-0.6536556043913724
SmoothPerB4,4,Lat-RSB,14,1.1586824538076E-9,5.281973064462216E-15,0.02907923502193876,1.5224401633708147,8.517500323758333E-17,3.8399193614256237E-16,0.22181456228799795,-0.6540099455010215
SmoothPerB4,4,Sob-RDS,14,-4.670798178281243E-9,2.7726366797244856E-12,0.020001135046999304,2.001283716577699,4.402752137239228E-14,1.4159689385185577E-13,0.3109356439587976,-0.5073294899628702
SmoothPerB4,4,Sob-RDSB,14,6.682209004545218E-6,1.798933180723194E-7,0.03151782968260588,1.006883035158868,2.8998158654425235E-9,1.6277030534457474E-7,0.017815386285009366,-1.749204756550168
SmoothPerB4,4,Sob-NUS,14,1.0334723645830653E-7,2.3052354293346418E-10,0.054268481368656626,3.4038348308080444,3.669418596984694E-12,5.536859273429197E-12,0.6627256384488308,-0.17866622780716782
SmoothPerB4,4,Lat-RS,16,-4.423662619793179E-14,1.1274186938350008E-21,0.001819188023752981,1.8890054835629584,1.789570214839289E-23,6.167576441457678E-23,0.29015776809996574,-0.537365798017631
SmoothPerB4,4,Lat-RSB,16,-1.488509492589412E-12,9.423957208239872E-20,0.008742410193324935,1.5457280917533607,1.4979322974173141E-21,7.080491442636588E-21,0.21155767358141508,-0.6745712173966211
SmoothPerB4,4,Sob-RDS,16,-8.346157479913652E-10,1.9200414241363828E-14,0.04373497722904979,2.4205613648400512,3.0543458662044107E-16,6.499217163475106E-16,0.46995596383045984,-0.3279428347481642
SmoothPerB4,4,Sob-RDSB,16,-1.958510656090916E-8,3.3032610551359923E-12,0.0038937801860986785,2.140768265125817,5.281104828837484E-14,2.4602870341640397E-14,2.146540121336658,0.33173901036135756
SmoothPerB4,4,Sob-NUS,16,-4.248663453106849E-9,6.066059585422546E-12,0.021196788900095565,3.7168140450071303,9.629508256120132E-14,1.3543440350507205E-13,0.7110090203749083,-0.14812488946123628
SmoothPerB4,8,Lat-RS,10,-3.6933642150731645E-7,1.7480402042314343E-9,0.32393458691204974,2.9057731540327745,2.788030463369645E-11,4.7974302349218664E-11,0.5811508092550829,-0.23571115310282817
SmoothPerB4,8,Lat-RSB,10,-2.866352427428376E-7,1.815191063517451E-8,5.343790243252731E-4,2.1457355671350733,2.8817891284350913E-10,7.343249922373198E-10,0.3924405622713373,-0.4062261107207355
SmoothPerB4,8,Sob-RDS,10,-4.624741316524766E-6,7.122664088623375E-7,0.056400721294303534,2.4364686908861413,1.1326073664331299E-8,2.1981859454345488E-8,0.5152463870426713,-0.2879850448528397
SmoothPerB4,8,Sob-RDSB,10,9.409104817241584E-7,6.370131894029453E-7,0.061269878272437565,2.6836066399624445,1.0111194647201364E-8,1.7085868179533916E-8,0.5917869985274102,-0.22783458045593313
SmoothPerB4,8,Sob-NUS,10,-6.1744400369833355E-6,1.6305819017322579E-6,0.008679667138162034,3.431387636422806,2.5917787892977992E-8,3.410684888892899E-8,0.7598998071437449,-0.11924366571010543
SmoothPerB4,8,Lat-RS,12,-4.7873404809855637E-8,5.141889809989103E-10,0.1485752935392401,2.1467725220838725,8.163205547027937E-12,2.0238046896080385E-11,0.40335935522557514,-0.39430786589164407
SmoothPerB4,8,Lat-RSB,12,6.420889302896702E-8,6.480243027357136E-10,0.1542707666871093,2.463772052439406,1.0289194215363688E-11,2.1232379646394206E-11,0.48459920115977456,-0.3146173061130561
SmoothPerB4,8,Sob-RDS,12,5.975907281765223E-7,9.488023504016592E-9,0.035726944755219085,2.2431679987403013,1.5094560200643731E-10,3.968969627961901E-10,0.3803143287945721,-0.41985731171914165
SmoothPerB4,8,Sob-RDSB,12,-4.52403486742324E-7,2.3158741327022848E-7,0.01871951631708036,1.7680790483303424,3.6758277566751575E-9,2.2166175151328843E-8,0.1658304931536551,-0.7803356077379664
SmoothPerB4,8,Sob-NUS,12,2.3811729286666702E-6,5.056969958906898E-8,0.06706959780804854,3.5284198145790824,8.082833594227241E-10,1.1177620691609884E-9,0.7231264879380239,-0.1407857300791334
SmoothPerB4,8,Lat-RS,14,-2.7104150215826393E-10,2.3032121098620583E-14,0.33780450586954086,2.5608753767315027,3.6562612836114176E-16,9.138682531644046E-16,0.40008625652013513,-0.3978463669413799
SmoothPerB4,8,Lat-RSB,14,1.4802894892865241E-8,5.680340031062681E-12,0.05729264678438646,2.233459728418299,9.037423676164693E-14,1.6360289003613066E-13,0.5524000018684777,-0.25774632862441726
SmoothPerB4,8,Sob-RDS,14,-9.002392078611855E-9,1.1620645286386002E-9,0.03764283275835874,2.519387014502448,1.8443705204741496E-11,3.148603557635604E-11,0.585774133425407,-0.2322698097773914
SmoothPerB4,8,Sob-RDSB,14,-1.8396275178776175E-6,1.9419149993958057E-7,0.016287028906281333,1.2846078671435615,3.0854807498741612E-9,6.465846493616425E-8,0.047719672171623345,-1.3213025485420151
SmoothPerB4,8,Sob-NUS,14,3.9477229149115606E-7,2.275753396568697E-9,0.006471090182950105,3.571808986282066,3.627530264195521E-11,5.0989199752109163E-11,0.7114311034162618,-0.1478671515950458
SmoothPerB4,8,Lat-RS,16,4.982394382942675E-10,5.544730853491136E-15,0.008183144809373032,1.7044911047055902,8.825104222685252E-17,3.540389064041113E-16,0.24926933348426958,-0.6033311475602993
SmoothPerB4,8,Lat-RSB,16,-5.623597931330431E-10,7.271138094350925E-15,0.01990040005208189,2.125301897325218,1.1571959743441663E-16,2.8045651281123246E-16,0.41261155347925293,-0.3844586155726662
SmoothPerB4,8,Sob-RDS,16,1.2082681214660068E-7,3.0376844086973906E-10,0.009966843869320516,1.241366056180762,4.8358382300517975E-12,1.1772247038982872E-10,0.041078293838366614,-1.3863876028539805
SmoothPerB4,8,Sob-RDSB,16,9.043339311321741E-8,6.064176858814406E-10,0.024500181190712338,1.640618952994268,9.632893184508264E-12,6.780275488750323E-11,0.14207229780693925,-0.8474905954183409
SmoothPerB4,8,Sob-NUS,16,-8.518664918886832E-9,1.0324695705095913E-10,0.009142545781021,4.418144445197198,1.6387492717036516E-12,2.1839585831708722E-12,0.7503573027123822,-0.12473188641466994
SmoothPerB4,16,Lat-RS,10,1.0432178718285479E-6,1.1897158283363749E-7,0.09252453270227255,2.9632300018981343,1.8893372825019776E-9,3.258848807610361E-9,0.5797560408724164,-0.23675471745687773
SmoothPerB4,16,Lat-RSB,10,4.954690264097204E-6,4.931345361759988E-7,0.11806400509103701,2.8667358035653105,7.851298522635064E-9,1.2790845720754257E-8,0.6138216888892383,-0.21195777019142326
SmoothPerB4,16,Sob-RDS,10,-1.7065026753589158E-6,1.5237648040905865E-6,0.03457287196579307,2.641224220318227,2.4187236399161602E-8,4.2005893947485934E-8,0.575805776908343,-0.2397239822734451
SmoothPerB4,16,Sob-RDSB,10,3.900814060125174E-5,7.661493921515424E-6,0.10540746044278605,2.234102977984368,1.2312048855893328E-7,3.061296508100003E-7,0.40218413418355264,-0.39557506594326264
SmoothPerB4,16,Sob-NUS,10,-4.045977029252698E-6,3.1449225109694015E-6,0.06901964190268493,3.099177498568178,4.993078292564989E-8,7.486398745341136E-8,0.6669532925523415,-0.17590457912250335
SmoothPerB4,16,Lat-RS,12,-5.136681482735174E-7,6.763588009572652E-9,0.2006559495664661,2.807842514210423,1.0761165894705383E-10,1.9165825216479073E-10,0.5614767834495729,-0.250668196710082
SmoothPerB4,16,Lat-RSB,12,1.494101614581411E-6,1.7411257223139192E-8,0.074686242974219,2.604577357603428,2.7857386499051824E-10,4.910112565677259E-10,0.5673472069414648,-0.24615107883398513
SmoothPerB4,16,Sob-RDS,12,-3.0035040455875066E-6,3.932120284998801E-8,0.012754290843592725,2.772015398482525,6.331046989280988E-10,1.1121562071512062E-9,0.5692587919369705,-0.24469025318497503
SmoothPerB4,16,Sob-RDSB,12,7.163922159569624E-6,8.286242524083554E-7,0.012810350044932993,2.487690404609318,1.3202772415360985E-8,2.8125187048922686E-8,0.469428786105325,-0.32843028230585386
SmoothPerB4,16,Sob-NUS,12,5.994171812416397E-6,1.7815675739655032E-7,0.04010652168671344,3.2012678089909707,2.8635323452534448E-9,3.868739941219315E-9,0.7401718359882681,-0.13066744410930503
SmoothPerB4,16,Lat-RS,14,7.705015987100869E-8,4.9867188630370024E-11,0.026243439881586762,2.7997955767222695,7.974002495410207E-13,1.27530181210801E-12,0.6252639508313393,-0.20393660955111553
SmoothPerB4,16,Lat-RSB,14,-1.7655244767249544E-8,3.378667390497083E-9,0.004113423226522742,2.2655758206919177,5.3624589862557206E-11,8.667421133078287E-11,0.6186914081964321,-0.2085259150108508
SmoothPerB4,16,Sob-RDS,14,-1.0273494313303392E-6,4.662444106564523E-9,0.02138964919937809,2.561794503654065,7.50550954596717E-11,1.4343899540354274E-10,0.5232544695988435,-0.2812870532638606
SmoothPerB4,16,Sob-RDSB,14,6.6933105866118636E-6,2.0899793158567465E-7,0.0364378716162896,1.5625530184898866,3.361896149347201E-9,3.332993827341862E-8,0.10086715798175928,-0.9962502156169566
SmoothPerB4,16,Sob-NUS,14,-1.8028137921846822E-6,1.4463643969774617E-8,0.06259767130305074,6.681817041039981,2.3280882971814273E-10,2.054981734059428E-10,1.1328997521464594,0.054191481782364555
SmoothPerB4,16,Lat-RS,16,2.726049013224973E-9,1.9506181440832835E-12,0.0046344537997312935,2.4198613201583563,3.096652788717291E-14,5.910312209591569E-14,0.5239406445723591,-0.28071790995286805
SmoothPerB4,16,Lat-RSB,16,-2.361875802728163E-8,1.1036048371756989E-11,0.40723885845850993,2.5346549362607274,1.757156991739229E-13,4.887445058854041E-13,0.3595246535929817,-0.4442713234945027
SmoothPerB4,16,Sob-RDS,16,-3.6656121165615785E-7,6.667183809232692E-10,0.013456983880758434,2.2307882622185806,1.0716140281973002E-11,8.536346339128324E-12,1.2553544404417012,0.09876636310407684
SmoothPerB4,16,Sob-RDSB,16,-5.752583025908256E-7,1.0527244266420323E-9,0.02031629688622107,2.5478623222121373,1.703916265754679E-11,3.330157897424289E-11,0.5116623049833682,-0.2910165770492496
SmoothPerB4,16,Sob-NUS,16,1.893065733654104E-7,6.236794749576525E-10,0.030269465118504514,3.526287369680409,9.93452121697581E-12,1.3107529291876722E-11,0.757924777107509,-0.12037389530229595
SmoothPerB4,32,Lat-RS,10,2.5707717453099483E-6,2.3110598220418705E-7,0.09933739108454354,2.991725503632194,3.6745909563500816E-9,5.809746899579594E-9,0.6324872700764268,-0.19894821100779395
SmoothPerB4,32,Lat-RSB,10,6.856300859466241E-6,1.0237738523579985E-6,0.15447021445646714,2.9913248008903235,1.6295762432471752E-8,2.5956535307049856E-8,0.627809614792687,-0.2021720374422303
SmoothPerB4,32,Sob-RDS,10,-7.714580295936121E-6,2.7635457859196125E-6,0.05058369547007613,2.8580791647392174,4.392093429423801E-8,7.132501601493267E-8,0.6157858315102612,-0.21057030791041065
SmoothPerB4,32,Sob-RDSB,10,3.326539431140147E-5,1.1713559312482277E-5,0.06435439173946327,2.5776472935375576,1.8701750640394744E-7,3.356736216829755E-7,0.5571409080829555,-0.25403495228829237
SmoothPerB4,32,Sob-NUS,10,-1.7594960683770376E-5,6.410310556946395E-6,0.10049506230661895,3.2418746528112385,1.0205036876671263E-7,1.5832974088419625E-7,0.6445432689828827,-0.19074792260888412
SmoothPerB4,32,Lat-RS,12,5.407076581417993E-8,2.1218856908981602E-8,0.05590544085929276,2.9056596041853466,3.3677649544598084E-10,5.03946926090634E-10,0.6682777054689528,-0.1750430272098644
SmoothPerB4,32,Lat-RSB,12,1.3144176192142948E-6,5.4914135334945916E-8,0.07089827261276684,2.945030148536869,8.732934702080569E-10,1.4088812847280197E-9,0.6198488685131789,-0.20771418723037038
SmoothPerB4,32,Sob-RDS,12,-4.814928896605405E-7,9.180205074732903E-8,0.012440034630115447,2.8696879414099112,1.4572615265496874E-9,2.37495517946653E-9,0.6135953803039862,-0.21211791880490252
SmoothPerB4,32,Sob-RDSB,12,1.1194267704267387E-5,1.0063785512020259E-6,7.909123553924398E-4,2.669851612887699,1.6097976920655528E-8,2.928621078321304E-8,0.5496776978018251,-0.2598918834055438
SmoothPerB4,32,Sob-NUS,12,-2.2956599798297646E-6,3.622467873597163E-7,0.07951825003654683,3.0746246888472886,5.754644065552204E-9,8.912554764484859E-9,0.6456783961074285,-0.18998374450370736
SmoothPerB4,32,Lat-RS,14,4.5745957498678635E-7,8.251416329168385E-10,0.027993836066372152,2.821617238526162,1.3305445750898627E-11,2.3137178538189488E-11,0.5750677736672638,-0.24028096923174175
SmoothPerB4,32,Lat-RSB,14,1.0465389441316675E-6,7.98171199915105E-9,0.04599107660741956,2.859269812393407,1.2777641563382448E-10,1.9936098270810585E-10,0.640929904628872,-0.19318946454900682
SmoothPerB4,32,Sob-RDS,14,-3.1703781462019435E-6,2.110335722353629E-8,0.02315702918364526,2.5952810868373386,3.4499172438061227E-10,5.593826776238961E-10,0.616736517201502,-0.20990033607250758
SmoothPerB4,32,Sob-RDSB,14,5.5104406173777725E-6,3.0894860336117065E-7,0.03615718333582728,2.257192011465065,4.933820646287084E-9,1.1303005924677665E-8,0.43650518093732527,-0.36001059722957224
SmoothPerB4,32,Sob-NUS,14,-9.716295323364094E-7,2.875937983150291E-8,0.03083320612347631,4.091131424852217,4.573965067023902E-10,5.321030742799512E-10,0.8596013231484241,-0.06570292468871777
SmoothPerB4,32,Lat-RS,16,1.380048341038627E-9,1.7294688985426598E-11,0.018038082855847442,2.7755589391134867,2.7449332543069435E-13,4.2979181808496003E-13,0.6386657769656129,-0.19472635497587482
SmoothPerB4,32,Lat-RSB,16,-1.1605946366541838E-7,1.0458325564426274E-10,0.003059363770318703,2.7436936468020305,1.6733554708316744E-12,2.7573773019735505E-12,0.6068648891952494,-0.21690798834551372
SmoothPerB4,32,Sob-RDS,16,-2.2867672885776154E-7,1.122387200930542E-9,0.045310637937716725,2.706305952152884,1.786618133537583E-11,2.971322874394575E-11,0.6012871064715971,-0.2209181087243891
SmoothPerB4,32,Sob-RDSB,16,-3.1112968341587224E-7,6.1881079422580504E-9,0.014455314467355165,2.757889590261938,9.831091487774096E-11,1.697964410060608E-10,0.5789927886311339,-0.2373268453869146
SmoothPerB4,32,Sob-NUS,16,-1.2552280042706763E-7,1.815722104246467E-9,0.03517504518598238,3.1592075756063007,2.8833859656538836E-11,4.5040027569853E-11,0.6401829930459109,-0.1936958674059161
SumUeU,2,Lat-RS,10,1.6084177917381566E-5,1.1554248284145987E-6,0.006659291685139719,2.457292432890538,1.85969434131154E-8,2.8909407284505713E-8,0.6432834554543988,-0.1915976180341993
SumUeU,2,Lat-RSB,10,8.962665934163071E-11,8.040315125084415E-13,0.43557201281398816,2.5343475081344184,1.2761136752893472E-14,3.382345703215079E-14,0.37728658962220835,-0.4233286312065841
SumUeU,2,Sob-RDS,10,-1.7454330657801635E-6,1.1786258042735292E-6,0.014281634646155903,2.4056500030793058,1.870952180155699E-8,3.0975312866839534E-8,0.6040139733854432,-0.2189530142033794
SumUeU,2,Sob-RDSB,10,1.15730838825276E-8,7.945844762729686E-13,0.4354042964610193,2.5766977063505987,1.2745127029684419E-14,2.873259945499391E-14,0.4435772353158681,-0.3530307502379121
SumUeU,2,Sob-NUS,10,8.891506173860775E-8,1.3648941331223845E-9,0.007697201519458482,3.055726305843428,2.1670725629617825E-11,3.421661661225976E-11,0.6333392303274439,-0.19836361005091901
SumUeU,2,Lat-RS,12,5.834688370408436E-6,7.283894499848813E-8,0.01993680730176257,2.387017748592957,1.1901017011414985E-9,1.989029682553132E-9,0.5983328009534155,-0.2230571882283275
SumUeU,2,Lat-RSB,12,-2.311399211791044E-10,3.1398077120850186E-15,0.4522844192216052,2.5988959000641447,4.9886659493540624E-17,1.2485757831156845E-16,0.39954851093662824,-0.3984304835513496
SumUeU,2,Sob-RDS,12,2.2340813146169463E-6,7.437655127347928E-8,0.010086299389558798,2.4195857174969015,1.1854532402465416E-9,1.864910335085938E-9,0.6356623253910564,-0.1967735276911924
SumUeU,2,Sob-RDSB,12,9.510861399869637E-10,3.186209179397935E-15,0.44341047985393306,2.5269541242683324,5.1474256250119666E-17,1.1971466512970754E-16,0.4299745247948422,-0.3665572748129068
SumUeU,2,Sob-NUS,12,-1.834633534024318E-8,2.1577669152343382E-11,0.03128349861675521,2.998530480176281,3.4280502270975235E-13,5.318513536065964E-13,0.6445504376084014,-0.19074309240222082
SumUeU,2,Lat-RS,14,1.376695765932772E-6,4.491027692781247E-9,0.007105422527119752,2.427250544665317,7.317431647022244E-11,1.1327067613119125E-10,0.6460128867375278,-0.18975881856346624
SumUeU,2,Lat-RSB,14,1.0827767522026295E-11,1.2468134827276228E-17,0.4407035732833688,2.53351717749731,1.980043518795666E-19,4.992563805276207E-19,0.3965985405540796,-0.40164888829127104
SumUeU,2,Sob-RDS,14,-9.659932956275966E-7,4.565401447972747E-9,0.0129135433913567,2.419939966774214,7.33925860285935E-11,1.135233094722715E-10,0.6464979427552711,-0.18943285276572983
SumUeU,2,Sob-RDSB,14,1.856033669178063E-11,1.1950309721624557E-17,0.4582294731492725,2.5925344996411543,1.900129732513249E-19,4.543677591445983E-19,0.4181920249118183,-0.37862425360781443
SumUeU,2,Sob-NUS,14,-1.0744248641433111E-9,3.406568337612817E-13,0.03974877067139835,3.101751768976688,5.40786499319989E-15,8.094974141880159E-15,0.6680521640238181,-0.17518962485499487
SumUeU,2,Lat-RS,16,1.279759392545282E-9,2.853973919153548E-10,0.010796494870683257,2.385465213175212,4.529665958040662E-12,7.67052071025101E-12,0.5905291347414189,-0.22875867087807875
SumUeU,2,Lat-RSB,16,1.3710200938109626E-12,4.778236350436949E-20,0.44786143518479854,2.564151883522693,7.602540654312692E-22,1.8876678078866275E-21,0.40274780459514503,-0.3949668182701664
SumUeU,2,Sob-RDS,16,4.387456111731624E-8,2.921546139206099E-10,0.010474951376927803,2.3874501272491235,4.638836063767488E-12,7.0174302226866085E-12,0.6610448435626225,-0.17976907810709253
SumUeU,2,Sob-RDSB,16,1.4219756822912509E-12,4.6695923204040243E-20,0.42786600788265733,2.5828310070190104,7.431530245508664E-22,1.9013201755463314E-21,0.3908615887575728,-0.4079770070051775
SumUeU,2,Sob-NUS,16,-1.1242105199782992E-9,5.334525231058561E-15,0.009718953724873705,2.9440549478515297,8.593038546045933E-17,1.372818214651946E-16,0.6259414723911241,-0.20346627286925195
SumUeU,4,Lat-RS,10,-2.8451940102410334E-6,2.3307710421850627E-6,0.02544817805466472,2.6960559528053922,3.700076124135026E-8,6.366598310119693E-8,0.5811700289389647,-0.23569679045461558
SumUeU,4,Lat-RSB,10,6.571961520062422E-9,1.609025037318866E-12,0.3521595741026266,2.8509398168068047,2.5580716627667754E-14,4.8133520474128845E-14,0.5314532653271655,-0.2745349202336591
SumUeU,4,Sob-RDS,10,-5.341257330798134E-7,2.34065385723741E-6,0.009217963536117394,2.7438393449456644,3.714980579588106E-8,6.006167447951723E-8,0.6185276404265122,-0.2086408880858036
SumUeU,4,Sob-RDSB,10,5.295796100185504E-9,1.6017060823529567E-12,0.3204730131002739,2.788705411177841,2.5449409134822384E-14,4.497313527239013E-14,0.5658802523035628,-0.24727546150774743
SumUeU,4,Sob-NUS,10,2.1259436260066878E-7,2.854602692871565E-9,0.00812301053994905,3.0149873711310193,4.535181910272828E-11,6.998505306582035E-11,0.648021500534911,-0.18841058454798099
SumUeU,4,Lat-RS,12,-1.4216169332887457E-6,1.453633888512651E-7,0.017796771382080284,2.6775064461217513,2.3091456377586636E-9,3.873931696354072E-9,0.596072883766098,-0.2247006344171474
SumUeU,4,Lat-RSB,12,9.351212952976002E-11,6.198288886776765E-15,0.3176139684422833,2.7919724459625357,9.838444384992613E-17,1.8950275003365248E-16,0.5191715889740636,-0.2846890817881855
SumUeU,4,Sob-RDS,12,9.779170447860347E-7,1.462860212218155E-7,0.006624936580440305,2.7156363370157677,2.322724458567012E-9,3.737437508387884E-9,0.6214751292440746,-0.20657624666543065
SumUeU,4,Sob-RDSB,12,8.748587596490258E-10,6.385346618674057E-15,0.3491909278576424,2.810888118779799,1.0210995061143287E-16,1.9047985618245903E-16,0.5360669241246309,-0.2707809883600416
SumUeU,4,Sob-NUS,12,-4.489523998915562E-8,4.3321442330752915E-11,0.008436412064675018,3.0176993841856268,6.895887601374908E-13,1.0574512929523063E-12,0.6521234261411915,-0.1856701984106776
SumUeU,4,Lat-RS,14,7.920194101876987E-7,9.234821707278864E-9,0.014973040724100335,2.755617154294993,1.471971078430686E-10,2.420368045281988E-10,0.6081600198366494,-0.21598213357537815
SumUeU,4,Lat-RSB,14,-2.887624531632391E-11,2.419311867122171E-17,0.3474119191537529,2.882763860448304,3.8481319245395884E-19,8.115499493680176E-19,0.47417068136548635,-0.3240653025611736
SumUeU,4,Sob-RDS,14,-9.573453710435998E-7,9.31001359833886E-9,0.00923864931555349,2.6700110383753577,1.486797259845225E-10,2.5322285637583786E-10,0.587149707228045,-0.23125115133577745
SumUeU,4,Sob-RDSB,14,-3.196820231629421E-11,2.3666667954347865E-17,0.3475529128991061,2.858793194457641,3.766457959204852E-19,7.591267211001985E-19,0.49615668300361543,-0.30438115452105396
SumUeU,4,Sob-NUS,14,2.19531286431808E-9,6.867270291754099E-13,0.011935232796186546,3.0188735995557545,1.0904158390199103E-14,1.7096593722141608E-14,0.6377971289144719,-0.19531744009369995
SumUeU,4,Lat-RS,16,1.562002371787043E-7,5.900412232047975E-10,0.001953128045990525,2.6713913878674234,9.389195642387968E-12,1.5665191302445258E-11,0.5993668038335646,-0.22230731429517728
SumUeU,4,Lat-RSB,16,-1.5420251610114918E-12,9.554458206744578E-20,0.3481697591743028,2.8737744223579864,1.5188068512676532E-21,2.8198371319845126E-21,0.5386150973190302,-0.26872147752968106
SumUeU,4,Sob-RDS,16,5.985569124190662E-8,5.72786976573062E-10,0.01822027654496942,2.715078935002001,9.094530289097928E-12,1.5129277759111196E-11,0.6011212454355922,-0.22103792248490117
SumUeU,4,Sob-RDSB,16,-2.536439798262415E-12,9.39600840602604E-20,0.3141521523093611,2.798775351464047,1.497714289578057E-21,2.829813445327778E-21,0.5292625533498998,-0.27632883234315536
SumUeU,4,Sob-NUS,16,1.4510623653018097E-9,1.0577524239519506E-14,0.02848359243497837,3.0523637139766504,1.6998600241808346E-16,2.533300625022526E-16,0.6710060414427599,-0.1732735696172349
SumUeU,8,Lat-RS,10,-2.4063168047533395E-5,4.72260791019243E-6,0.024640884179523086,2.9374212224515515,7.553357017396653E-8,1.2030825869440145E-7,0.6278336250035135,-0.20215542842186204
SumUeU,8,Lat-RSB,10,1.1895652951259015E-10,3.2226914390099393E-12,0.24745115600490072,2.9392544041952156,5.1148731132656525E-14,8.666497122612178E-14,0.5901892126543479,-0.22900873270035188
SumUeU,8,Sob-RDS,10,4.588553900087332E-5,4.678261991834095E-6,0.03251471802037182,2.820700694324169,7.635618373122466E-8,1.2613199322357E-7,0.6053672964311497,-0.21798104450122463
SumUeU,8,Sob-RDSB,10,-1.4393309092088035E-8,3.1917478773850186E-12,0.2050134297127205,2.7890116249384094,5.0864765800545467E-14,8.389758216390294E-14,0.6062721295254455,-0.21733239592718845
SumUeU,8,Sob-NUS,10,-2.497921483504313E-7,5.585775437188625E-9,0.00868349820270644,2.993102579407536,8.871663198475697E-11,1.3413286175534731E-10,0.6614086274143048,-0.17953014444803608
SumUeU,8,Lat-RS,12,5.036370294529185E-7,2.9218591095979385E-7,0.002649314097249555,2.851698932294695,4.637661465633592E-9,7.619060511747275E-9,0.6086920373559338,-0.2156023794610512
SumUeU,8,Lat-RSB,12,3.6360511277313767E-10,1.2287951952939136E-14,0.2293454834781275,2.826355005464798,1.951595603882545E-16,3.300843980605292E-16,0.5912413962457781,-0.22823516606837194
SumUeU,8,Sob-RDS,12,4.530585165227972E-6,2.9487270631999604E-7,0.020898746113826194,2.8379116311911776,4.700577297961035E-9,7.51589706459576E-9,0.6254179983522504,-0.20382962473588803
SumUeU,8,Sob-RDSB,12,-9.623739394241977E-10,1.2499483019631172E-14,0.21367129953905667,2.877247127611734,1.993108155251433E-16,3.706178336512052E-16,0.5377798838269562,-0.26939544701108753
SumUeU,8,Sob-NUS,12,-1.7005721478608208E-7,8.652818295715444E-11,0.061552850762234435,2.9820670801470825,1.4022453315207794E-12,2.1895004405330594E-12,0.640440762450537,-0.19352103411695978
SumUeU,8,Lat-RS,14,5.797448415186978E-7,1.827011432300524E-8,0.003578543147122377,2.887358088384996,2.9030891855067927E-10,4.861695186131588E-10,0.597135170832616,-0.2239273484318665
SumUeU,8,Lat-RSB,14,6.245172215430784E-11,4.887202758104807E-17,0.24055984610424114,2.8810153244494185,7.795691124935304E-19,1.2366747212896586E-18,0.6303752305056916,-0.2004008600268112
SumUeU,8,Sob-RDS,14,-1.5924719769454544E-6,1.828421949454375E-8,0.03246791056248959,2.9160341500364555,2.927326506893295E-10,4.63445557236805E-10,0.6316440973880197,-0.19952755791681775
SumUeU,8,Sob-RDSB,14,7.821945977254817E-11,4.7324506240043133E-17,0.2167754429605316,2.923682406441763,7.572258043540796E-19,1.2865392692402726E-18,0.5885757414938735,-0.23019764157799313
SumUeU,8,Sob-NUS,14,2.009480205873846E-9,1.3374893011216803E-12,0.008464782393162304,3.0235810781815435,2.123190391850047E-14,3.4741491708933287E-14,0.6111396740353836,-0.21385952178605905
SumUeU,8,Lat-RS,16,3.6636449515796914E-8,1.1843486045036762E-9,0.012418150718122741,2.904876649402179,1.8798646509484327E-11,3.015555703588475E-11,0.623389131466355,-0.20524077373921593
SumUeU,8,Lat-RSB,16,-1.2993258464548387E-12,1.9054024601238293E-19,0.2701157902873879,2.8796634197251105,3.0258341522232292E-21,5.713392463561796E-21,0.5296037637044959,-0.27604893718186485
SumUeU,8,Sob-RDS,16,-3.708451993977262E-7,1.1258963567891538E-9,0.025127451164330104,2.915915598720879,1.800710976752705E-11,2.7151020675876866E-11,0.6632203622284448,-0.17834214851975633
SumUeU,8,Sob-RDSB,16,4.157872905819923E-13,1.871307733309589E-19,0.2076843259765719,2.883462129432264,2.9702055815095137E-21,5.458862682527582E-21,0.544107033689706,-0.2643156599186082
SumUeU,8,Sob-NUS,16,1.0310211240105712E-9,2.1421291535886405E-14,0.002242756468599003,3.018288702461169,3.4104950307772453E-16,5.237841784669791E-16,0.6511260116254644,-0.18633495481474172
SumUeU,16,Lat-RS,10,-2.2374638395991208E-5,9.30434925730494E-6,0.02100454111591972,2.923987350372921,1.4817393908429122E-7,2.504395348233031E-7,0.591655543478129,-0.22793106203527408
SumUeU,16,Lat-RSB,10,9.276606309830555E-9,6.299480697580633E-12,0.16029243035747998,2.886394305084608,1.0006781335337165E-13,1.6862157177942148E-13,0.593446095285324,-0.2266187233535829
SumUeU,16,Sob-RDS,10,4.952959999060363E-5,9.42192248969768E-6,0.019021324872526005,2.877057733484832,1.519925510760024E-7,2.6127217669518293E-7,0.5817402870774364,-0.23527085910077195
SumUeU,16,Sob-RDSB,10,6.067641405215603E-9,6.445767618898927E-12,0.1195930025388736,2.9739377964211413,1.0234035662360383E-13,1.6279251220541813E-13,0.6286551834427536,-0.20158749921282948
SumUeU,16,Sob-NUS,10,-1.7131073364295813E-6,1.1236030558967124E-8,0.04093263568207636,2.99596877017152,1.812665931891642E-10,2.81356967159483E-10,0.6442584131439543,-0.1909399014411819
SumUeU,16,Lat-RS,12,-3.14192483221047E-6,5.89797054792115E-7,0.007860857515139064,2.988661710391777,9.370793518423258E-9,1.475282953373424E-8,0.6351861856056653,-0.19709895576432032
SumUeU,16,Lat-RSB,12,-9.434750552442058E-10,2.472984532414574E-14,0.1396084607216107,3.0054492018096535,3.93388118824524E-16,6.41883397753234E-16,0.6128653898846568,-0.21263490370340163
SumUeU,16,Sob-RDS,12,1.5157219233678111E-5,5.821397228616341E-7,0.01648256415887487,2.936797585283675,9.46913032488743E-9,1.5706042026128427E-8,0.6028972995955743,-0.21975666135502797
SumUeU,16,Sob-RDSB,12,1.1093864959819643E-9,2.4711785589752157E-14,0.13971216372690723,2.887101080962382,3.9344207825767636E-16,6.501459191970278E-16,0.6051596520725727,-0.21813003548424117
SumUeU,16,Sob-NUS,12,1.4439723041430015E-7,1.717903044207977E-10,0.05629274887175858,3.004263333620407,2.747408106029981E-12,4.030880274522014E-12,0.6815901041257724,-0.16647672363274338
SumUeU,16,Lat-RS,14,-1.0165699202312183E-6,3.610252125629221E-8,0.001818571082237456,2.9622649425097847,5.740320017704424E-10,8.562713119465262E-10,0.6703856520260141,-0.17367528929515824
SumUeU,16,Lat-RSB,14,1.1734281244500376E-10,9.583647662155818E-17,0.15514026372638007,2.939392671448813,1.5348311288689482E-18,2.2905758788865397E-18,0.6700634294704252,-0.1738840842168963
SumUeU,16,Sob-RDS,14,-1.843248282438268E-6,3.689529538151068E-8,0.020424928440381532,2.9161577107612118,5.889786095001167E-10,9.939211091840916E-10,0.592580843748865,-0.22725239198629368
SumUeU,16,Sob-RDSB,14,-8.317854872824382E-11,9.646488177180864E-17,0.15135526244864342,2.868734595893296,1.5379541516610997E-18,2.5273490060267767E-18,0.6085246430127607,-0.21572182974656356
SumUeU,16,Sob-NUS,14,1.172765298489735E-9,2.696349454000389E-12,0.02444671362047628,2.97118894703957,4.279629314122294E-14,6.85666526215294E-14,0.6241560803244642,-0.2047067943759156
SumUeU,16,Lat-RS,16,4.3003037456422037E-7,2.22537900543513E-9,0.0018332656532726304,2.881352172220269,3.550487005216827E-11,5.904864855919475E-11,0.6012816705970088,-0.2209220349369818
SumUeU,16,Lat-RSB,16,1.1777259222045784E-12,3.85203352642439E-19,0.15865196181973212,2.850784401046628,6.115114535287114E-21,1.1082286712218499E-20,0.5517917641081282,-0.2582247859682623
SumUeU,16,Sob-RDS,16,4.938436609451517E-7,2.2837311437112948E-9,0.012388167019315124,2.940992901759647,3.648995728521641E-11,5.570067177012797E-11,0.6551080287829817,-0.18368707796879535
SumUeU,16,Sob-RDSB,16,-1.3567868847065464E-12,3.620432972896494E-19,0.150805954857824,3.0011775186405973,5.747985203347661E-21,8.59956213923665E-21,0.6684044036523339,-0.1749606975045457
SumUeU,16,Sob-NUS,16,-2.1858942507323968E-9,4.201810613908728E-14,0.04721704014161141,3.0027635020402577,6.716655039686131E-16,1.030796749072338E-15,0.6515983918003974,-0.1860199962374925
SumUeU,32,Lat-RS,10,-1.9608081419129366E-5,1.887799046772418E-5,0.04123242279628964,2.996829718989591,3.0000515413753295E-7,4.780593327935658E-7,0.6275479497166941,-0.20235308498353488
SumUeU,32,Lat-RSB,10,-3.323019086225239E-8,1.3060184846752028E-11,0.1274289404098826,3.005639627314165,2.0838803650962033E-13,3.3133291759916885E-13,0.6289385250931164,-0.2013918021184613
SumUeU,32,Sob-RDS,10,2.5243271532142137E-5,1.861572283879322E-5,0.021793659172264987,2.98179732473834,2.9609533809906356E-7,4.81768712690091E-7,0.61460059630218,-0.21140702271514225
SumUeU,32,Sob-RDSB,10,-1.5686779431075762E-8,1.2738102886189286E-11,0.08951295817701066,2.9185436386356454,2.0241796514258058E-13,3.2181046469487663E-13,0.6289974607708995,-0.20135110777478285
SumUeU,32,Sob-NUS,10,-1.2596853807925119E-6,2.23910398606729E-8,0.03560088205296668,2.922908313758911,3.5696459704726227E-10,5.658356601483323E-10,0.6308626730130176,-0.20006516824158
SumUeU,32,Lat-RS,12,1.2770829465509264E-5,1.1958122944385439E-6,0.03295661303353384,2.9042270670015156,1.914234350125458E-8,2.9354622199988273E-8,0.6521066212619226,-0.18568139009630152
SumUeU,32,Lat-RSB,12,-1.102508287387543E-9,4.993219378544396E-14,0.11342753163770908,3.03295570966533,7.937107716041618E-16,1.2450898169347974E-15,0.6374727034216252,-0.19553840698368508
SumUeU,32,Sob-RDS,12,-1.6698398620638148E-5,1.1779508349562211E-6,0.02418345862896898,3.0080151196940186,1.897459905415604E-8,2.996890910396209E-8,0.6331428010386763,-0.1984983267776743
SumUeU,32,Sob-RDSB,12,-4.013321490052024E-9,4.9546848349944655E-14,0.1409613646419378,3.0445823720743057,8.024860139080635E-16,1.2553609302596453E-15,0.6392472432148147,-0.19433113621390752
SumUeU,32,Sob-NUS,12,-1.4721283983906743E-7,3.4849842754950915E-10,0.020172550448955735,3.0715779552830837,5.552839520320693E-12,8.72642778118829E-12,0.6363244685633043,-0.1963213765316382
SumUeU,32,Lat-RS,14,1.4939260663232573E-7,7.368928734448647E-8,0.031587110030205104,2.9518702839480655,1.169576578718409E-9,1.8203185752352875E-9,0.6425120276362801,-0.1921187380555395
SumUeU,32,Lat-RSB,14,-7.833543671512535E-13,1.9909450385308408E-16,0.12699430868003156,2.9592487419621962,3.1599148105122988E-18,4.724018593389542E-18,0.6689039740305129,-0.17463622384943603
SumUeU,32,Sob-RDS,14,3.932262539161265E-6,7.450026657039671E-8,0.032320892394348905,2.946953589263945,1.1978883481013301E-9,1.9007865155452137E-9,0.630206674081825,-0.20051700182599852
SumUeU,32,Sob-RDSB,14,1.44160559579885E-10,1.9374203237699378E-16,0.11649948559923132,3.0419063894902303,3.095745095093244E-18,4.8878830961656324E-18,0.633350887119568,-0.19835561680864672
SumUeU,32,Sob-NUS,14,-1.8776807081367316E-8,5.382562888042927E-12,0.0018659611911355238,3.017259391158418,8.578153089296649E-14,1.3217341454599313E-13,0.6490074512156649,-0.1877503170620801
SumUeU,32,Lat-RS,16,-4.6069031112852766E-7,4.610886910099308E-9,0.010184642420851701,2.905878570170082,7.339359780734386E-11,1.1654277934217448E-10,0.6297567144152035,-0.20082719339249042
SumUeU,32,Lat-RSB,16,5.905043032528695E-12,7.544071993841709E-19,0.1510979661632325,3.0263158975789217,1.2008389512013357E-20,1.8651031341071595E-20,0.6438458706339515,-0.19121808534915727
SumUeU,32,Sob-RDS,16,4.154754894621824E-7,4.624666876540619E-9,0.052851986367681195,2.9598973390408023,7.357268988000997E-11,1.1420712574599599E-10,0.6442040231678746,-0.19097656726213338
SumUeU,32,Sob-RDSB,16,-6.067614851147987E-12,7.639164936858446E-19,0.09965334962411032,2.974699217070754,1.2161262014052918E-20,1.928462281578264E-20,0.6306196460373638,-0.2002325035647818
SumUeU,32,Sob-NUS,16,-9.849812451995446E-10,8.43004911351221E-14,0.0017336328404822085,3.0576556114200097,1.338939411640833E-15,2.0576335991645584E-15,0.6507180929512766,-0.18660711771725833
MC2,2,Lat-RS,10,2.6197790603887705E-6,1.1586852877920684E-7,0.02893911973361146,2.669103999736665,1.8458623205209487E-9,2.9938975529079326E-9,0.6165415776261574,-0.21003763062583972
MC2,2,Lat-RSB,10,1.4154335809249654E-8,2.3630737845307456E-12,4.3014004190698626E-4,2.4926644096141874,3.770570200239613E-14,6.339206847919444E-14,0.5948015722940372,-0.22562789213777376
MC2,2,Sob-RDS,10,4.86723479808408E-6,7.157399532252754E-8,0.005245691079862938,2.3691192759816064,1.159671528912939E-9,1.870902947360105E-9,0.619845904112379,-0.2077162642301899
MC2,2,Sob-RDSB,10,-1.1102035957539938E-16,3.760349068664014E-36,0.028921788243801996,3.0304291747020327,1.232557992236262E-32,1.232150393923504E-32,1.000330802404291,1.4364190155037517E-4
MC2,2,Sob-NUS,10,-1.4999806416143554E-7,1.3846454799646623E-10,0.011242414077796189,3.0698408950732716,2.220129602453235E-12,3.2689997684640596E-12,0.6791464544815075,-0.16803656222215552
MC2,2,Lat-RS,12,2.8297475484091026E-7,6.854725240894919E-9,0.06030031228832285,2.82640465148306,1.0887435674950948E-10,1.6734751036858353E-10,0.6505884462201637,-0.1866936536077815
MC2,2,Lat-RSB,12,-7.248011533696521E-13,2.921174157388604E-15,0.0021995087279711835,2.775769567480298,4.636320750903298E-17,8.136950784158611E-17,0.5697860136907181,-0.2442882154185723
MC2,2,Sob-RDS,12,-4.230774647519901E-7,4.358680729963135E-9,0.009911418571167428,2.4078947076420727,6.935748441245301E-11,1.1076134302510405E-10,0.6261885466370081,-0.20329488015224995
MC2,2,Sob-RDSB,12,-1.1104296708891012E-16,9.442436998467402E-37,0.05911094697632995,3.107694875177505,1.2330555526405213E-32,1.2332545052437708E-32,0.9998386767675256,-7.006744157149078E-5
MC2,2,Sob-NUS,12,1.0195089468945901E-8,2.3708827275501983E-12,0.015380588021377923,3.0255989701973514,3.773323571082653E-14,5.634049570452088E-14,0.6697356002815349,-0.17409661521210026
MC2,2,Lat-RS,14,-9.837512132378463E-8,4.251382762564235E-10,0.03184539947918491,2.737653643541521,6.7572294490795624E-12,1.1148880574016468E-11,0.6060903966294097,-0.21746259723713843
MC2,2,Lat-RSB,14,-6.345496715945385E-11,1.6796477576184312E-17,0.03445423599338944,2.688493134098025,2.706106269592184E-19,4.455613084955391E-19,0.6073476798803495,-0.21656262321449288
MC2,2,Sob-RDS,14,1.9134747742408614E-7,2.7813357328488857E-10,0.0050089890931772005,2.4384841861878472,4.450990998823864E-12,7.175710054992036E-12,0.6202857925854146,-0.20740816607414223
MC2,2,Sob-RDSB,14,-1.1103369110663437E-16,2.3409325040788956E-37,0.006716881913838943,3.1022795540503902,1.2328484276157797E-32,1.2328338707914707E-32,1.0000118076122453,5.1279505682140775E-6
MC2,2,Sob-NUS,14,1.3980517677118434E-9,3.941796391691492E-14,0.005077561353588165,3.0005751908852822,6.275739474836662E-16,9.294785171286604E-16,0.6751892979972941,-0.17057445005769037
MC2,2,Lat-RS,16,-2.240744899713038E-8,3.427481254284869E-11,0.07888351728143116,2.773655369331622,5.444923328434861E-13,9.219375309405844E-13,0.5905956906732943,-0.22870972622234031
MC2,2,Lat-RSB,16,4.113305092657891E-12,4.614818791582775E-19,0.003875453086306895,2.2503082833863792,7.341295960854519E-21,1.629431819828704E-20,0.45054330420687877,-0.3462634602359726
MC2,2,Sob-RDS,16,-1.4675823593371893E-8,1.7067706366722184E-11,0.026670985472418474,2.421456108100455,2.711042622756916E-13,4.2931716340632455E-13,0.6314778103085216,-0.1996419056468587
MC2,2,Sob-RDSB,16,-1.1101646618334967E-16,5.773729768810255E-38,0.006265034846008847,2.975931884198892,1.2324656680212216E-32,1.2324359562686364E-32,1.000024108151368,1.0469910903466028E-5
MC2,2,Sob-NUS,16,-1.3197142025312164E-10,6.784510720044357E-16,0.034695126257964934,3.029465024609834,1.0785404184291171E-17,1.6254010554788327E-17,0.6635534133521195,-0.17812411245226112
MC2,4,Lat-RS,10,1.6377174933827844E-7,3.917961501090988E-8,0.024071755744034758,2.787446036324924,6.218632822876082E-10,1.0221850478937885E-9,0.6083666392586714,-0.2158346091869397
MC2,4,Lat-RSB,10,1.1714397237768182E-9,4.549943459089664E-12,0.016235502739260728,2.5234122889770716,7.221547488600669E-14,1.2885693714447565E-13,0.5604314093314045,-0.2514775327063013
MC2,4,Sob-RDS,10,7.722642174004503E-7,2.6506497164842404E-8,0.014662398803952216,2.6658998915009353,4.212923684520473E-10,7.064670976768866E-10,0.5963368567869692,-0.22450834811771594
MC2,4,Sob-RDSB,10,6.097989935987615E-10,2.1503931421559315E-14,0.010609059183706799,2.029703538451084,3.4166996637477117E-16,7.480883557885126E-17,4.567240804258188,0.6596539100531474
MC2,4,Sob-NUS,10,-4.768486358879161E-9,6.775785343483599E-11,0.01642046672146258,3.0169639420410146,1.0754366694064803E-12,1.6898829705861083E-12,0.6363971281594031,-0.19627178884214103
MC2,4,Lat-RS,12,7.963287034349965E-7,2.6084272702842977E-9,0.05737599492075829,2.938540359233244,4.20336065079981E-11,6.993910838024218E-11,0.6010028935380681,-0.22112343707447998
MC2,4,Lat-RSB,12,-3.2547082850541325E-10,3.364805674773367E-14,9.194580235186743E-4,1.8211546873177373,5.341486604992381E-16,1.830382228810234E-15,0.2918235612713744,-0.5348796469283245
MC2,4,Sob-RDS,12,-3.1044541670423613E-7,1.6617180321975151E-9,0.0012052976002102824,2.7265590139840588,2.6470215410630374E-11,4.3241322392308776E-11,0.6121509229176249,-0.21314149140060012
MC2,4,Sob-RDSB,12,1.564781149892674E-9,2.076477788790908E-14,0.010943360127317614,1.9914902668955436,3.320152290965878E-16,4.2187901794777194E-18,78.69915662354434,1.8959700782840527
MC2,4,Sob-NUS,12,1.5546105425455983E-8,1.7222914285692344E-12,0.022461561803846668,3.0269234171772803,2.757690678161967E-14,4.1116312802191664E-14,0.6707047617399611,-0.173468610328428
MC2,4,Lat-RS,14,-1.303848625574432E-7,1.8222205019577581E-10,0.0771137956158701,2.834403093812575,2.9091244662056506E-12,4.7104450873358325E-12,0.6175901453616168,-0.20929964247998936
MC2,4,Lat-RSB,14,-1.6881465006374796E-10,4.516615199277345E-16,6.195593134466859E-4,2.32989868844334,7.197011938072044E-18,1.0698652666388111E-17,0.6727026442014377,-0.1721768652266129
MC2,4,Sob-RDS,14,4.4758862606792314E-8,1.0252501703934613E-10,0.011668518053929712,2.7165657270291956,1.6292218405063329E-12,2.6209293195557103E-12,0.6216199072405784,-0.20647508579933194
MC2,4,Sob-RDSB,14,4.9185295416515E-12,1.6097939113816692E-19,0.024334610387913642,1.0760260851394792,2.5791648407735763E-21,1.0471846105289889E-19,0.024629514364909375,-1.608544151324493
MC2,4,Sob-NUS,14,-1.8920134196991452E-9,2.7203638390361854E-14,0.02475302503590374,3.2275805942827134,4.353403183759219E-16,6.241115142105087E-16,0.6975361108769489,-0.15643330440039085
MC2,4,Lat-RS,16,5.692638972758538E-8,1.4299972310040273E-11,0.006451503596065272,2.9144466092437877,2.3020160293962757E-13,3.590607225169158E-13,0.6411216501932553,-0.19305955707243339
MC2,4,Lat-RSB,16,-2.2393819712868505E-12,1.3500483134189882E-18,4.56541986230299E-4,2.1291869607908147,2.1432210206020413E-20,5.828894251813801E-20,0.36768912387373065,-0.43451921623252876
MC2,4,Sob-RDS,16,-1.4654079908847503E-8,6.1329991428288265E-12,0.018372242167519204,2.7051545858222186,9.755419988201526E-14,1.5658583116050615E-13,0.6230078363988034,-0.20550649060671436
MC2,4,Sob-RDSB,16,-2.2204827603235894E-16,2.0442124605039325E-37,0.017994949618002874,2.8570775607407755,4.930544013339988E-32,4.930447936534647E-32,1.0000194864252858,8.462764519404962E-6
MC2,4,Sob-NUS,16,5.880351576690112E-11,3.9650653230049623E-16,0.021986481430998496,3.1916738253468826,6.29658295897871E-18,9.143111210301414E-18,0.6886696239551848,-0.16198907258253611
MC2,8,Lat-RS,10,1.4914237088958454E-6,1.496586465293833E-8,0.032237436325624154,2.8767729980446393,2.39753996528235E-10,3.804929680694913E-10,0.6301141325808879,-0.20058077965631566
MC2,8,Lat-RSB,10,2.8529727486915854E-8,6.638149483257556E-12,0.07128028860495461,2.0231260628446837,1.0617086072046547E-13,3.2717387993421205E-13,0.3245089759054551,-0.488773286129261
MC2,8,Sob-RDS,10,1.0733712483043807E-6,1.1379532411896508E-8,0.0035264478467278227,2.812101408586498,1.8176156168835824E-10,3.241557331952235E-10,0.560722958365484,-0.2512516616876312
MC2,8,Sob-RDSB,10,4.5336706739230727E-7,1.279106570055117E-9,0.02230303888193455,1.2273825946614807,2.0506790259670687E-11,6.102507583973925E-10,0.03360387509148618,-1.4736106382705583
MC2,8,Sob-NUS,10,-1.3511217626431105E-7,1.294545697944553E-10,0.06463716023449821,3.0177709926271197,2.07288425791259E-12,3.2829136563948403E-12,0.6314160148180521,-0.19968440714620073
MC2,8,Lat-RS,12,5.19251070112819E-7,1.0252616779330376E-9,0.0360119353146994,2.9639365697473843,1.654198916215052E-11,2.6267787928737033E-11,0.6297442786970857,-0.20083576942980486
MC2,8,Lat-RSB,12,9.681559285204871E-10,2.7476815769819784E-14,0.03189709812082695,2.657674306951699,4.370336447629262E-16,7.264547208628139E-16,0.6015979141051753,-0.2206936782245636
MC2,8,Sob-RDS,12,-2.1782785038279287E-7,7.018300736145516E-10,0.014764954871588173,2.861054225493168,1.1186494855056201E-11,1.7753180649322267E-11,0.6301121515080876,-0.20058214507615535
MC2,8,Sob-RDSB,12,-6.798991703092498E-10,9.941811670821805E-14,0.009192061617272701,1.1446582279317896,1.5783698009222191E-15,4.951299013921824E-14,0.031877892982916906,-1.496510391671569
MC2,8,Sob-NUS,12,7.517813460730677E-9,1.4689675514282905E-12,0.02300948407658512,2.9282906097627146,2.3371131085470783E-14,3.697970676725264E-14,0.6319988212066374,-0.1992837317554791
MC2,8,Lat-RS,14,-4.886882026774654E-8,1.0200819977552016E-10,0.0017720352733120455,3.0033761834726405,1.6214040180315456E-12,2.553380315099399E-12,0.6350029443100907,-0.19722426101564486
MC2,8,Lat-RSB,14,-1.693180130557962E-10,1.225856902266436E-15,0.006005364140024714,2.6261424498844246,1.94847688526596E-17,3.422728506247892E-17,0.5692759100551462,-0.24467719375999336
MC2,8,Sob-RDS,14,-7.013282158352124E-8,4.47555127896E-11,0.028943730591240627,2.804728021603055,7.152525370810603E-13,1.1591401266141896E-12,0.6170544187528816,-0.20967653333804973
MC2,8,Sob-RDSB,14,2.6885059839035155E-10,1.6402641473379504E-15,0.019356031245407846,1.363548744013321,2.6105615897004316E-17,4.522282410337802E-16,0.05772663785288522,-1.2386237361868055
MC2,8,Sob-NUS,14,-4.4807949247883825E-9,5.984286240534832E-14,0.012122070184622098,4.449124827134399,9.698692393343233E-16,9.360712159180736E-16,1.0361062522183224,0.015404294391805917
MC2,8,Lat-RS,16,-4.178902082900211E-8,6.484073066193176E-12,0.07986082074529831,2.9649066668750774,1.0465782478385561E-13,1.5446610384568562E-13,0.6775455726416887,-0.16906148823041345
MC2,8,Lat-RSB,16,-3.3444674680708626E-12,9.628193383423693E-18,0.012245907778589825,2.2147491189384003,1.5282436901955528E-19,3.879796115234235E-19,0.39389793814031077,-0.40461629250040154
MC2,8,Sob-RDS,16,1.0180955118948566E-9,2.688819320371795E-12,0.020970589674262928,2.9156512666699497,4.26764403032294E-14,6.63480469560889E-14,0.6432207466705678,-0.19163995614512228
MC2,8,Sob-RDSB,16,6.626344681218442E-11,1.2269050672447638E-16,0.023275965532492494,1.7874516583338933,1.951664458253335E-18,6.032180033321365E-18,0.3235421435488446,-0.4900691415219163
MC2,8,Sob-NUS,16,5.814202525918192E-11,1.840726354231585E-15,0.06236317977534306,3.0888966221161023,2.921833734583397E-17,4.3260543989259516E-17,0.6754038357235668,-0.17043647726760627
MC2,16,Lat-RS,10,-3.24466271647947E-7,7.846895606430814E-9,0.008651743920691525,2.9431770628823166,1.2464672148636045E-10,2.0791359682048018E-10,0.599512121345218,-0.2222020316141348
MC2,16,Lat-RSB,10,2.316905987778698E-8,2.5624852814326097E-11,0.010756925094524554,2.636897724944001,4.0723982643156756E-13,7.064030803325336E-13,0.576497806662823,-0.2392023406781199
MC2,16,Sob-RDS,10,-1.840621651184196E-7,5.1798956367515855E-9,0.0196253203974589,2.9242228129604,8.224622248678539E-11,1.306505760054093E-10,0.6295128961649596,-0.20099536853322558
MC2,16,Sob-RDSB,10,1.442346236196537E-8,6.094708302830908E-10,0.01400011544141317,2.197102210331842,9.673380785473848E-12,2.7051338577061157E-11,0.3575934239970153,-0.44661047630807943
MC2,16,Sob-NUS,10,1.3323434386571437E-8,8.744588608088474E-11,0.010008498657145069,3.1155747458628897,1.3880686487018951E-12,2.0701075892967144E-12,0.6705297134693704,-0.17358197230923159
MC2,16,Lat-RS,12,-1.5053184443227856E-7,1.038828343168294E-9,0.03965672554762819,2.8697296995057564,1.6510349682759247E-11,2.634505919707434E-11,0.6266962453662942,-0.20294290721734928
MC2,16,Lat-RSB,12,2.6471051401566236E-8,1.7815657017202746E-11,0.00181532786052124,2.278070821746749,2.8346064436390797E-13,3.3773844091406215E-13,0.839290439065048,-0.07608772420602002
MC2,16,Sob-RDS,12,-5.188925134240469E-8,3.3301735586301005E-10,0.02108269697448369,2.917450724733483,5.288153671030649E-12,8.831592456567465E-12,0.5987769133411724,-0.22273495282100733
MC2,16,Sob-RDSB,12,5.4602263474727746E-9,2.678275152108274E-13,0.01525641104482264,1.1249439067373155,4.280619348897482E-15,1.4268431212246396E-13,0.030000630659546414,-1.5228696156442665
MC2,16,Sob-NUS,12,9.583843513058566E-9,7.612522912212222E-12,0.006219602323135529,2.9912847156055253,1.209134637060225E-13,1.9521598914694422E-13,0.6193829933418402,-0.20804072342093743
MC2,16,Lat-RS,14,1.486073548032117E-7,5.4778567122344953E-11,0.008452602395032168,3.029419677362102,8.914982612291111E-13,1.4251856855907474E-12,0.6255313046170402,-0.20375095122676815
MC2,16,Lat-RSB,14,-7.98800179604291E-10,1.0958242175524905E-14,0.031887597896229095,2.6815584605937164,1.7456103968419542E-16,2.852374798089652E-16,0.6119849319980875,-0.21325927071496867
MC2,16,Sob-RDS,14,-4.549534287926031E-8,2.040741769351178E-11,0.0326886739588912,2.9269806386838675,3.2596469847358125E-13,5.17732893741842E-13,0.6296001324499918,-0.20093518928575407
MC2,16,Sob-RDSB,14,-2.1211358005889914E-10,1.288922708771505E-15,0.03630362793033625,2.704916001017773,2.0502036877204577E-17,3.4014603975556934E-17,0.6027421895588566,-0.21986840857965345
MC2,16,Sob-NUS,14,-3.41402116458075E-10,3.2517627505560533E-13,0.011582803523157919,3.7270871979592215,5.161128578073373E-15,2.3983674617610243E-15,2.1519340386163197,0.3328289551430563
MC2,16,Lat-RS,16,1.5228666693724328E-8,3.5263575324791976E-12,0.027448726056171793,3.0113080697583436,5.6200243983331233E-14,8.569692120279077E-14,0.655802369496339,-0.1832270185033022
MC2,16,Lat-RSB,16,-5.390850002555054E-11,1.0842102476425543E-16,0.026722464827087896,2.7609475748499235,1.7237026765619731E-18,3.0862749690713595E-18,0.5585058667279489,-0.252972260553398
MC2,16,Sob-RDS,16,-1.1346787451310657E-10,1.3536235706683751E-12,0.012403647010842055,2.957390718044831,2.1483952689423753E-14,3.2051680517717844E-14,0.6702909907500059,-0.17373661783416147
MC2,16,Sob-RDSB,16,-7.06114251172073E-11,1.5064833379732973E-16,0.0029236987433201855,2.4243628800715666,2.3959902426261303E-18,4.692462902487527E-18,0.5106039818356346,-0.2919158027661962
MC2,16,Sob-NUS,16,4.1071018173344217E-10,6.577195659329116E-15,0.008439536371790912,3.08598752433696,1.0455817396073162E-16,1.572482110588157E-16,0.6649244099929609,-0.17722772340196286
MC2,32,Lat-RS,10,5.155089167956225E-7,3.382388468357952E-9,0.03700409743303061,2.9919078305813187,5.394908641966272E-11,8.397538565378126E-11,0.6424392814590604,-0.19216791231320393
MC2,32,Lat-RSB,10,-1.398090983849504E-7,5.920433108197505E-11,0.018447032163840377,2.2070280927474117,9.592038958779882E-13,2.307830810497644E-12,0.4156300763101227,-0.3812930330520404
MC2,32,Sob-RDS,10,-2.0992487509838366E-7,3.1015420754972905E-9,0.036671335544851184,2.9701249674276777,4.926997196572064E-11,7.894654350074332E-11,0.6240928327059276,-0.20475080497582196
MC2,32,Sob-RDSB,10,-4.100446516053709E-7,5.545236408144856E-9,0.0347205259134754,1.9132889596367368,8.817896017986637E-11,2.3861087835229247E-10,0.36955129954165894,-0.43232526616915673
MC2,32,Sob-NUS,10,-2.599491360131037E-7,1.25760664840021E-9,0.012899905919663366,2.655115228136314,2.002758764435158E-11,3.3653316140363467E-11,0.5951148338790507,-0.22539922434195062
MC2,32,Lat-RS,12,7.823899120658102E-8,2.7574314782947315E-10,0.006068965413675634,2.996272768580949,4.382559014581376E-12,6.626842757648294E-12,0.6613343902755646,-0.1795788928130773
MC2,32,Lat-RSB,12,-1.2667665051708698E-8,1.310634643177159E-12,0.002466436485118675,2.524293666373479,2.096211386028833E-14,3.496803495454692E-14,0.5994650224851313,-0.22223615198941526
MC2,32,Sob-RDS,12,2.806700679239569E-7,1.756487493404052E-10,0.0426564633766421,2.9195358479593234,2.866572265845441E-12,4.612502957955752E-12,0.6214786834772889,-0.20657376293054594
MC2,32,Sob-RDSB,12,-4.242886606479074E-8,2.169073527374646E-11,6.050609671524049E-5,1.9476830393687534,3.4606316423457704E-13,9.312572773788962E-13,0.3716085475418798,-0.42991430515315515
MC2,32,Sob-NUS,12,-8.167459936922614E-8,4.952825099994651E-10,0.008289579666405464,2.0366023672796887,7.867511720316492E-12,5.301417186324489E-13,14.8403935095157,1.1714454168962047
MC2,32,Lat-RS,14,3.8518942881482046E-8,2.326453566162799E-11,0.012608105020548576,2.962020302453536,3.7072512496168826E-13,5.647537464682078E-13,0.6564367696187702,-0.18280710038663753
MC2,32,Lat-RSB,14,-9.588998075932296E-10,1.986114677558846E-14,0.012605106265562256,2.5474998507326365,3.161442612364134E-16,5.109599780222378E-16,0.618726074124448,-0.2085015817175744
MC2,32,Sob-RDS,14,-8.261553642393261E-9,1.0140315879054473E-11,0.0017699180459178157,2.959625829380703,1.6100955243472213E-13,2.6099766424913476E-13,0.6169003577021701,-0.2097849779355739
MC2,32,Sob-RDSB,14,-5.071627843941741E-9,1.2370591599591095E-12,0.010126794565121805,1.6648071957763895,1.9659617504909884E-14,1.392379688287624E-13,0.14119437155168263,-0.8501826152726432
MC2,32,Sob-NUS,14,-2.3099299789995524E-9,1.7593866696951054E-13,0.0016234867727883573,2.987862470410521,2.7977337622668264E-15,4.238337847749595E-15,0.6601016395501181,-0.1803891885532401
MC2,32,Lat-RS,16,1.4399956943589643E-8,1.8536073131015654E-12,0.012704049166977323,2.90902652894988,2.962675482934637E-14,4.864098471805615E-14,0.6090903586980331,-0.21531827489913985
MC2,32,Lat-RSB,16,-3.135808515150193E-11,2.9101943176931847E-16,0.010220324280287369,2.5913743295279184,4.619877453728838E-18,7.82475889381512E-18,0.5904178667256446,-0.22884050873421638
MC2,32,Sob-RDS,16,-3.46516362411498E-9,6.318111710931078E-13,0.02283265446986614,3.0035513618083756,1.0039753231576787E-14,1.4908554479585294E-14,0.6734223123592905,-0.17171249832217175
MC2,32,Sob-RDSB,16,3.042797738305746E-11,7.263014190263818E-17,0.011965092076701697,2.745778661392603,1.153669971148067E-18,2.0477452748422173E-18,0.5633854880885806,-0.24919434393920722
MC2,32,Sob-NUS,16,-3.610094073520654E-10,1.0157857476142906E-14,0.01435093651564479,3.216300749348989,1.6135003716355054E-16,2.4629150339263746E-16,0.6551181625877147,-0.18368035996009532
SmoothGauss,2,Lat-RS,10,-2.0467106028689393E-6,2.017461350966581E-7,0.05556935318050826,2.708261666838485,3.206188397040284E-9,5.323147147609563E-9,0.6023106835361615,-0.2201794334263771
SmoothGauss,2,Lat-RSB,10,2.700376847860437E-6,1.528789293230505E-8,0.03362486145000489,3.1140912557352807,2.49932735803188E-10,3.7964746015074765E-10,0.6583284811228463,-0.18155735571314102
SmoothGauss,2,Sob-RDS,10,-5.027939415179703E-6,1.4725857454217107E-7,0.05693979077811097,2.589891030435983,2.3624841221391755E-9,3.93957208473673E-9,0.5996803894748516,-0.2220801530666951
SmoothGauss,2,Sob-RDSB,10,5.328002847261393E-7,2.438619873178347E-7,0.6971555818395438,3.277788376650106,3.870721989145038E-9,1.2416392755646306E-8,0.31174287615739626,-0.5062034620864118
SmoothGauss,2,Sob-NUS,10,-7.200022380621871E-7,1.1037961740696567E-8,0.19391160575064562,3.4517950317443837,1.757066245644415E-10,2.6039570430644405E-10,0.6747677540704087,-0.17084567973421413
SmoothGauss,2,Lat-RS,12,2.7913380567218737E-7,1.265002292102406E-8,0.03732222540363632,2.7341659611654934,2.008518508994366E-10,3.2752931224159006E-10,0.6132332081205775,-0.21237433504235662
SmoothGauss,2,Lat-RSB,12,4.093056300604172E-7,6.219533480202719E-10,0.2771911534974233,3.876100432750483,1.0038819236663755E-11,1.2622673640126693E-11,0.7953005458963127,-0.09946871944630746
SmoothGauss,2,Sob-RDS,12,-1.3100880103436443E-6,9.287256381508508E-9,0.05845278282603333,2.495483991248914,1.4911835687850263E-10,2.4556831231421305E-10,0.6072377802869802,-0.21664121593383504
SmoothGauss,2,Sob-RDSB,12,-1.0258654820212158E-6,4.629182979724624E-9,0.06342732591036376,2.5609465504590605,7.452414699397487E-11,1.0192521077710057E-10,0.7311650025129811,-0.13598460444496496
SmoothGauss,2,Sob-NUS,12,-1.6608442145364246E-7,5.090816163248695E-10,0.18581431871076637,3.9049257506282213,8.107436545577162E-12,1.0384206980462567E-11,0.7807468168566893,-0.10748977773419419
SmoothGauss,2,Lat-RS,14,-1.7885250118124576E-7,7.773806396247273E-10,0.07027980683445008,2.7310106416884294,1.2370129511794103E-11,2.141321419660225E-11,0.5776867217700058,-0.23830761467823294
SmoothGauss,2,Lat-RSB,14,-4.3666557739877255E-8,1.9792193028880452E-11,0.48191190067138023,5.6841620953249485,3.1603714619465263E-13,3.8877497690858776E-13,0.8129050606797724,-0.08996017277065617
SmoothGauss,2,Sob-RDS,14,8.198629392387704E-8,6.079972202322328E-10,0.04410163387670143,2.471040453868886,9.656506204934383E-12,1.6652876702570178E-11,0.5798701556136552,-0.23666924266727057
SmoothGauss,2,Sob-RDSB,14,-1.803521315014646E-8,2.4677640414430806E-11,0.34517010412251947,4.961577590341086,3.919946760624087E-13,5.105386821964256E-13,0.7678060247579672,-0.11474848441856907
SmoothGauss,2,Sob-NUS,14,-1.0092401441069416E-8,2.3101766696413912E-11,0.17905723737945184,3.531577796685727,3.6675989656278853E-13,5.082782923137348E-13,0.7215730085447087,-0.14171972055942436
SmoothGauss,2,Lat-RS,16,1.1339421158437491E-7,6.978197207168973E-11,0.07705922647386607,2.742507719368478,1.120397832530089E-12,1.8138811790946426E-12,0.6176798378211907,-0.20923657458250938
SmoothGauss,2,Lat-RSB,16,-6.305438339467566E-9,1.8080429560227882E-12,0.551353974850457,3.8900641099504516,2.8735983183243076E-14,6.921738534656346E-14,0.4151555716727138,-0.3817891291715936
SmoothGauss,2,Sob-RDS,16,-1.2326958060341696E-7,3.7737187161099035E-11,0.01820309851225608,2.4849037847556876,6.14138460016157E-13,1.0427702118558058E-12,0.5889489870670376,-0.2299223208236733
SmoothGauss,2,Sob-RDSB,16,-5.119733367432566E-8,2.1345536034291426E-11,0.6380137574913984,4.654571115969379,3.414053174624713E-13,5.319151875382309E-13,0.641841642165807,-0.19257210965225843
SmoothGauss,2,Sob-NUS,16,-1.0761345171763002E-9,1.1609730130957275E-12,0.21475432426942004,4.125770994958304,1.8427458316204102E-14,2.4411904533103202E-14,0.754855414546455,-0.12213622542766774
SmoothGauss,4,Lat-RS,10,-2.93223353129131E-5,8.974212993746485E-7,0.0916307434979053,3.0117463027212197,1.5103157399706262E-8,2.477170697241801E-8,0.6096938501865387,-0.2148881855644682
SmoothGauss,4,Lat-RSB,10,-1.8474730051955036E-6,2.3489535884442685E-7,0.116482787082996,2.6115515202168997,3.731538066164329E-9,6.8806268043861325E-9,0.5423253102152872,-0.26574012665373586
SmoothGauss,4,Sob-RDS,10,7.0768366872439475E-6,2.72724182304438E-7,0.07157262431331515,2.873211868125675,4.378603996644074E-9,7.214835298833495E-9,0.606888974631481,-0.21689075227753865
SmoothGauss,4,Sob-RDSB,10,-1.1294794059774047E-5,6.949602582268038E-7,0.053879394030943335,2.4027559157857517,1.115758447128098E-8,2.188526434088348E-8,0.5098217822499722,-0.2925816131412215
SmoothGauss,4,Sob-NUS,10,9.576091698433296E-7,1.2110215211252083E-7,0.004106728805990821,2.997048730808911,1.92298117242232E-9,3.0189341141387568E-9,0.6369735475233812,-0.195878602834457
SmoothGauss,4,Lat-RS,12,-6.436805552261288E-6,7.809349676506734E-8,0.03278872574934063,2.9717207507533683,1.2808878215174764E-9,2.0545404617269457E-9,0.623442490122986,-0.2052036021279903
SmoothGauss,4,Lat-RSB,12,-2.596177732719381E-6,5.104885961562829E-8,0.038999339072982635,1.9306212132139267,8.16958467862197E-10,2.397583050305158E-9,0.340742510570475,-0.4675736810652944
SmoothGauss,4,Sob-RDS,12,-8.569437221115066E-7,1.7886654764302398E-8,0.09708426706222965,2.861074584132423,2.846211160162944E-10,4.674503925134937E-10,0.6088798310466247,-0.2154684115756778
SmoothGauss,4,Sob-RDSB,12,9.146169098622757E-6,3.424895940800479E-7,0.2656139507674739,2.2021312026421174,5.519451538079647E-9,1.7880743838937894E-8,0.30868131593386217,-0.5104896569850076
SmoothGauss,4,Sob-NUS,12,-5.388926245681614E-8,7.254296169603965E-9,0.020700796947754257,2.956332648279492,1.1513894754446535E-10,1.9516869191043227E-10,0.5899457869877278,-0.22918789597455036
SmoothGauss,4,Lat-RS,14,-2.019783919193557E-7,8.572776477780681E-9,0.022929163433655617,2.9341259069834176,1.3610300479672142E-10,2.2011479080172978E-10,0.6183273931796675,-0.20878151293304587
SmoothGauss,4,Lat-RSB,14,2.057033101343587E-8,3.351895769121314E-9,0.030856358967439417,2.2098285535701474,5.319979741700058E-11,1.2715890800530039E-10,0.41837255644553856,-0.3784368111751116
SmoothGauss,4,Sob-RDS,14,-7.484280249080477E-7,1.1189575220023846E-9,0.08371617656597401,2.837913279050816,1.8319598893391323E-11,2.9607515918841506E-11,0.6187482578277759,-0.20848601087348378
SmoothGauss,4,Sob-RDSB,14,3.7368070497595116E-7,8.641422911794994E-9,0.04078302746260869,2.6234415789866823,1.3729136376933188E-10,2.2204600865614083E-10,0.6183014259082698,-0.20879975194301506
SmoothGauss,4,Sob-NUS,14,3.362718050271944E-7,4.0089624332881315E-10,0.0012403311611373367,2.911874346934267,6.475874817403554E-12,9.797788298060711E-12,0.6609527191647253,-0.17982960638467516
SmoothGauss,4,Lat-RS,16,2.571112696653383E-7,1.5065928901181002E-9,0.035368148721201594,2.853625231894711,2.3977887646720485E-11,3.753962444252741E-11,0.6387354163180365,-0.19467900260659587
SmoothGauss,4,Lat-RSB,16,6.445360899138148E-8,2.1058923711703384E-10,0.06478040973771407,2.434073179744402,3.346506302526651E-12,5.880007919901328E-12,0.5691329583417991,-0.24478626378278578
SmoothGauss,4,Sob-RDS,16,5.941214672623629E-9,7.473553268083213E-11,0.04032034652707341,2.795558921782435,1.1861949667232791E-12,1.8933013635448365E-12,0.6265220051932784,-0.20306367077329085
SmoothGauss,4,Sob-RDSB,16,1.8494587224897243E-9,2.7253039871895155E-10,0.06146731991422287,2.6553736661373644,4.325450177308354E-12,7.950136585096632E-12,0.5440724358644184,-0.26434327603347474
SmoothGauss,4,Sob-NUS,16,6.918580660453418E-8,2.7509744478035687E-11,0.01904393644420924,2.9424826857073945,4.4140562033691504E-13,6.666304265033954E-13,0.6621444248384705,-0.1790472732952863
SmoothGauss,8,Lat-RS,10,-4.2994472581860194E-6,1.8227942521105016E-6,0.01303770521490252,2.979815161009883,2.8948834019508317E-8,4.406735512485587E-8,0.6569224301637276,-0.18248590919324298
SmoothGauss,8,Lat-RSB,10,-1.9032241997754964E-6,8.622233644951528E-7,0.036408739583628565,3.1067304000785483,1.3688338804556253E-8,2.017579484203094E-8,0.6784535088570695,-0.16847990708841057
SmoothGauss,8,Sob-RDS,10,3.7037132868922873E-6,5.535318133917115E-7,0.02843638087257171,2.936648408796088,8.799058130371382E-9,1.3523487127586425E-8,0.6506500910125668,-0.186652505128955
SmoothGauss,8,Sob-RDSB,10,-1.90366515249182E-5,1.578950239509512E-6,0.06621025752697464,2.950632473132029,2.5422590045496423E-8,4.1210487789016474E-8,0.6168961206101549,-0.20978796083545065
SmoothGauss,8,Sob-NUS,10,1.0173548130527973E-6,6.841084782531692E-7,4.247085920942476E-4,2.9331634551341876,1.0858813858519515E-8,1.7005126910822138E-8,0.6385611771946799,-0.19479748893257398
SmoothGauss,8,Lat-RS,12,3.236256233188822E-6,2.853947267181421E-7,0.029144450717763268,2.994910195637542,4.540095374176223E-9,6.9028099094733294E-9,0.6577169926040486,-0.18196093767725066
SmoothGauss,8,Lat-RSB,12,3.724982238511951E-7,1.8955370561641517E-7,0.24817663655445404,2.99594263027688,3.0086268540673046E-9,4.903879223442801E-9,0.6135197701616881,-0.21217143793487997
SmoothGauss,8,Sob-RDS,12,-1.6777029960137695E-6,7.821531816086276E-8,0.004994184584927396,2.9825391639187515,1.2442035227245266E-9,1.8195687557151943E-9,0.6837903315368172,-0.165077044209056
SmoothGauss,8,Sob-RDSB,12,-4.095938375518541E-6,2.408415654575415E-7,0.11335946447213197,2.5608329011966493,3.839276414366454E-9,7.605196648414538E-9,0.504822766833627,-0.2968610672202325
SmoothGauss,8,Sob-NUS,12,4.2053755001504583E-7,6.499177968027335E-8,0.010630388791118944,2.925360346641659,1.0316892407564539E-9,1.6364427605793344E-9,0.6304462738380258,-0.20035191776633243
SmoothGauss,8,Lat-RS,14,6.679010129036692E-7,4.580572983757141E-8,0.029123183578234214,2.942660779916253,7.274484610422068E-10,1.1222732310654324E-9,0.6481919383852737,-0.18829637462525686
SmoothGauss,8,Lat-RSB,14,7.831203795900783E-7,9.838795348749041E-9,0.035011213807169005,3.0006593602323344,1.5676901513550335E-10,2.4017239789576016E-10,0.652735353891684,-0.18526286411686563
SmoothGauss,8,Sob-RDS,14,-2.902382113072535E-7,1.4545121211723342E-8,0.0032891933657822462,2.417772987515828,2.3093609059394048E-10,5.023221320996872E-10,0.45973704090766715,-0.3374905038334672
SmoothGauss,8,Sob-RDSB,14,-1.6213436087521774E-6,4.802007159789133E-8,0.07647646270798975,2.761264349064173,7.647758914584596E-10,1.2142541559564169E-9,0.6298318088572469,-0.20077540965321827
SmoothGauss,8,Sob-NUS,14,9.93611768745654E-8,1.0950403364228612E-8,0.012919504403062056,2.9587635255294074,1.7380841746715545E-10,2.7898539186549755E-10,0.6230018579286428,-0.20551065817718
SmoothGauss,8,Lat-RS,16,-9.32463101923874E-7,8.399010991020456E-9,0.012341068241615178,2.94449307501453,1.3417379045107414E-10,2.1799022450452893E-10,0.615503703232741,-0.21076932975345064
SmoothGauss,8,Lat-RSB,16,8.658608663384108E-7,1.7688081819181654E-9,0.0333703518208893,3.013722883576078,2.88232277557289E-11,4.698505161156336E-11,0.613455274967396,-0.21221709478361103
SmoothGauss,8,Sob-RDS,16,1.800815519798101E-7,8.960706160115226E-10,0.11326613774447887,2.922411617631649,1.4254350142346338E-11,2.294339244536051E-11,0.6212834556307638,-0.2067102112089236
SmoothGauss,8,Sob-RDSB,16,-6.22299765458812E-7,2.42425537021202E-9,0.06244523067660156,2.882166924060752,3.8863652945312296E-11,6.285493467421603E-11,0.6183071090081763,-0.20879576015602694
SmoothGauss,8,Sob-NUS,16,-2.0166338534967544E-7,8.265662448456908E-10,0.023775758144227558,2.8818655831153244,1.3159455235613013E-11,2.069296324284571E-11,0.6359386561111638,-0.19658477522786807
SmoothGauss,16,Lat-RS,10,1.466084847688735E-5,3.2020159319099454E-6,0.008712276702881624,2.995557060495398,5.103550762594724E-8,8.026810977335119E-8,0.6358129993350223,-0.19667059708536028
SmoothGauss,16,Lat-RSB,10,6.160713299907901E-6,2.059529906537646E-6,0.08586264135705689,2.934833442196931,3.272563619069687E-8,4.998052761614344E-8,0.654767721582168,-0.18391273836864522
SmoothGauss,16,Sob-RDS,10,2.922523032895491E-5,1.525821491267983E-6,0.07254149030724806,3.0013349191456484,2.507108089919088E-8,3.7930541580410064E-8,0.6609734492201216,-0.17981598542930838
SmoothGauss,16,Sob-RDSB,10,2.9241656786297542E-5,2.2858330679127995E-6,0.07510424978531259,2.952837878739265,3.713451075519505E-8,6.065201762126566E-8,0.6122551600356827,-0.21306754598996935
SmoothGauss,16,Sob-NUS,10,-1.1240448557614814E-5,1.4272261092875768E-6,0.061697777223885183,2.937654858482854,2.2778464932612067E-8,3.546589548507086E-8,0.6422639163925952,-0.19228647678986255
SmoothGauss,16,Lat-RS,12,8.708226433565481E-7,7.906279524181753E-7,0.038051936889664864,2.9095865999064867,1.2549153405456078E-8,1.9680882316556907E-8,0.6376316469764606,-0.19543013614430624
SmoothGauss,16,Lat-RSB,12,8.875068045783596E-6,5.08889768240223E-7,0.030836343098819507,2.95047643952222,8.155574440172831E-9,1.3116045901156062E-8,0.6218013036576816,-0.20634837175769688
SmoothGauss,16,Sob-RDS,12,3.018146547759948E-6,3.132184455688558E-7,0.011086512629319444,2.8618580222756833,4.9803333946837385E-9,8.124706803601855E-9,0.6129862301585888,-0.21254928116398125
SmoothGauss,16,Sob-RDSB,12,-1.4433593099769336E-6,3.971286558115556E-7,0.002929640849333499,2.9404482651652177,6.3050823804782446E-9,9.509797002594303E-9,0.6630091450698893,-0.17848048120910567
SmoothGauss,16,Sob-NUS,12,6.029306671000849E-6,2.91709645871372E-7,0.036683120588387026,2.9344410278027344,4.66620134697718E-9,7.569453769435028E-9,0.6164515286187496,-0.21010106615826807
SmoothGauss,16,Lat-RS,14,3.1629915945629943E-6,1.0289705903156455E-7,0.013917048675662028,2.9629204648090255,1.6431278384568222E-9,2.743192004257071E-9,0.5989838975568991,-0.22258485256257834
SmoothGauss,16,Lat-RSB,14,-2.859176224028096E-6,7.221414954967318E-8,0.08031648473319425,2.788619479213248,1.154316605104146E-9,2.0977953298019262E-9,0.5502522523077295,-0.25943817110479794
SmoothGauss,16,Sob-RDS,14,-3.418776036506556E-6,4.071037806711365E-8,0.08623689774665741,2.8779834731321956,6.578198871958381E-10,1.094848092927241E-9,0.6008321076187453,-0.22124686730038712
SmoothGauss,16,Sob-RDSB,14,-1.167312492700024E-6,6.22987950331201E-8,0.04009976799897931,3.0196184594446573,9.901334939098483E-10,1.5891110998343768E-9,0.6230738014560743,-0.20546050925280043
SmoothGauss,16,Sob-NUS,14,-1.0878908905705692E-6,5.3613434122990816E-8,0.023602052905493033,2.8516327297137645,8.521052967418265E-10,1.352614052334582E-9,0.62996927709801,-0.20068063008951906
SmoothGauss,16,Lat-RS,16,-2.6454127256243895E-6,1.7564457566852942E-8,0.006552675617275336,2.919486769813675,2.8577124215709E-10,4.2676102638402247E-10,0.6696282567751107,-0.1741662283980353
SmoothGauss,16,Lat-RSB,16,-1.0638289715959292E-6,1.284586709884145E-8,0.014405092952391984,2.8853025257811047,2.050139941781333E-10,3.098868474275952E-10,0.6615769461659216,-0.17941963696120905
SmoothGauss,16,Sob-RDS,16,3.518918979293843E-7,3.769355679677684E-9,0.009841502228100693,2.9889060089242574,5.99488873381413E-11,8.989201201310873E-11,0.6668989379100682,-0.17593997422951607
SmoothGauss,16,Sob-RDSB,16,-7.63124051210187E-7,1.025525378776736E-8,0.029391159004279344,2.919782587443894,1.6334788629195742E-10,2.5847372955388325E-10,0.6319709417815507,-0.19930289025251013
SmoothGauss,16,Sob-NUS,16,5.301336197345627E-7,1.3366923589223468E-8,0.03782604460855617,2.5006204830806227,2.124332146208768E-10,3.316647533122936E-10,0.6405058496549102,-0.1934768995473236
SmoothGauss,32,Lat-RS,10,4.8991503850721405E-6,3.917845846440917E-6,0.01522923008487327,3.029795334018486,6.220581218015067E-8,9.69252785776507E-8,0.6417914200815541,-0.19260609315535338
SmoothGauss,32,Lat-RSB,10,1.5970114098223102E-5,2.5539476184376564E-6,0.028236069823553894,2.9900599305103115,4.078984174551364E-8,5.695368627044505E-8,0.7161931811019702,-0.14496981823599078
SmoothGauss,32,Sob-RDS,10,1.6743558852480398E-5,3.1239297398595693E-6,0.014844085250045677,2.8647279560833523,4.986157449138907E-8,7.826235974666023E-8,0.6371079871958099,-0.1957869502886657
SmoothGauss,32,Sob-RDSB,10,-2.6669805447130092E-5,1.053979230263496E-5,0.004241229309016014,2.497817752440113,1.679928392115512E-7,3.0796950473033666E-7,0.5454853049773503,-0.2632169445315706
SmoothGauss,32,Sob-NUS,10,4.493965423008081E-5,3.998311355132006E-6,0.029961028679881943,2.8118094820504296,6.547848560162863E-8,1.0428185654745482E-7,0.6278991165815291,-0.2021101279689437
SmoothGauss,32,Lat-RS,12,2.136375750395691E-6,7.38091118035599E-7,0.03722122923026933,3.1167465225827407,1.1719124560454744E-8,1.8138202291904608E-8,0.646101767521095,-0.18969907087190627
SmoothGauss,32,Lat-RSB,12,-3.1623287489068134E-6,4.9927180662994E-7,0.03610716006591108,3.0182955977430064,7.934157139771354E-9,1.2057045707069658E-8,0.6580515105055258,-0.18174010964937767
SmoothGauss,32,Sob-RDS,12,1.0877826974946912E-6,4.4340847904554953E-7,0.056081213249634644,2.9256691126863426,7.0387092743341905E-9,1.1198771882710215E-8,0.6285251050788216,-0.2016773706757979
SmoothGauss,32,Sob-RDSB,12,1.3061766284759942E-5,6.047416353097597E-7,0.0059003172019215285,2.9595454076739656,9.768723407465448E-9,1.6251653790315066E-8,0.6010910356266004,-0.2210597488354616
SmoothGauss,32,Sob-NUS,12,1.2507463573443918E-5,1.1960514952451286E-6,0.04261165352284199,2.4942559514951714,1.9139482519574422E-8,3.011310731108591E-8,0.6355864348986784,-0.19682538036257724
SmoothGauss,32,Lat-RS,14,1.951122511350445E-7,1.3455703149401342E-7,0.0394549633347125,2.9347068065624473,2.135650382931242E-9,3.3228621081013537E-9,0.6427141161603991,-0.19198216141954783
SmoothGauss,32,Lat-RSB,14,-1.4258271799777513E-6,1.1614522238003343E-7,0.045617360587532865,2.9817126950742145,1.8454235840645511E-9,2.762379664642261E-9,0.6680557374808002,-0.17518730179014824
SmoothGauss,32,Sob-RDS,14,-5.356557668461939E-7,8.257469231216087E-8,0.017146312991831843,2.9419654754779656,1.3108652579407089E-9,2.0660055259175925E-9,0.6344926194514912,-0.1975734253425361
SmoothGauss,32,Sob-RDSB,14,2.009026470305152E-6,1.223121481182354E-7,0.03410464818704233,2.9696663916087864,1.9453047096349515E-9,3.041094219985593E-9,0.6396726207464125,-0.19404223754759273
SmoothGauss,32,Sob-NUS,14,-3.055355954509581E-6,8.326501112462364E-8,0.019129520869638497,2.9949459759786072,1.3308698765724266E-9,2.0770575519716014E-9,0.6407477131816244,-0.19331293513103623
SmoothGauss,32,Lat-RS,16,-1.0229335211836917E-7,2.5025920333292615E-8,0.009078506182106613,2.967122384726589,3.972075709340033E-10,6.561918778945702E-10,0.6053222911086111,-0.2180133328159916
SmoothGauss,32,Lat-RSB,16,9.23715007947366E-7,2.429463225138987E-8,0.04828817050708853,2.97933497161885,3.864437698629664E-10,6.372828652173547E-10,0.6063928452417501,-0.21724593153556487
SmoothGauss,32,Sob-RDS,16,6.16885790003603E-7,1.3650606918481694E-8,0.0281653803337374,2.8643181244261866,2.1703518074123928E-10,3.594105966414983E-10,0.6038641675268289,-0.2190607400672441
SmoothGauss,32,Sob-RDSB,16,6.740222587322569E-7,2.911284682280204E-8,0.024608670117043284,2.980940620379885,4.625167748643103E-10,6.911538754840797E-10,0.6691950827019042,-0.1744472589279261
SmoothGauss,32,Sob-NUS,16,-5.617483196640457E-7,1.4011129058970345E-8,0.0019122908035337876,2.9048197472206216,2.2269219523916042E-10,3.486242439682231E-10,0.6387742651066421,-0.19465258900712096
PieceLinGauss,2,Lat-RS,10,2.956878994067491E-5,1.7012048134029707E-6,0.22311729902804806,2.900967990083521,2.787486401985148E-8,4.3594365682216324E-8,0.6394143734776859,-0.19421760539325914
PieceLinGauss,2,Lat-RSB,10,4.202506610602162E-6,8.258408577083309E-8,0.7569487264667524,3.9232447155229893,1.3283884802606629E-9,2.690606759121609E-9,0.4937133513684981,-0.3065251281030105
PieceLinGauss,2,Sob-RDS,10,1.6138096743247705E-6,5.472080674747513E-7,0.3381283833046087,2.835710996465606,8.687578138299927E-9,1.607829114006296E-8,0.5403296944071824,-0.2673411646784313
PieceLinGauss,2,Sob-RDSB,10,1.070469389830028E-5,7.279844706522691E-7,0.20212210157901667,2.658366771930434,1.1668743998523036E-8,1.3330001010096962E-8,0.875374577217542,-0.05780607039649575
PieceLinGauss,2,Sob-NUS,10,-2.1306591559792645E-6,1.4257087678285166E-7,0.3345634985127567,3.6529713489734488,2.267343195663932E-9,3.357712005337814E-9,0.6752643443093084,-0.17052618153782786
PieceLinGauss,2,Lat-RS,12,6.786492693863712E-7,1.313589095538001E-7,0.20737146643713006,2.886322249016828,2.0853141150347237E-9,3.3839646030330262E-9,0.6162340212322758,-0.21025432869746236
PieceLinGauss,2,Lat-RSB,12,-1.5792438064402298E-7,6.847893874583374E-9,0.2639946867346123,3.287505296173648,1.0871079860517506E-10,1.973807008046199E-10,0.5507671122962725,-0.259032000467907
PieceLinGauss,2,Sob-RDS,12,3.1186103534613114E-6,4.198921902175183E-8,0.23094242100961332,2.6612344931310505,6.761546210105202E-10,1.1963345086181726E-9,0.5651885957812195,-0.24780660980871336
PieceLinGauss,2,Sob-RDSB,12,1.4758657132582913E-7,1.3426021083179165E-8,0.01405187607758775,2.620345008086432,2.1311191641620792E-10,3.104200212721289E-10,0.6865276135954643,-0.16334198983152046
PieceLinGauss,2,Sob-NUS,12,-1.57556113907591E-6,7.836129291969442E-9,0.2784658736990956,3.512510437260462,1.2685295923693833E-10,2.0982125324868272E-10,0.6045763108973077,-0.21854887377767912
PieceLinGauss,2,Lat-RS,14,1.2854397133067508E-6,1.0221228553197212E-8,0.17523806024650823,2.750164995875449,1.638778541508619E-10,2.7473665879150333E-10,0.5964906717280427,-0.22439634369307643
PieceLinGauss,2,Lat-RSB,14,-2.4259672393768716E-7,3.723140915196149E-10,0.047316993787613185,3.465293396673465,5.968009680155187E-12,8.523096459482437E-12,0.7002161372367705,-0.15476788467049363
PieceLinGauss,2,Sob-RDS,14,5.491725365282392E-7,3.572656741709684E-9,0.1570393070370899,2.6513963498027153,5.7004756761154845E-11,9.441926296394944E-11,0.6037407513223232,-0.21914950912729722
PieceLinGauss,2,Sob-RDSB,14,1.0244437817136757E-7,2.673972483922104E-10,0.4619387906564811,4.1841228335769465,4.25447117867243E-12,6.4464973471080596E-12,0.6599663273856792,-0.1804782223424509
PieceLinGauss,2,Sob-NUS,14,4.145800655127482E-8,3.998106992845573E-10,0.22432034129499387,3.402918739499113,6.347285722094965E-12,8.6633214269197E-12,0.732661921370241,-0.13509637945665817
PieceLinGauss,2,Lat-RS,16,-2.998127304176133E-9,1.0923145582447694E-9,0.17122732564302667,2.7913127942241567,1.7336601477480746E-11,2.976532429176273E-11,0.5824428891667908,-0.23474665250914034
PieceLinGauss,2,Lat-RSB,16,-3.402233388885992E-10,1.5378377942779675E-11,0.4824810648103398,4.631386073814257,2.4407694281518065E-13,3.5891719617531536E-13,0.680036914965645,-0.16746751151327302
PieceLinGauss,2,Sob-RDS,16,-2.434771957361804E-7,2.3109372744247645E-10,0.17157268781253865,2.5796914457141678,3.727068733252002E-12,6.862550478261491E-12,0.5431025600552217,-0.265118150042512
PieceLinGauss,2,Sob-RDSB,16,-8.747199479187626E-8,1.2042619981511264E-10,0.53015222759448,4.017853893403588,1.9189871783670153E-12,2.6293834618389916E-12,0.7298240086384643,-0.13678185397808693
PieceLinGauss,2,Sob-NUS,16,-9.31535509754543E-8,2.1000884912801032E-11,0.2518082588737425,3.7781812188123536,3.419916288896501E-13,4.99638669018469E-13,0.6844779039250232,-0.1646405670454377
PieceLinGauss,4,Lat-RS,10,1.3628363593050767E-5,5.7317506317612235E-6,0.06264756953849375,2.9027142519372213,9.115680303546323E-8,1.5283487536674486E-7,0.5964398035246995,-0.2244333815263584
PieceLinGauss,4,Lat-RSB,10,-2.5496510693188477E-5,2.3736148657195177E-6,0.05922479375935701,2.8732742546795467,3.832273085487622E-8,6.496368357876442E-8,0.5899100658048785,-0.2292141932761513
PieceLinGauss,4,Sob-RDS,10,-2.6663701850169052E-5,2.084508680366788E-6,0.06379130837120692,3.1307912412967616,3.3795083623319015E-8,4.8829950282771876E-8,0.6920974407635749,-0.15983275668947422
PieceLinGauss,4,Sob-RDSB,10,4.499322062146596E-5,3.926005588760034E-6,0.05710111940653955,2.3689335945658905,6.433570717492616E-8,1.543526797696732E-7,0.41680978439071237,-0.3800620947540702
PieceLinGauss,4,Sob-NUS,10,4.408509751332037E-6,2.288146738089793E-6,0.07837284604110453,3.0758395655453743,3.633559247276702E-8,5.8396515758927734E-8,0.6222219254101986,-0.2060546896000339
PieceLinGauss,4,Lat-RS,12,-7.232777123057909E-6,5.516831712697338E-7,0.01815698977811094,2.980679311331281,8.808313111778604E-9,1.3882845954013855E-8,0.6344745984328894,-0.1975857604585694
PieceLinGauss,4,Lat-RSB,12,-3.6698245102320076E-6,2.6315756723710114E-7,0.12124106615818506,2.4893624940743395,4.190154143370463E-9,7.939337568730766E-9,0.5277712538478608,-0.27755426821834744
PieceLinGauss,4,Sob-RDS,12,-3.477912730001504E-6,3.0851133628704573E-7,0.007071021970595263,2.813654533365673,4.908611514313332E-9,8.311171111328544E-9,0.5906040735489909,-0.22870356191928531
PieceLinGauss,4,Sob-RDSB,12,-9.095535498388244E-6,2.807716146436777E-6,0.07394983267485675,1.5476650278224269,4.464519503302043E-8,4.743047543939477E-7,0.09412765657402425,-1.0262827534827876
PieceLinGauss,4,Sob-NUS,12,-2.9390785497826567E-6,2.3033364314000632E-7,0.06866138732525336,3.034007618806514,3.6643621474153214E-9,5.849066988411745E-9,0.626486609689239,-0.20308820703251526
PieceLinGauss,4,Lat-RS,14,-6.637577715207582E-8,5.598250121116791E-8,0.01575662228285283,2.9767811663534887,8.885266749667575E-10,1.4807415931041024E-9,0.6000551879576265,-0.22180880507760165
PieceLinGauss,4,Lat-RSB,14,-1.6019485248432741E-6,2.4280090785273845E-8,0.07703935592575512,2.7880541905939094,3.879259656825224E-10,6.665276792918497E-10,0.5820102866465697,-0.2350693394147802
PieceLinGauss,4,Sob-RDS,14,6.924252442624161E-7,1.5238565583843127E-8,0.029636022039309522,2.9031510692334637,2.423372579138878E-10,3.9509754599026577E-10,0.6133605748081725,-0.2122841427544623
PieceLinGauss,4,Sob-RDSB,14,-2.5433487702431035E-6,2.579162055766825E-7,0.02558895842423538,1.463567400945848,4.0999672571913004E-9,5.691175482081554E-8,0.07204078085625525,-1.1424215884715365
PieceLinGauss,4,Sob-NUS,14,-3.5894328910878846E-6,1.6523714057377543E-8,0.0023698507683885257,3.0282871281262627,2.751389758760014E-10,4.0501921140957264E-10,0.679323271897266,-0.1679235073238227
PieceLinGauss,4,Lat-RS,16,-1.9596975410532083E-7,8.740591092472143E-9,0.04296403840095634,2.9572434195490516,1.3876407134076054E-10,2.2480852694785762E-10,0.6172544841813125,-0.20953574635653885
PieceLinGauss,4,Lat-RSB,16,-7.110289482587575E-7,2.419662173009455E-9,0.07063812581486299,2.7323155181595493,3.890905751116916E-11,6.923965007995077E-11,0.5619476335631537,-0.25030415331738276
PieceLinGauss,4,Sob-RDS,16,-6.815120769706934E-7,1.6542688423168772E-9,0.10186963253900647,2.9588471023476095,2.6720068479829062E-11,4.203963786295291E-11,0.6355922609736823,-0.1968213994396219
PieceLinGauss,4,Sob-RDSB,16,1.099199426728907E-6,7.496755251208086E-9,0.04538470869493608,2.5377891207761585,1.2019245486675232E-10,1.9591794974165255E-10,0.6134836293726239,-0.21219702180086228
PieceLinGauss,4,Sob-NUS,16,3.310947776157604E-7,1.997937399986037E-9,0.007399161948340934,3.058192982719062,3.181974448582853E-11,4.8737158082457175E-11,0.6528846928660368,-0.18516351347815815
PieceLinGauss,8,Lat-RS,10,-8.305228460579095E-5,1.311778551219428E-5,0.0046402802124289304,2.9076434909535314,2.1509567775035338E-7,3.375930834350393E-7,0.6371448003665713,-0.19576185674822608
PieceLinGauss,8,Lat-RSB,10,-1.1332409529257183E-5,3.407174584383353E-6,0.056005130007576114,2.9846858467358213,5.4205151552166015E-8,8.139244368775664E-8,0.6659727745748928,-0.17654352472395093
PieceLinGauss,8,Sob-RDS,10,1.2469330127517757E-5,6.039570237047043E-6,0.1816313474894875,3.007960722375238,9.601209181324708E-8,1.6081190915578483E-7,0.5970459048542007,-0.2239922761429297
PieceLinGauss,8,Sob-RDSB,10,1.9600893183630287E-5,5.029881410543485E-6,0.0153752083030139,2.792689704228008,8.02155985437934E-8,1.3205662900939572E-7,0.6074333348164304,-0.2165013784869259
PieceLinGauss,8,Sob-NUS,10,4.29087509155289E-5,5.216789499643808E-6,0.006913256423898212,2.9359943647246607,8.46390628209062E-8,1.263409076432392E-7,0.6699260310833729,-0.17397314665101976
PieceLinGauss,8,Lat-RS,12,-4.8927844898758904E-6,2.3201836667638146E-6,0.017043732292831907,2.9626018594773713,3.6848568679701485E-8,5.839727825704198E-8,0.6309980495582088,-0.1999719831764938
PieceLinGauss,8,Lat-RSB,12,6.583131917986121E-7,8.50235483420419E-7,0.103957921054121,2.901588552208135,1.3494885120259717E-8,2.3412928716634736E-8,0.5763860336990514,-0.23928655103799248
PieceLinGauss,8,Sob-RDS,12,2.0113592233525574E-7,7.778590233284154E-7,0.05015574881165071,3.0158566755275564,1.234577438305739E-8,2.0638618033981845E-8,0.5981880357846565,-0.22316227743754172
PieceLinGauss,8,Sob-RDSB,12,1.7721927265425255E-6,7.208002499408114E-7,0.10154513562920192,2.8882883833316098,1.144327034826346E-8,1.81035774478896E-8,0.6320999471625119,-0.19921424597508575
PieceLinGauss,8,Sob-NUS,12,-6.50654480919266E-6,7.741923939291166E-7,0.009247161456243765,3.025905573919792,1.2329874406143297E-8,1.9216359275383186E-8,0.6416342570123721,-0.19271245701461548
PieceLinGauss,8,Lat-RS,14,2.2932896826605673E-6,4.215231094935903E-7,0.0016903409905088896,2.933066717785786,6.695433101102581E-9,1.1121538600359369E-8,0.6020239952128775,-0.22038619847495883
PieceLinGauss,8,Lat-RSB,14,5.540309210541862E-6,1.3661058861421217E-7,0.1583604178242167,2.9642801334496016,2.1989002254396965E-9,3.6925781373676053E-9,0.5954918606021066,-0.22512417023451878
PieceLinGauss,8,Sob-RDS,14,-2.3874197350209796E-6,2.1206251602772532E-7,0.017743289942100997,2.6415885266663057,3.3714348488026363E-9,6.1278203011871615E-9,0.5501850059391392,-0.2594912495090854
PieceLinGauss,8,Sob-RDSB,14,-8.490940438005199E-6,2.431352638574654E-7,0.08636142274638965,2.720450530370199,3.931000043030953E-9,6.83100343108252E-9,0.5754645101104862,-0.23998145489855874
PieceLinGauss,8,Sob-NUS,14,1.6417959280360272E-6,1.4807729538067958E-7,0.004644483583142738,2.9033525185162907,2.3528937105541013E-9,3.6997957306712415E-9,0.6359523286782169,-0.1965754380747695
PieceLinGauss,8,Lat-RS,16,-2.9612998587312086E-7,9.64121904660816E-8,0.012470312894967835,2.755672177224893,1.5302868873659142E-9,2.4723515145858587E-9,0.6189600784264899,-0.20833736112236154
PieceLinGauss,8,Lat-RSB,16,1.4171249893052032E-6,3.920855345315594E-8,0.1624480030142039,2.7426644812080827,6.243039987561169E-10,1.2024546285481798E-9,0.5191913141121086,-0.28467258174069093
PieceLinGauss,8,Sob-RDS,16,-1.0028104617771562E-6,2.4931192177525316E-8,0.056300368168454656,2.844404297700931,3.9669926466840146E-10,6.22696521604379E-10,0.6370667747529807,-0.19581504429436603
PieceLinGauss,8,Sob-RDSB,16,-8.150811591902291E-7,2.8508588995601267E-8,0.017719405088469094,2.9504242927348345,4.53136391211967E-10,7.062524403495635E-10,0.6416068325196649,-0.19273101986449725
PieceLinGauss,8,Sob-NUS,16,-1.4265596844616034E-6,2.2564189134914498E-8,0.02265057463206326,3.065034991688548,3.6016098866033125E-10,5.26070087300766E-10,0.6846254849962972,-0.16454693840401508
PieceLinGauss,16,Lat-RS,10,-2.0215741245865297E-6,2.1226265011666125E-5,0.034406963938278974,3.026683959918216,3.3689523573281355E-7,5.284683741435379E-7,0.6374936556587756,-0.195524132974157
PieceLinGauss,16,Lat-RSB,10,-1.5224841160603551E-6,5.2073609681356195E-6,0.024782572881511134,2.9475476650542514,8.265057560929327E-8,1.332477132093684E-7,0.6202776289258093,-0.20741388191624638
PieceLinGauss,16,Sob-RDS,10,5.641704866556853E-6,1.1132169980867982E-5,0.018660866981928988,2.886437970129044,1.767152695301489E-7,2.8160135139348816E-7,0.6275370080991569,-0.20236065719462712
PieceLinGauss,16,Sob-RDSB,10,2.7707939061875373E-6,7.0162745190041535E-6,0.008800319832995675,2.940661306956232,1.1136597716477934E-7,1.8077113359731983E-7,0.6160606228915659,-0.210376549374794
PieceLinGauss,16,Sob-NUS,10,-3.532780700761471E-6,9.525406133868643E-6,0.06588527304717154,3.0106028228080506,1.5119428360702343E-7,2.3841694931641721E-7,0.634159123504112,-0.19780175506946754
PieceLinGauss,16,Lat-RS,12,-2.091295246102459E-5,5.162260538447995E-6,0.017190890666308342,2.9480380099063455,8.236980098371883E-8,1.3552509222753815E-7,0.6077826595050391,-0.21625169482650178
PieceLinGauss,16,Lat-RSB,12,2.434968064520791E-6,1.6915344300971572E-6,0.05909825315069137,2.8096419581630636,2.6852996952874397E-8,4.557630431478395E-8,0.589187678917702,-0.22974634369295474
PieceLinGauss,16,Sob-RDS,12,1.6051846758775333E-5,1.4201574230219875E-6,0.023471582381083395,3.090286945836467,2.2797588884044748E-8,3.428729102872712E-8,0.664899098180259,-0.17724425609298108
PieceLinGauss,16,Sob-RDSB,12,9.758793043867848E-6,9.601775589481348E-7,0.045592594859967216,3.058168765746547,1.533462358440701E-8,2.472193514545039E-8,0.6202841118296948,-0.20740934286060456
PieceLinGauss,16,Sob-NUS,12,1.540097354084786E-5,1.7279353772376869E-6,0.050516742920207615,2.998644456793429,2.7661992901878328E-8,4.326325037605073E-8,0.6393877635507295,-0.1942356794081643
PieceLinGauss,16,Lat-RS,14,1.1537833125386785E-5,7.841522270974547E-7,2.2759902003259384E-4,3.03689803876749,1.257873765473316E-8,1.889786834156832E-8,0.6656167472108264,-0.17677575953922298
PieceLinGauss,16,Lat-RSB,14,1.5965590328139073E-6,1.9206045940893704E-7,0.008317849994196219,3.0197864400701406,3.0508228636499604E-9,4.942262101291026E-9,0.6172928106854186,-0.20950878102387235
PieceLinGauss,16,Sob-RDS,14,3.3232796547164426E-6,2.855000603325688E-7,0.04187714780149935,2.962679137114922,4.542338002370367E-9,7.2435466848738226E-9,0.6270875580681774,-0.20267181589812966
PieceLinGauss,16,Sob-RDSB,14,-8.316448967768881E-6,1.9895741693911543E-7,0.027284415959604187,3.028423089374218,3.2269017551386075E-9,5.269393937892594E-9,0.6123857493237927,-0.21297492421487857
PieceLinGauss,16,Sob-NUS,14,4.819083736398061E-6,3.7225019745165754E-7,0.025555871996686685,3.0250536467373044,5.931365987612581E-9,9.657768227386554E-9,0.6141549318602402,-0.2117220562787209
PieceLinGauss,16,Lat-RS,16,1.4612231684767905E-6,1.4575296120594514E-7,0.002210666178458911,2.9694174998059446,2.3154428860024514E-9,3.7567220482694175E-9,0.6163466064967703,-0.210174990829984
PieceLinGauss,16,Lat-RSB,16,1.3978403754045523E-6,4.6170221241674054E-8,0.00587864142758464,2.8976103739931642,7.34741326279395E-10,1.2514119669243262E-9,0.5871298546754471,-0.23126583583566235
PieceLinGauss,16,Sob-RDS,16,9.825315129383275E-7,7.155283290414273E-8,0.025784876576429815,2.8324054750707868,1.1366110446953823E-9,1.89940978536757E-9,0.5984022265503005,-0.22300679920657934
PieceLinGauss,16,Sob-RDSB,16,3.902365140361944E-8,4.433843148811602E-8,0.001623247427305709,3.0006984919013497,7.037157711781818E-10,1.0467866402109275E-9,0.6722628510394277,-0.17246088701144383
PieceLinGauss,16,Sob-NUS,16,-2.651413213180814E-6,6.352947276405153E-8,0.058009308053135235,3.0057443126336603,1.0153334811821904E-9,1.5882713167441596E-9,0.6392695444903898,-0.1943159853437496
PieceLinGauss,32,Lat-RS,10,-1.6667460167830486E-6,2.5530598188265406E-5,0.0031327178950692845,3.0039365649089955,4.0520984357318256E-7,6.355415433646133E-7,0.6375819925601806,-0.19546395736192004
PieceLinGauss,32,Lat-RSB,10,-5.514594272167413E-5,7.40159976136778E-6,0.0418589733057289,2.9296736141981423,1.2051503692551364E-7,1.9613610682926632E-7,0.6144459522204153,-0.21151631242724397
PieceLinGauss,32,Sob-RDS,10,2.814861875252546E-5,2.040293076255098E-5,0.0015042348492359523,2.890537750476803,3.246160029833056E-7,5.41969019855432E-7,0.5989567504613004,-0.22260453606499514
PieceLinGauss,32,Sob-RDSB,10,-2.2653163110775346E-6,4.511281474712743E-5,0.05534366680728362,2.353847416280092,7.160099485731117E-7,1.351481295449263E-6,0.5297964174451217,-0.2758909827867592
PieceLinGauss,32,Sob-NUS,10,1.8500153548469013E-5,2.2433747098101117E-5,0.01263747492125033,2.917314205262311,3.5639787033832184E-7,5.559017223026903E-7,0.6411166867086301,-0.1930629193396839
PieceLinGauss,32,Lat-RS,12,2.292072143690131E-5,4.970576942818797E-6,0.011010124736100118,2.9497027557588726,7.941551637792635E-8,1.324533662566916E-7,0.5995734092859587,-0.22215763609135658
PieceLinGauss,32,Lat-RSB,12,1.783498108894594E-6,1.2022013864904427E-6,0.008073317918654229,2.9746399363261777,1.9083834299659882E-8,2.9689523046825692E-8,0.6427800901200488,-0.19193758381428078
PieceLinGauss,32,Sob-RDS,12,2.5199650654457095E-5,3.428057267971052E-6,0.004189914370569226,2.9565807116798966,5.504318846047581E-8,8.504197911570354E-8,0.6472472657954844,-0.1889297755048194
PieceLinGauss,32,Sob-RDSB,12,2.043370478929568E-5,1.4013314056758462E-6,0.05504179944013725,2.8733346506878923,2.265866760149987E-8,3.8801624942615703E-8,0.5839618220888974,-0.23361554500764212
PieceLinGauss,32,Sob-NUS,12,2.857578024328837E-5,6.767620049315656E-6,0.06586874381891018,2.607713125878773,1.0822837342779404E-7,1.7853796954697806E-7,0.606192473804942,-0.21738945992694803
PieceLinGauss,32,Lat-RS,14,-2.6341396638753195E-6,1.0274375482125434E-6,0.0026498932528333896,2.9472983098883425,1.6313840349827884E-8,2.5383958803010548E-8,0.6426830612368097,-0.19200314634497098
PieceLinGauss,32,Lat-RSB,14,-1.29851011237531E-6,2.2247932704240886E-7,0.04879174288819478,2.920744198271987,3.5327508762850306E-9,5.467277838217272E-9,0.6461626756171884,-0.1896581318052986
PieceLinGauss,32,Sob-RDS,14,-7.82024387802384E-6,6.389959137959165E-7,0.02403082946547439,2.8434495608415005,1.0202934217558387E-8,1.6571312230817603E-8,0.6156986287775105,-0.21063181362473363
PieceLinGauss,32,Sob-RDSB,14,6.889963615255193E-7,2.3070532652692159E-7,0.029150696559684035,3.007144718429479,3.6620978270063366E-9,5.727854394161241E-9,0.6393489734549365,-0.19426202779415033
PieceLinGauss,32,Sob-NUS,14,-3.9736473742559645E-6,5.902505641937987E-7,0.010113330470872995,2.997369645779733,9.383909542302222E-9,1.3939230302382377E-8,0.6732014134739135,-0.17185498083751427
PieceLinGauss,32,Lat-RS,16,-3.124083691756394E-6,1.922927486748049E-7,0.029114714562461484,3.0343219768119387,3.06172052430893E-9,4.646261285475922E-9,0.6589643449195979,-0.1811380834690962
PieceLinGauss,32,Lat-RSB,16,4.102930790771126E-6,4.755531509835794E-8,0.03167677437204738,3.031724291025233,7.716048278492245E-10,1.288309889686624E-9,0.5989279706895009,-0.22262540434366115
PieceLinGauss,32,Sob-RDS,16,5.187887413473832E-6,8.078853793096768E-8,0.004686269131127782,2.9597177763632945,1.3091436849763816E-9,2.084165529983105E-9,0.6281380562833673,-0.20194489369481625
PieceLinGauss,32,Sob-RDSB,16,-2.2494812352549345E-6,4.7617752014798344E-8,0.007424276307121939,3.0105285891646334,7.608219156626349E-10,1.2160402857636749E-9,0.6256551896920403,-0.20366494869256044
PieceLinGauss,32,Sob-NUS,16,3.0964365423986115E-6,8.375006887788656E-8,0.009106059074123086,3.0007963305469296,1.3388211553087011E-9,2.0349159745974023E-9,0.6579245394019673,-0.18182391489767474
IndSumNormal,2,Lat-RS,10,-1.0722681457041153E-5,2.3557119505896032E-6,0.07905844086957925,2.5291898681887575,3.7503489856272735E-8,2.4006476083680413E-7,0.15622238651581014,-0.8062567320230516
IndSumNormal,2,Lat-RSB,10,3.124747929620022E-7,1.2026895734235888E-5,0.2410958730002653,2.702928251294823,1.908841142224401E-7,4.939861885071584E-7,0.38641589312304025,-0.4129450195399542
IndSumNormal,2,Sob-RDS,10,-1.2968775207049718E-5,3.1871834854231263E-6,0.21764392425630036,2.9792128524096557,5.0753344163300887E-8,2.1960913253222941E-7,0.23110762097223997,-0.6361857330513143
IndSumNormal,2,Sob-RDSB,10,1.5351537292942647E-5,3.514063937483531E-5,0.07968040178132829,2.4112948362289384,5.579678174892855E-7,1.4527676661592017E-6,0.3840722990238555,-0.4155870149252023
IndSumNormal,2,Sob-NUS,10,-7.402368957048821E-6,5.438977392307077E-6,0.05901986483421385,2.994574113925764,8.637913624979289E-8,2.488545318374744E-7,0.34710694481628585,-0.4595366970021173
IndSumNormal,2,Lat-RS,12,9.003881042955018E-6,4.1129139616842457E-7,0.28378383669991136,2.639448126377719,6.608851890165966E-9,1.8338933355909938E-8,0.3603727524336188,-0.44324805319539984
IndSumNormal,2,Lat-RSB,12,-7.109400207052442E-6,9.284113511906614E-7,0.3962663190759043,2.5736727133273134,1.4785758016630105E-8,4.18873543797253E-8,0.35298858654550985,-0.45223933676639755
IndSumNormal,2,Sob-RDS,12,1.2157951054459408E-6,1.376839419796132E-6,0.1896207479045354,2.4352641996017086,2.1853886663359893E-8,6.466568569365662E-8,0.33795182760280623,-0.47114520060185294
IndSumNormal,2,Sob-RDSB,12,-7.768579894548437E-6,1.0709007181683887E-6,0.3400917798410042,2.3050547692914387,1.7057075089079122E-8,6.03299769862397E-8,0.2827296800224135,-0.548628598325601
IndSumNormal,2,Sob-NUS,12,-1.5674080195530833E-6,6.471464324920303E-7,0.011537266647359264,3.0659214575446248,1.0273595146451843E-8,2.076370929246791E-8,0.4947861194617388,-0.3055824924013019
IndSumNormal,2,Lat-RS,14,1.2707267460730327E-6,3.847524733117399E-8,0.24272048030147475,3.0216621134133548,6.12271886247961E-10,1.301238560097248E-9,0.47053008189536194,-0.3274126060655536
IndSumNormal,2,Lat-RSB,14,-3.746363097679023E-6,1.7118592391593478E-7,0.5076771301139616,2.5033573211258853,2.731000400325416E-9,1.4267988390890353E-8,0.1914075289035889,-0.7180409835028768
IndSumNormal,2,Sob-RDS,14,-2.5012459101762724E-6,9.02289642964212E-8,0.12302013981876246,2.268629169389082,1.4383187930078014E-9,4.1021099361971725E-9,0.35062902149842995,-0.45515214028158485
IndSumNormal,2,Sob-RDSB,14,2.314427917949297E-6,1.2666076669121626E-7,1.0579562016344304,5.491530000786678,2.0156438879294007E-9,3.654799087492286E-9,0.551506071791328,-0.25844970184400223
IndSumNormal,2,Sob-NUS,14,1.978734558574143E-6,8.290200447193297E-8,0.02275424864057973,2.928040934496572,1.3196886328578316E-9,2.4649446274299396E-9,0.535382668710817,-0.2713356918063227
IndSumNormal,2,Lat-RS,16,-4.0316241408086696E-7,1.6111797065042244E-8,0.7151438155143626,2.85946742623565,2.55879776207298E-10,1.1477899363803627E-9,0.2229325838264736,-0.6518264503989321
IndSumNormal,2,Lat-RSB,16,-1.0791267695604218E-6,2.386994940815505E-8,0.482059373647915,2.7526420203482815,3.800147116199285E-10,6.748404056286507E-10,0.5631178993586254,-0.24940066788340437
IndSumNormal,2,Sob-RDS,16,1.1852775273239423E-6,9.847897822015972E-9,0.0825011642452477,2.590715799276146,1.5770508967763266E-10,2.2525399487057083E-10,0.7001211666334654,-0.15482679220499646
IndSumNormal,2,Sob-RDSB,16,-8.883135939487849E-8,1.2468932048542567E-7,0.9932102474137733,5.355909013882741,1.979005534714811E-9,3.4753124312148776E-9,0.5694467976287827,-0.2445468450274837
IndSumNormal,2,Sob-NUS,16,-2.7804034376976347E-7,1.0315928237382542E-8,0.016099599300187426,2.9253541445022857,1.6380582460036365E-10,2.835474910880619E-10,0.5777015482372586,-0.2382964685499893
IndSumNormal,4,Lat-RS,10,5.529294354294618E-5,1.3684130406448946E-5,0.016178684758810208,2.8051558695750156,2.2024400791371172E-7,4.359988924246856E-7,0.5051480903744651,-0.2965812844472995
IndSumNormal,4,Lat-RSB,10,-7.011743957040011E-6,3.406392881567208E-5,0.16635419246272384,2.9408149569966096,5.406923776134859E-7,9.635385352296386E-7,0.5611528318217429,-0.25091884110136004
IndSumNormal,4,Sob-RDS,10,-7.815020705639953E-8,2.776731033660925E-5,0.0693813468839833,2.707137435613892,4.4070688873563887E-7,8.037200930250518E-7,0.5483337950117693,-0.2609549867723087
IndSumNormal,4,Sob-RDSB,10,-1.15236895705752E-6,4.5964775577594425E-5,0.05630002547929883,2.263908658821751,7.295279803357475E-7,1.942279570271012E-6,0.3756040023805401,-0.4252697886036851
IndSumNormal,4,Sob-NUS,10,-3.669924395705244E-5,2.9913302876613363E-5,0.03315120923913502,2.9071774682563283,4.7611368444869703E-7,8.14729741936236E-7,0.5843823539781362,-0.23330290650506885
IndSumNormal,4,Lat-RS,12,-2.0195337707043477E-5,1.9762424793657423E-6,0.24692293533004803,2.834835439135133,3.177364301617782E-8,6.467522842408761E-8,0.49127995046004447,-0.3086709594195099
IndSumNormal,4,Lat-RSB,12,1.69628654179613E-5,7.761767156387155E-6,0.04838518650940563,2.654470609490057,1.2347807181384684E-7,2.3722857612450435E-7,0.5205025205270465,-0.283577163082672
IndSumNormal,4,Sob-RDS,12,2.6923802917951587E-5,6.023435402374291E-6,0.10214454456464128,2.8833014765887004,9.632541590696239E-8,1.453803922856367E-7,0.6625750171158339,-0.17876494354202307
IndSumNormal,4,Sob-RDSB,12,6.901364666796605E-5,3.082009496563873E-5,0.016794217385038133,1.468462211289108,4.939218192381913E-7,6.62091380516628E-6,0.07460024911558062,-1.1272597222680634
IndSumNormal,4,Sob-NUS,12,-6.621118957048153E-6,5.064916758552084E-6,0.022628191232749634,3.0487102084470528,8.04313037698343E-8,1.3198805277593944E-7,0.6093832136941443,-0.21510951319246088
IndSumNormal,4,Lat-RS,14,1.3465550964824409E-5,3.7278363833052856E-7,0.0032064039234607697,2.808030533028413,6.09792995114653E-9,1.0560867976753927E-8,0.5774080278788636,-0.2385171822854766
IndSumNormal,4,Lat-RSB,14,-8.519312316423812E-6,6.962340764000177E-7,0.055042317115540945,2.930591001118792,1.1122808094922194E-8,1.7984734672100378E-8,0.6184582812988032,-0.20868959080090518
IndSumNormal,4,Sob-RDS,14,-7.815020705174975E-8,7.582217171759907E-7,0.08080471108690825,2.9314269437685683,1.2034067932919516E-8,1.951404530137977E-8,0.6166875062070615,-0.20993485008236204
IndSumNormal,4,Sob-RDSB,14,7.64134949199597E-7,6.278085878806408E-7,0.07792494079805148,2.781495072745935,9.964803061297617E-9,1.754320835093901E-8,0.5680148614756803,-0.24564030130932282
IndSumNormal,4,Sob-NUS,14,-4.344507628925446E-6,8.455170855911153E-7,0.0017761391031888573,3.11681313298589,1.3438438776419635E-8,2.0892988157220998E-8,0.6432032926690319,-0.19165174102525956
IndSumNormal,4,Lat-RS,16,2.0565543827911858E-6,5.7933198257626775E-8,0.0681933520287344,2.8958699290499594,9.23712033989711E-10,1.4693311274054756E-9,0.6286615840098541,-0.20158307752524088
IndSumNormal,4,Lat-RSB,16,-4.103418761741817E-6,1.2818285144760743E-7,0.08275713804965756,2.9181464106461257,2.051283016366956E-9,3.5381011022927147E-9,0.5797694743764417,-0.2367446545533981
IndSumNormal,4,Sob-RDS,16,-5.816902461126434E-7,1.458712565870125E-7,0.07943041907757789,2.8092051018297957,2.315523593087721E-9,4.021677214311667E-9,0.5757606763784089,-0.23975800013014006
IndSumNormal,4,Sob-RDSB,16,-4.4580871113005606E-8,1.8664859983213533E-7,0.0760255936680428,2.6916128590780146,2.96238190764696E-9,5.259483857389852E-9,0.5632457457749694,-0.2493020798410299
IndSumNormal,4,Sob-NUS,16,1.0860953984186415E-6,1.5254755389539153E-7,0.037619183122433585,2.9861314283454847,2.4223272086113234E-9,3.7717743716502885E-9,0.6422248443115295,-0.19231289786839223
IndSumNormal,8,Lat-RS,10,5.519528729293874E-5,3.6409604619748666E-5,0.06183977382301363,3.0350626072635265,5.809189587756468E-7,9.816852418532264E-7,0.5917568422226531,-0.22785671181482753
IndSumNormal,8,Lat-RSB,10,-3.6015650207058564E-5,3.570602687672034E-5,0.014346330266952085,2.999753081835367,5.680027822032129E-7,9.706305594922723E-7,0.5851894695138485,-0.23270349760683554
IndSumNormal,8,Sob-RDS,10,8.124974792943913E-6,3.79539070755068E-5,0.054541752232174855,2.9541657548511338,6.024487403709296E-7,1.0556501117112145E-6,0.5706897898152609,-0.24359989732410556
IndSumNormal,8,Sob-RDSB,10,3.6835912292953355E-5,4.364698050272236E-5,0.020602485821415478,2.9383527483387413,6.940968178419476E-7,1.135112864218578E-6,0.611478241258212,-0.21361899221660496
IndSumNormal,8,Sob-NUS,10,-1.1015650207041317E-5,4.101425911595972E-5,0.023266540439277724,2.9152307839450367,6.510762285185016E-7,1.1216561238899195E-6,0.5804597457735621,-0.236227892711947
IndSumNormal,8,Lat-RS,12,6.618161541795052E-5,7.827460962553635E-6,0.034814516836054694,2.9332683792008507,1.2861299378214505E-7,2.1367731758974605E-7,0.6019028843720234,-0.2204735754925351
IndSumNormal,8,Lat-RSB,12,-6.645533019544633E-6,8.526436978428959E-6,0.04121294972401388,2.9942550045537866,1.3537089858103636E-7,2.1884701953665786E-7,0.6185640492963677,-0.20861532462691618
IndSumNormal,8,Sob-RDS,12,8.014645916794655E-5,7.944813796622426E-6,0.03106343719777513,2.9424891828623667,1.3251899960355242E-7,2.1795345588515578E-7,0.6080151336227467,-0.2160856109130305
IndSumNormal,8,Sob-RDSB,12,-7.963892394551672E-6,9.345229041732593E-6,0.02708021549906313,2.958170568471517,1.4838555880157073E-7,2.3867517962670983E-7,0.6217050261935367,-0.2064156215504636
IndSumNormal,8,Sob-NUS,12,-2.7690454894545698E-5,8.383559169072072E-6,0.02679048834568155,3.0651531887163057,1.3382582181853935E-7,2.218869966813131E-7,0.6031260227959537,-0.21959193282423636
IndSumNormal,8,Lat-RS,14,-3.897585528517722E-5,2.087727290364799E-6,0.0834637448013714,2.8225336019263136,3.46543318608581E-8,5.824005143077823E-8,0.5950257770985459,-0.2254642198022597
IndSumNormal,8,Lat-RSB,14,1.4381078308574143E-5,1.5468664038510984E-6,0.011876955051817704,3.0307780039455166,2.475779505158263E-8,4.064181492662163E-8,0.6091705081646223,-0.21526113037112585
IndSumNormal,8,Sob-RDS,14,-6.303736144548256E-6,2.160566068790061E-6,0.031966793112209,3.071551845437897,3.4331007124033765E-8,5.638845007298623E-8,0.6088304799936427,-0.2155036135277408
IndSumNormal,8,Sob-RDSB,14,-1.3537849726724321E-6,2.524577298595869E-6,0.03209505529886282,2.9099962189947606,4.007048100146667E-8,6.35831307640852E-8,0.6302061650619507,-0.2005173526071326
IndSumNormal,8,Sob-NUS,14,-1.5861841613303262E-5,1.8826234767181605E-6,0.00572305256906842,3.003846491385086,3.013152205699232E-8,4.4795687164162723E-8,0.6726433718176786,-0.17221513295685617
IndSumNormal,8,Lat-RS,16,5.057958191387607E-6,6.229168996054633E-7,0.06781914082838027,2.5420605005896255,9.912164019089678E-9,1.9599057021200014E-8,0.505746986111007,-0.2960666966328054
IndSumNormal,8,Lat-RSB,16,2.3724113163858916E-6,3.7478191246411717E-7,0.007794441350165949,3.0690228234367463,5.953952688991747E-9,9.191137840287215E-9,0.6477927752202758,-0.18856389994959039
IndSumNormal,8,Sob-RDS,16,-1.0557886535174958E-5,3.7455757283898446E-7,8.351642158983216E-4,2.9854421060574357,6.056232731291225E-9,9.528887945537912E-9,0.6355655314560786,-0.19683966386292173
IndSumNormal,8,Sob-RDSB,16,-1.4360376769550205E-5,6.893500977783789E-7,0.03378527610288847,2.711206961042407,1.114719125856028E-8,2.0952775438096968E-8,0.5320150207066182,-0.2740761058291849
IndSumNormal,8,Sob-NUS,16,-2.3623909297061884E-6,4.0849346336829044E-7,0.019362470355545964,3.096429513626196,6.488955716650054E-9,9.716072279657565E-9,0.6678579090272836,-0.17531592658049797
IndSumNormal,16,Lat-RS,10,5.976537292948566E-6,5.241502886212401E-5,0.03305609190796908,3.0250030445346328,8.319371056525821E-7,1.4064438426712493E-6,0.5915181825336798,-0.2280319011583205
IndSumNormal,16,Lat-RSB,10,-1.277148689570475E-4,4.823064852719401E-5,0.024315693704633618,2.9834442309754583,7.818003808057521E-7,1.3951000673542738E-6,0.5603901821095824,-0.25150948204611834
IndSumNormal,16,Sob-RDS,10,-1.6191431457050017E-5,4.49545296326506E-5,0.05926189425303802,2.9910585741435765,7.137547684794114E-7,1.1746688421406613E-6,0.6076221168671659,-0.21636642661544883
IndSumNormal,16,Sob-RDSB,10,5.714841229294897E-5,5.045225911407977E-5,0.026051373020730087,2.985027511280486,8.04015367823928E-7,1.295025911290337E-6,0.6208488655048019,-0.2070141081417781
IndSumNormal,16,Sob-NUS,10,1.59374747929423E-5,4.701776664749916E-5,0.0012936796262001565,3.037655368292991,7.464931280366552E-7,1.1798067895464816E-6,0.63272489584808,-0.19878507700484982
IndSumNormal,16,Lat-RS,12,3.141599041794964E-5,1.2896696371201886E-5,0.022153083762852976,2.989726863528646,2.056759597168735E-7,3.113205184753592E-7,0.6606566143604589,-0.1800242125840226
IndSumNormal,16,Lat-RSB,12,7.075170105450453E-6,1.1417667320793057E-5,0.026826680260358202,2.9647885000664704,1.8126474936632229E-7,3.015610462718808E-7,0.6010880768827748,-0.2210618865636977
IndSumNormal,16,Sob-RDS,12,-2.4077173644555207E-5,1.130865883178648E-5,0.02080041382056243,2.906871830901632,1.8006428117806406E-7,3.07880011645278E-7,0.5848521318932649,-0.23295392267042472
IndSumNormal,16,Sob-RDSB,12,-3.508791583205455E-5,1.1156271092712146E-5,0.01721190464023931,3.027654831552861,1.7829712160891156E-7,2.7954804536062056E-7,0.6378049303793414,-0.19531212788348684
IndSumNormal,16,Sob-NUS,12,2.9511693542948788E-5,1.134034908465211E-5,0.018566888432661414,2.963762040523587,1.8085848052789426E-7,2.900996577559392E-7,0.6234356907792372,-0.2052083386251332
IndSumNormal,16,Lat-RS,14,2.674069744920246E-5,3.1387153141485755E-6,0.013423001123121656,2.948454210345878,5.053096081462789E-8,8.019494733315643E-8,0.6301015524669591,-0.2005894503531273
IndSumNormal,16,Lat-RSB,14,-1.0563990050799734E-5,2.5680426441498926E-6,0.03972328394783127,2.9562319242304307,4.087010328080098E-8,6.521746665656671E-8,0.626674192912487,-0.2029581896250228
IndSumNormal,16,Sob-RDS,14,-1.3682886535169855E-5,2.4855820446646007E-6,0.0010053102236624563,2.942952951892822,3.963695926425393E-8,6.299544002667779E-8,0.6292036256508117,-0.2012087835128255
IndSumNormal,16,Sob-RDSB,14,-1.9084497863303053E-5,2.431898771917751E-6,0.04625728214903928,2.951194809160184,3.896192571013187E-8,6.213121434773548E-8,0.6270910060130176,-0.20266942800303897
IndSumNormal,16,Sob-NUS,14,1.4710668152325268E-5,2.593474486323581E-6,0.007302527213157631,2.974979680395494,4.1378548818994957E-8,6.964662056130163E-8,0.5941214158779513,-0.22612479263259144
IndSumNormal,16,Lat-RS,16,-1.1221643859393462E-5,1.1564306032546103E-6,0.006063909307200157,2.6628144130784075,1.8480131008276666E-8,3.397102231250513E-8,0.5439969053116754,-0.2644035709082272
IndSumNormal,16,Lat-RSB,16,-3.6456550898549113E-6,5.645540931487236E-7,0.05258361142804009,2.9860955682935075,8.973570765151786E-9,1.396557027869063E-8,0.6425495404827193,-0.19209338265994164
IndSumNormal,16,Sob-RDS,16,8.43320233200963E-6,5.845051276219897E-7,0.02647768461976961,3.0418293720053415,9.348050284258761E-9,1.4353323762704288E-8,0.6512812250880008,-0.18623144133798017
IndSumNormal,16,Sob-RDSB,16,7.908299988260383E-6,5.493287774532563E-7,0.003412847814650407,2.9847051227555204,8.781173662283858E-9,1.3987321652457157E-8,0.6277952191612943,-0.2021819958990769
IndSumNormal,16,Sob-NUS,16,2.766088074198888E-6,6.805422125977163E-7,0.0012607668186863103,2.9623202936135793,1.0808828360320837E-8,1.767086803796882E-8,0.6116750086694247,-0.21347926319793906
IndSumNormal,32,Lat-RS,10,-1.4851565020705142E-4,5.630144579361203E-5,0.03888534862939001,3.0770212721806423,9.156412737378941E-7,1.4367089822257922E-6,0.6373185419355808,-0.19564344611582737
IndSumNormal,32,Lat-RSB,10,2.0527318542945082E-5,5.125705594241077E-5,0.03275504415456757,3.0046525719929313,8.139440729782546E-7,1.3074092917912945E-6,0.6225625579446982,-0.20581700213564041
IndSumNormal,32,Sob-RDS,10,-1.375002520704693E-5,5.299372251945349E-5,0.054865259069141414,3.032779058549959,8.412751448948062E-7,1.4122310192444893E-6,0.5957064626330534,-0.22496768835062791
IndSumNormal,32,Sob-RDSB,10,-1.4628931457047363E-5,9.013209060163833E-5,0.06404826357654007,2.857895441674618,1.4307390436130062E-6,2.4072442882106373E-6,0.5943472586558753,-0.22595973607617997
IndSumNormal,32,Sob-NUS,10,6.896481854294732E-5,5.937032362904265E-5,0.0034132193653572023,3.0874277670625143,9.470479969376099E-7,1.5551715066776007E-6,0.6089669164276558,-0.21540630080422132
IndSumNormal,32,Lat-RS,12,-2.837404864455704E-5,1.2654583238222481E-5,0.03330257757796693,3.0235794426684426,2.016514006031291E-7,3.0998654225695776E-7,0.6505166293186168,-0.18674159698248238
IndSumNormal,32,Lat-RSB,12,-1.3164087707051538E-5,1.2158846566648247E-5,0.01974125224171592,2.9642471695029164,1.931515579986761E-7,3.165953133948503E-7,0.6100897575757288,-0.21460626605118138
IndSumNormal,32,Sob-RDS,12,3.603024823045315E-5,1.1444133509396387E-5,0.01867264141223125,2.9163089668318984,1.82932926343825E-7,2.9232507167533194E-7,0.6257859625088802,-0.20357418307750397
IndSumNormal,32,Sob-RDSB,12,-4.4902368957054895E-5,1.3011491636071573E-5,0.0036325494110013685,3.0866838264190357,2.0852718284760572E-7,3.409340703454808E-7,0.61163492001928,-0.21350772741480303
IndSumNormal,32,Sob-NUS,12,2.011227948044012E-5,1.584557103912818E-5,0.0019571936360315138,2.95099888745159,2.5189635270691943E-7,4.3545513876010545E-7,0.5784668276602667,-0.23772154073498755
IndSumNormal,32,Lat-RS,14,-8.830591613297418E-6,3.0351195647211115E-6,0.04575741152792927,2.931293429292469,4.824966272545734E-8,7.749163943077555E-8,0.6226434629578265,-0.20576056713577764
IndSumNormal,32,Lat-RSB,14,8.190665898228519E-7,3.0757044911524565E-6,0.02080480569810909,2.9665582522220073,4.881649500822684E-8,7.441712746658995E-8,0.655984672750817,-0.18310630790712665
IndSumNormal,32,Sob-RDS,14,2.6623283085747628E-6,2.817528921276622E-6,0.00469538406442689,2.9838220649474327,4.472529701399873E-8,7.238521303662765E-8,0.617878916670001,-0.20909662357502246
IndSumNormal,32,Sob-RDSB,14,2.39330802616994E-5,3.09792861099517E-6,0.024118765719392744,2.9640193508544375,4.974134499960772E-8,7.937328002176263E-8,0.626676193625482,-0.20295680310354738
IndSumNormal,32,Sob-NUS,14,2.9658177917950825E-5,2.9009183867834416E-6,0.015333860863263741,2.983832251049383,4.692132648479002E-8,7.352640137400937E-8,0.6381561671448278,-0.19507302938237864
IndSumNormal,32,Lat-RS,16,5.181554382790754E-6,6.978028272144039E-7,0.002222614366740121,3.0643721510638593,1.1101976234896144E-8,1.7835807089609832E-8,0.6224543795028793,-0.20589247307751754
IndSumNormal,32,Lat-RSB,16,2.4227653202917557E-6,7.132196135915666E-7,0.004499449656512111,2.9452871911008125,1.1325683944657645E-8,1.848489447081029E-8,0.6126994104587485,-0.21275253754732718
IndSumNormal,32,Sob-RDS,16,-5.800196105490025E-6,6.768808508645238E-7,0.02644117871655295,2.924959179893068,1.0776708350726227E-8,1.8483763710989228E-8,0.5830364702357186,-0.2343042782997525
IndSumNormal,32,Sob-RDSB,16,-5.398889953148315E-6,7.552166910583538E-7,6.317709058708032E-4,2.984595180414973,1.2015515780809505E-8,1.9164268020689962E-8,0.6269749393943675,-0.20274981786186802
IndSumNormal,32,Sob-NUS,16,-1.9106524611096454E-7,6.798578019865168E-7,0.03375474245248421,3.003310810927064,1.0790351048885701E-8,1.7959606052601735E-8,0.6008122348163949,-0.22126123203061007
