model,s,method,k,mean,variance,abs-skewness,kurtosis,MSEAr,MSEMr,MSEratio,log-ratio
SmoothPerB4,2,Lat-RS,10,-4.433771011765783E-12,1.2422500094241054E-19,0.002173934103232907,2.3437981287515233,2.4862174013848034E-20,4.1359360655583494E-20,0.6011256852078939,-0.22103471487660975
SmoothPerB4,2,Lat-RSB,10,1.7155435857494204E-11,5.025265496652547E-16,0.00581839611841837,1.4906419501210457,1.0049555371103709E-16,2.6964707829192715E-16,0.3726929078839783,-0.42864887152348513
SmoothPerB4,2,Sob-RDS,10,4.195521912509204E-9,1.821130777700272E-13,0.03316161231394882,2.3767369373586806,3.643657569656839E-14,5.721661653425751E-14,0.6368180766989706,-0.19598461722517804
SmoothPerB4,2,Sob-RDSB,10,-7.260006726533647E-7,1.0138527270129516E-8,0.011948477282945702,2.1235419983677013,2.0280297604571937E-9,3.5524653626947516E-9,0.5708795310867761,-0.24345552836383585
SmoothPerB4,2,Sob-NUS,10,2.237243982093528E-6,2.3488206824181637E-8,0.006181982059163772,3.325617326780803,4.702176861335257E-9,6.486067388817688E-9,0.7249657734734688,-0.1396824965220888
SmoothPerB4,2,Lat-RS,12,-3.4971155162979155E-15,1.1660318972937368E-24,0.012414982652318727,1.7846901935446091,2.331952886377358E-25,5.262779770015502E-25,0.4431028825609568,-0.3534954247004005
SmoothPerB4,2,Lat-RSB,12,6.316095893955805E-13,6.858268473746753E-20,0.009060598188383548,1.4960985400048412,1.3715564224472176E-20,3.705963369562759E-20,0.37009443582520835,-0.4316874442444548
SmoothPerB4,2,Sob-RDS,12,-1.301781858316818E-10,1.413851451828039E-16,0.0018871590887451087,2.767575125871235,2.829114769372355E-17,4.2199049521725594E-17,0.6704214434772576,-0.17365210321592253
SmoothPerB4,2,Sob-RDSB,12,2.1248637736347988E-9,3.1795444011919395E-12,0.0013727838074513651,2.0097379242825215,6.358498043964207E-13,1.1803871699532668E-12,0.5386790203942956,-0.2686699383289556
SmoothPerB4,2,Sob-NUS,12,1.5550147350992917E-7,4.4347935282656616E-10,0.009613279519169956,3.373249281281158,8.871118168652046E-11,1.219674242784549E-10,0.7273350422157843,-0.1382654880860193
SmoothPerB4,2,Lat-RS,14,2.0713171552567287E-18,6.069521705908206E-30,0.03398584369650496,2.5857238802953773,1.2137872411022809E-30,1.9026089844330537E-30,0.6379593763265916,-0.19520697519561464
SmoothPerB4,2,Lat-RSB,14,3.987482020768105E-16,2.777115255524852E-26,0.009831955584011037,1.889388805728936,5.55383408812726E-27,1.1611035208927707E-26,0.47832376598573445,-0.32027804024440243
SmoothPerB4,2,Sob-RDS,14,-2.3170011536341878E-10,1.3374939087710492E-16,0.005252370047018537,2.716244430125832,2.6800888131062864E-17,3.986199327412502E-17,0.6723418958695098,-0.17240982556212786
SmoothPerB4,2,Sob-RDSB,14,-2.5326253249910645E-8,3.1649684721737766E-12,0.01608043272465974,2.0177167350309095,6.335718141689904E-13,1.2228162098972706E-12,0.5181251352745946,-0.28556533871795076
SmoothPerB4,2,Sob-NUS,14,7.4174733823085935E-9,7.882253514583982E-12,0.00415228222287356,3.3040671828331534,1.5763480767578821E-12,2.1569163858170186E-12,0.7308341144437905,-0.13618118851039154
SmoothPerB4,2,Lat-RS,16,-5.2813983781366536E-18,3.1309251905650452E-30,0.05164040791109199,3.3948353594790506,6.261503127780263E-31,8.448439920103283E-31,0.7411431207412451,-0.1300979181390041
SmoothPerB4,2,Lat-RSB,16,1.320401340463496E-17,8.710284027278379E-31,0.022872857719567947,3.263553466495641,1.743626059475028E-31,2.3602639730546492E-31,0.7387419709747255,-0.13150722621941344
SmoothPerB4,2,Sob-RDS,16,2.3029261864777342E-10,1.3076461020922629E-16,0.04914785139108089,2.7684834697317555,2.6203341439844722E-17,3.984820197110485E-17,0.657579015957748,-0.182052054043376
SmoothPerB4,2,Sob-RDSB,16,1.1434140398070493E-9,3.1560420601295083E-12,8.069759523825809E-4,2.0223532180148833,6.311465985803656E-13,1.2126011192674452E-12,0.5204898697121877,-0.2835877187392485
SmoothPerB4,2,Sob-NUS,16,5.514034523257855E-9,1.4498200532106898E-13,0.022513512645940297,3.2407860839098097,2.902390600083105E-14,4.0148872905522085E-14,0.7229071179440033,-0.14091749904804482
SmoothPerB4,4,Lat-RS,10,-4.318185473532736E-10,9.052154064332985E-14,0.12228686546026092,2.4052657665581854,1.810268416511094E-14,2.9867320817843194E-14,0.6061033822054813,-0.21745329251353576
SmoothPerB4,4,Lat-RSB,10,-1.5059000468170257E-8,1.3987771914860016E-12,0.045145177399229984,2.4591825756628443,2.79954236248471E-13,4.554604570873194E-13,0.6146620016999612,-0.2113636340600559
SmoothPerB4,4,Sob-RDS,10,1.080510673427266E-7,5.9236362244280394E-9,0.007566671982174444,2.534102982832645,1.1846204471942732E-9,1.8761298434112882E-9,0.6314170905358701,-0.19968366725696202
SmoothPerB4,4,Sob-RDSB,10,-5.9090645449987594E-6,2.5932794205597493E-7,0.036052630798607245,2.001059189033133,5.1895318896150824E-8,1.0041205843944056E-7,0.5168235738086115,-0.28665768514164464
SmoothPerB4,4,Sob-NUS,10,-4.787652085176705E-6,3.7182630500521646E-7,0.03649645472728605,5.695554039079945,7.438074608743188E-8,7.529643365678249E-8,0.987838898539013,-0.005313876445139277
SmoothPerB4,4,Lat-RS,12,2.8501763013389604E-10,5.367623861725857E-15,0.0090170771540241,1.5526357679329834,1.073498654917424E-15,2.71609031740824E-15,0.39523672980866953,-0.4031427027179991
SmoothPerB4,4,Lat-RSB,12,3.86583829377043E-9,2.9243489006178466E-14,0.014742841624670216,2.4213732222085795,5.863057637169151E-15,9.55735331193751E-15,0.6134603844608278,-0.2122134775426284
SmoothPerB4,4,Sob-RDS,12,1.9435934534781016E-7,5.437985266764472E-10,0.12576736584972623,2.5873967802847346,1.0878660491987995E-10,1.6794862115222284E-10,0.6477374102480992,-0.18860101942730131
SmoothPerB4,4,Sob-RDSB,12,-3.7180768901797512E-6,1.9296266251893389E-7,0.02405154243842082,1.253221441072552,3.8602497346297694E-8,1.3060821416676097E-7,0.2955594913579471,-0.5293550895101691
SmoothPerB4,4,Sob-NUS,12,-3.988561811298929E-7,8.536671060726247E-9,0.0022619895548787565,3.57086798803907,1.7073225649772604E-9,2.2530060456088483E-9,0.757797595929609,-0.12044677683373746
SmoothPerB4,4,Lat-RS,14,-1.0335912349568902E-11,5.245981888600376E-18,0.004377859144834208,1.5498955021469878,1.0491982891664015E-18,2.704330841802157E-18,0.3879696496258643,-0.41120224738405015
SmoothPerB4,4,Lat-RSB,14,1.1586824538076E-9,5.281973064462216E-15,0.02907923502193876,1.5224401633708147,1.0576315184599154E-15,2.7713801272072565E-15,0.3816262908422093,-0.4183617136996352
SmoothPerB4,4,Sob-RDS,14,-4.670798178281243E-9,2.7726366797244856E-12,0.020001135046999304,2.001283716577699,5.544936995669248E-13,1.1213812093024377E-12,0.49447386398765425,-0.3058566586186998
SmoothPerB4,4,Sob-RDSB,14,6.682209004545218E-6,1.798933180723194E-7,0.03151782968260588,1.006883035158868,3.6019717665282864E-8,1.7089436049506588E-7,0.21077183331817925,-0.6761874269121066
SmoothPerB4,4,Sob-NUS,14,1.0334723645830653E-7,2.3052354293346418E-10,0.054268481368656626,3.4038348308080444,4.6110778767117735E-11,6.17186335318245E-11,0.7471127620371122,-0.12661384499233452
SmoothPerB4,4,Lat-RS,16,-4.423662619793179E-14,1.1274186938350008E-21,0.001819188023752981,1.8890054835629584,2.254631472722209E-22,4.744791683188412E-22,0.4751802867786049,-0.3231415846953329
SmoothPerB4,4,Lat-RSB,16,-1.488509492589412E-12,9.423957208239872E-20,0.008742410193324935,1.5457280917533607,1.8848245285547623E-20,4.8594802140703075E-20,0.3878654599924856,-0.41131889326036825
SmoothPerB4,4,Sob-RDS,16,-8.346157479913652E-10,1.9200414241363828E-14,0.04373497722904979,2.4205613648400512,3.8403954234347334E-15,6.301507667814452E-15,0.6094407284545439,-0.21506852557772133
SmoothPerB4,4,Sob-RDSB,16,-1.958510656090916E-8,3.3032610551359923E-12,0.0038937801860986785,2.140768265125817,6.609697222050979E-13,1.1045141537702425E-12,0.5984257602755815,-0.22298971978139548
SmoothPerB4,4,Sob-NUS,16,-4.248663453106849E-9,6.066059585422546E-12,0.021196788900095565,3.7168140450071303,1.2131086470339386E-12,1.5917778964898345E-12,0.7621092425702531,-0.11798277138355089
SmoothPerB4,8,Lat-RS,10,-3.6933642150731645E-7,1.7480402042314343E-9,0.32393458691204974,2.9057731540327745,3.4970948943445406E-10,5.097998527260443E-10,0.6859740887810349,-0.163692288538065
SmoothPerB4,8,Lat-RSB,10,-2.866352427428376E-7,1.815191063517451E-8,5.343790243252731E-4,2.1457355671350733,3.6301012485845807E-9,6.811796658889409E-9,0.5329139183635628,-0.2733429369376282
SmoothPerB4,8,Sob-RDS,10,-4.624741316524766E-6,7.122664088623375E-7,0.056400721294303534,2.4364686908861413,1.4246042467653503E-7,2.3266141257166291E-7,0.6123079160479835,-0.21303012587582235
SmoothPerB4,8,Sob-RDSB,10,9.409104817241584E-7,6.370131894029453E-7,0.061269878272437565,2.6836066399624445,1.2739078292933563E-7,1.9151018420866816E-7,0.6651906448511977,-0.17705386726681788
SmoothPerB4,8,Sob-NUS,10,-6.1744400369833355E-6,1.6305819017322579E-6,0.008679667138162034,3.431387636422806,3.261218924181872E-7,4.227913357405567E-7,0.7713542469997775,-0.11274612495250191
SmoothPerB4,8,Lat-RS,12,-4.7873404809855637E-8,5.141889809989103E-10,0.1485752935392401,2.1467725220838725,1.0282980428305018E-10,1.8757175990464884E-10,0.5482158099669332,-0.2610484440201788
SmoothPerB4,8,Lat-RSB,12,6.420889302896702E-8,6.480243027357136E-10,0.1542707666871093,2.463772052439406,1.2959602284303202E-10,2.1225298607152677E-10,0.6105733786914059,-0.21426213508397202
SmoothPerB4,8,Sob-RDS,12,5.975907281765223E-7,9.488023504016592E-9,0.035726944755219085,2.2431679987403013,1.8977720550116404E-9,3.4746297301280027E-9,0.5461796514766274,-0.2626644840132652
SmoothPerB4,8,Sob-RDSB,12,-4.52403486742324E-7,2.3158741327022848E-7,0.01871951631708036,1.7680790483303424,4.6313055574695106E-8,1.1150824627396195E-7,0.4153330100888652,-0.3816035503981411
SmoothPerB4,8,Sob-NUS,12,2.3811729286666702E-6,5.056969958906898E-8,0.06706959780804854,3.5284198145790824,1.0118598508338231E-8,1.3480278973762455E-8,0.7506223371217108,-0.12457851593631374
SmoothPerB4,8,Lat-RS,14,-2.7104150215826393E-10,2.3032121098620583E-14,0.33780450586954086,2.5608753767315027,4.606037040798037E-15,7.638533582719966E-15,0.6030001689352915,-0.21968256618877965
SmoothPerB4,8,Lat-RSB,14,1.4802894892865241E-8,5.680340031062681E-12,0.05729264678438646,2.233459728418299,1.1361735251091242E-12,1.9559337604657414E-12,0.5808854819493385,-0.23590947769502502
SmoothPerB4,8,Sob-RDS,14,-9.002392078611855E-9,1.1620645286386002E-9,0.03764283275835874,2.519387014502448,2.3238974548021044E-10,3.6449216075667547E-10,0.6375713129132211,-0.195471231956627
SmoothPerB4,8,Sob-RDSB,14,-1.8396275178776175E-6,1.9419149993958057E-7,0.016287028906281333,1.2846078671435615,3.883780038732186E-8,1.293954341695593E-7,0.3001481515679212,-0.5226643268585783
SmoothPerB4,8,Sob-NUS,14,3.9477229149115606E-7,2.275753396568697E-9,0.006471090182950105,3.571808986282066,4.5526100940793714E-10,6.01046096502756E-10,0.7574477432877723,-0.12064732399345665
SmoothPerB4,8,Lat-RS,16,4.982394382942675E-10,5.544730853491136E-15,0.008183144809373032,1.7044911047055902,1.109083518619029E-15,2.5909281265897634E-15,0.42806417794338014,-0.3684911140775115
SmoothPerB4,8,Lat-RSB,16,-5.623597931330431E-10,7.271138094350925E-15,0.01990040005208189,2.125301897325218,1.4543984446452307E-15,2.676302908591768E-15,0.5434356626733684,-0.26485186464090404
SmoothPerB4,8,Sob-RDS,16,1.2082681214660068E-7,3.0376844086973906E-10,0.009966843869320516,1.241366056180762,6.076221192366394E-11,2.1034502477268148E-10,0.2888692612973816,-0.5392986691602122
SmoothPerB4,8,Sob-RDSB,16,9.043339311321741E-8,6.064176858814406E-10,0.024500181190712338,1.640618952994268,1.2127958702116046E-10,2.9906657738583055E-10,0.4055270504690858,-0.3919801711010855
SmoothPerB4,8,Sob-NUS,16,-8.518664918886832E-9,1.0324695705095913E-10,0.009142545781021,4.418144445197198,2.0647399038702807E-11,2.5722748711643604E-11,0.8026902284107996,-0.09545202389640497
SmoothPerB4,16,Lat-RS,10,1.0432178718285479E-6,1.1897158283363749E-7,0.09252453270227255,2.9632300018981343,2.3793025438598926E-8,3.4932548307591704E-8,0.6811133625034769,-0.1667805993758877
SmoothPerB4,16,Lat-RSB,10,4.954690264097204E-6,4.931345361759988E-7,0.11806400509103701,2.8667358035653105,9.864159350008937E-8,1.462454804455017E-7,0.6744932780117475,-0.1710223741417469
SmoothPerB4,16,Sob-RDS,10,-1.7065026753589158E-6,1.5237648040905865E-6,0.03457287196579307,2.641224220318227,3.0472539767341653E-7,4.735062496149488E-7,0.6435509519065833,-0.19141706296958308
SmoothPerB4,16,Sob-RDSB,10,3.900814060125174E-5,7.661493921515424E-6,0.10540746044278605,2.234102977984368,1.5336671894578214E-6,2.835711936785196E-6,0.5408402629205408,-0.26693098475627325
SmoothPerB4,16,Sob-NUS,10,-4.045977029252698E-6,3.1449225109694015E-6,0.06901964190268493,3.099177498568178,6.289379736737822E-7,8.740899369294175E-7,0.7195346235001545,-0.14294830327946012
SmoothPerB4,16,Lat-RS,12,-5.136681482735174E-7,6.763588009572652E-9,0.2006559495664661,2.807842514210423,1.3528461851208898E-9,1.9687830318026043E-9,0.6871484380288635,-0.1629494363707622
SmoothPerB4,16,Lat-RSB,12,1.494101614581411E-6,1.7411257223139192E-8,0.074686242974219,2.604577357603428,3.4841355591180704E-9,5.3240419942722064E-9,0.6544154916258037,-0.18414642839546153
SmoothPerB4,16,Sob-RDS,12,-3.0035040455875066E-6,3.932120284998801E-8,0.012754290843592725,2.772015398482525,7.872475182492463E-9,1.1781999578125785E-8,0.6681781925292491,-0.1751077026259943
SmoothPerB4,16,Sob-RDSB,12,7.163922159569624E-6,8.286242524083554E-7,0.012810350044932993,2.487690404609318,1.657595997773313E-7,2.64914817733853E-7,0.6257090531789803,-0.20362756131266394
SmoothPerB4,16,Sob-NUS,12,5.994171812416397E-6,1.7815675739655032E-7,0.04010652168671344,3.2012678089909707,3.56637184398789E-8,4.801197556626558E-8,0.7428088100781489,-0.1291229539553657
SmoothPerB4,16,Lat-RS,14,7.705015987100869E-8,4.9867188630370024E-11,0.026243439881586762,2.7997955767222695,9.978377109437545E-12,1.4437676296289321E-11,0.6911345638080363,-0.16043738731500048
SmoothPerB4,16,Lat-RSB,14,-1.7655244767249544E-8,3.378667390497083E-9,0.004113423226522742,2.2655758206919177,6.756662164592744E-10,1.107412688791343E-9,0.6101304629231881,-0.21457729077689058
SmoothPerB4,16,Sob-RDS,14,-1.0273494313303392E-6,4.662444106564523E-9,0.02138964919937809,2.561794503654065,9.33451019284828E-10,1.5178560945997433E-9,0.6149799197736053,-0.21113906450733283
SmoothPerB4,16,Sob-RDSB,14,6.6933105866118636E-6,2.0899793158567465E-7,0.0364378716162896,1.5625530184898866,4.1840206765112065E-8,1.1244932216659908E-7,0.3720805600155045,-0.42936301984286235
SmoothPerB4,16,Sob-NUS,14,-1.8028137921846822E-6,1.4463643969774617E-8,0.06259767130305074,6.681817041039981,2.8956896586448193E-9,2.428043704317707E-9,1.1926019509020835,0.07649551544516954
SmoothPerB4,16,Lat-RS,16,2.726049013224973E-9,1.9506181440832835E-12,0.0046344537997312935,2.4198613201583563,3.900920477969976E-13,6.528128571183779E-13,0.5975557061160335,-0.2236216021269419
SmoothPerB4,16,Lat-RSB,16,-2.361875802728163E-8,1.1036048371756989E-11,0.40723885845850993,2.5346549362607274,2.207546799114714E-12,3.6234680815631614E-12,0.609235889325781,-0.21521452083657744
SmoothPerB4,16,Sob-RDS,16,-3.6656121165615785E-7,6.667183809232692E-10,0.013456983880758434,2.2307882622185806,1.334647089389262E-10,2.1384018535069442E-10,0.6241329650928157,-0.20472287849936582
SmoothPerB4,16,Sob-RDSB,16,-5.752583025908256E-7,1.0527244266420323E-9,0.02031629688622107,2.5478623222121373,2.1085475295457328E-10,3.317874981659846E-10,0.6355114466943784,-0.19687662262148536
SmoothPerB4,16,Sob-NUS,16,1.893065733654104E-7,6.236794749576525E-10,0.030269465118504514,3.526287369680409,1.247592583807507E-10,1.576918442510148E-10,0.7911585977912604,-0.10173644792915601
SmoothPerB4,32,Lat-RS,10,2.5707717453099483E-6,2.3110598220418705E-7,0.09933739108454354,2.991725503632194,4.6223183188559816E-8,6.648147822837881E-8,0.6952791126240123,-0.15784081736886407
SmoothPerB4,32,Lat-RSB,10,6.856300859466241E-6,1.0237738523579985E-6,0.15447021445646714,2.9913248008903235,2.047813038560281E-7,3.011125672908212E-7,0.6800822220689505,-0.1674385778347031
SmoothPerB4,32,Sob-RDS,10,-7.714580295936121E-6,2.7635457859196125E-6,0.05058369547007613,2.8580791647392174,5.527134010173465E-7,8.087021225900922E-7,0.6834573393317295,-0.16528858844222907
SmoothPerB4,32,Sob-RDSB,10,3.326539431140147E-5,1.1713559312482277E-5,0.06435439173946327,2.5776472935375576,2.343584177768899E-6,3.775070307744549E-6,0.6208054385003215,-0.2070444871423715
SmoothPerB4,32,Sob-NUS,10,-1.7594960683770376E-5,6.410310556946395E-6,0.10049506230661895,3.2418746528112385,1.2822434878196033E-6,1.780413556209193E-6,0.7201941837320766,-0.14255039030056274
SmoothPerB4,32,Lat-RS,12,5.407076581417993E-8,2.1218856908981602E-8,0.05590544085929276,2.9056596041853466,4.243349928305856E-9,6.125641677279368E-9,0.6927192532408278,-0.159442741538779
SmoothPerB4,32,Lat-RSB,12,1.3144176192142948E-6,5.4914135334945916E-8,0.07089827261276684,2.945030148536869,1.0983456477960186E-8,1.573694709638655E-8,0.697940738485558,-0.1561814513615537
SmoothPerB4,32,Sob-RDS,12,-4.814928896605405E-7,9.180205074732903E-8,0.012440034630115447,2.8696879414099112,1.8358805943853657E-8,2.7057022643541245E-8,0.6785227696971333,-0.16843557381427274
SmoothPerB4,32,Sob-RDSB,12,1.1194267704267387E-5,1.0063785512020259E-6,7.909123553924398E-4,2.669851612887699,2.0138089429881592E-7,3.0943371876827236E-7,0.6508046217472031,-0.18654937154313841
SmoothPerB4,32,Sob-NUS,12,-2.2956599798297646E-6,3.622467873597163E-7,0.07951825003654683,3.0746246888472886,7.244738259093906E-8,1.0003233988009217E-7,0.724239607688684,-0.14011772788925417
SmoothPerB4,32,Lat-RS,14,4.5745957498678635E-7,8.251416329168385E-10,0.027993836066372152,2.821617238526162,1.6522109301345647E-10,2.480640850033334E-10,0.6660419746423037,-0.17649840028750066
SmoothPerB4,32,Lat-RSB,14,1.0465389441316675E-6,7.98171199915105E-9,0.04599107660741956,2.859269812393407,1.5972780093518113E-9,2.322219453396955E-9,0.6878238863322347,-0.16252274633582198
SmoothPerB4,32,Sob-RDS,14,-3.1703781462019435E-6,2.110335722353629E-8,0.02315702918364526,2.5952810868373386,4.2303006751527025E-9,6.534146825308765E-9,0.6474143890932239,-0.18881765242442258
SmoothPerB4,32,Sob-RDSB,14,5.5104406173777725E-6,3.0894860336117065E-7,0.03615718333582728,2.257192011465065,6.181390665596455E-8,1.0950586726455014E-7,0.5644803169005658,-0.24835119707029013
SmoothPerB4,32,Sob-NUS,14,-9.716295323364094E-7,2.875937983150291E-8,0.03083320612347631,4.091131424852217,5.75224484265206E-9,6.615752365431971E-9,0.8694770488551186,-0.06074187736124397
SmoothPerB4,32,Lat-RS,16,1.380048341038627E-9,1.7294688985426598E-11,0.018038082855847442,2.7755589391134867,3.4585938078390346E-12,5.199815781252454E-12,0.6651377574391646,-0.17708839815585353
SmoothPerB4,32,Lat-RSB,16,-1.1605946366541838E-7,1.0458325564426274E-10,0.003059363770318703,2.7436936468020305,2.0928029262845963E-11,3.136030628193743E-11,0.6673413542169346,-0.17565196168941852
SmoothPerB4,32,Sob-RDS,16,-2.2867672885776154E-7,1.122387200930542E-9,0.045310637937716725,2.706305952152884,2.245072854884109E-10,3.357420205866398E-10,0.6686898622225803,-0.1747752609397237
SmoothPerB4,32,Sob-RDSB,16,-3.1112968341587224E-7,6.1881079422580504E-9,0.014455314467355165,2.757889590261938,1.2375946279726676E-9,1.879737496710291E-9,0.6583869450593868,-0.1815187891944511
SmoothPerB4,32,Sob-NUS,16,-1.2552280042706763E-7,1.815722104246467E-9,0.03517504518598238,3.1592075756063007,3.6312386238063554E-10,5.15174806637256E-10,0.7048556290065592,-0.15189982761360538
SumUeU,2,Lat-RS,10,1.6084177917381566E-5,1.1554248284145987E-6,0.006659291685139719,2.457292432890538,2.3132055796562944E-7,3.592463106111035E-7,0.6439051735065469,-0.1911780855208293
SumUeU,2,Lat-RSB,10,8.962665934163071E-11,8.040315125084415E-13,0.43557201281398816,2.5343475081344184,1.6079022990437619E-13,2.824800837602457E-13,0.5692090846335436,-0.24472817714936013
SumUeU,2,Sob-RDS,10,-1.7454330657801635E-6,1.1786258042735292E-6,0.014281634646155903,2.4056500030793058,2.357046348752075E-7,3.7811591852291607E-7,0.6233660719600791,-0.20525683882770268
SumUeU,2,Sob-RDSB,10,1.15730838825276E-8,7.945844762729686E-13,0.4354042964610193,2.5766977063505987,1.5903493983562027E-13,2.7501956005462644E-13,0.5782677414073077,-0.23787103408332985
SumUeU,2,Sob-NUS,10,8.891506173860775E-8,1.3648941331223845E-9,0.007697201519458482,3.055726305843428,2.729594346300184E-10,3.991470918360511E-10,0.683856754096397,-0.1650348594211453
SumUeU,2,Lat-RS,12,5.834688370408436E-6,7.283894499848813E-8,0.01993680730176257,2.387017748592957,1.4600375809177437E-8,2.3818165006192563E-8,0.6129933101639625,-0.21254426508146998
SumUeU,2,Lat-RSB,12,-2.311399211791044E-10,3.1398077120850186E-15,0.4522844192216052,2.5988959000641447,6.279521719259247E-16,1.0924668412215252E-15,0.5748020427089481,-0.24048169715637852
SumUeU,2,Sob-RDS,12,2.2340813146169463E-6,7.437655127347928E-8,0.010086299389558798,2.4195857174969015,1.4878813842990705E-8,2.370253379648392E-8,0.6277309409510411,-0.20222646438238032
SumUeU,2,Sob-RDSB,12,9.510861399869637E-10,3.186209179397935E-15,0.44341047985393306,2.5269541242683324,6.380826765416742E-16,1.1154724312309568E-15,0.572029087117403,-0.24258188719752613
SumUeU,2,Sob-NUS,12,-1.834633534024318E-8,2.1577669152343382E-11,0.03128349861675521,2.998530480176281,4.3154388651060464E-12,6.183207200808598E-12,0.6979288781624046,-0.15618883152491256
SumUeU,2,Lat-RS,14,1.376695765932772E-6,4.491027692781247E-9,0.007105422527119752,2.427250544665317,9.000110092343309E-10,1.4302057549659418E-9,0.6292877833202142,-0.20115069934756974
SumUeU,2,Lat-RSB,14,1.0827767522026295E-11,1.2468134827276228E-17,0.4407035732833688,2.53351717749731,2.4934948433082113E-18,4.456997678442695E-18,0.5594561683010468,-0.2522339334621183
SumUeU,2,Sob-RDS,14,-9.659932956275966E-7,4.565401447972747E-9,0.0129135433913567,2.419939966774214,9.139221246127874E-10,1.4374981959300905E-9,0.6357727106721419,-0.19669811728134926
SumUeU,2,Sob-RDSB,14,1.856033669178063E-11,1.1950309721624557E-17,0.4582294731492725,2.5925344996411543,2.3901674242285914E-18,4.0373951961549694E-18,0.5920072987912794,-0.22767293887634216
SumUeU,2,Sob-NUS,14,-1.0744248641433111E-9,3.406568337612817E-13,0.03974877067139835,3.101751768976688,6.812570800436981E-14,9.425109944288763E-14,0.7228107513552269,-0.14097539620584604
SumUeU,2,Lat-RS,16,1.279759392545282E-9,2.853973919153548E-10,0.010796494870683257,2.385465213175212,5.707377207301675E-11,9.182898302344467E-11,0.6215224234645543,-0.20654319813859254
SumUeU,2,Lat-RSB,16,1.3710200938109626E-12,4.778236350436949E-20,0.44786143518479854,2.564151883522693,9.557396749701444E-21,1.663540385633074E-20,0.5745214743352502,-0.2406937337102417
SumUeU,2,Sob-RDS,16,4.387456111731624E-8,2.921546139206099E-10,0.010474951376927803,2.3874501272491235,5.842700466895681E-11,9.398617741601373E-11,0.6216552931005979,-0.2064503641870231
SumUeU,2,Sob-RDSB,16,1.4219756822912509E-12,4.6695923204040243E-20,0.42786600788265733,2.5828310070190104,9.340272737184996E-21,1.6103156389443354E-20,0.5800274499791941,-0.2365514528294825
SumUeU,2,Sob-NUS,16,-1.1242105199782992E-9,5.334525231058561E-15,0.009718953724873705,2.9440549478515297,1.0680622050003211E-15,1.5758969404338303E-15,0.6777487649073632,-0.1689312651814946
SumUeU,4,Lat-RS,10,-2.8451940102410334E-6,2.3307710421850627E-6,0.02544817805466472,2.6960559528053922,4.6611568814512477E-7,7.233938212811395E-7,0.6443456861708164,-0.19088107469359766
SumUeU,4,Lat-RSB,10,6.571961520062422E-9,1.609025037318866E-12,0.3521595741026266,2.8509398168068047,3.21816017641248E-13,4.899871843557828E-13,0.6567845607316443,-0.18257706488353273
SumUeU,4,Sob-RDS,10,-5.341257330798134E-7,2.34065385723741E-6,0.009217963536117394,2.7438393449456644,4.6808424366063597E-7,6.936484834268704E-7,0.6748147726758273,-0.17081541864164113
SumUeU,4,Sob-RDSB,10,5.295796100185504E-9,1.6017060823529567E-12,0.3204730131002739,2.788705411177841,3.2033722780527903E-13,4.847627439845054E-13,0.6608123907630947,-0.17992182224096262
SumUeU,4,Sob-NUS,10,2.1259436260066878E-7,2.854602692871565E-9,0.00812301053994905,3.0149873711310193,5.709086428834652E-10,8.126471319304176E-10,0.7025295733552762,-0.15333538918135067
SumUeU,4,Lat-RS,12,-1.4216169332887457E-6,1.453633888512651E-7,0.017796771382080284,2.6775064461217513,2.907179149718101E-8,4.4482640936353796E-8,0.6535536309271119,-0.18471876820582817
SumUeU,4,Lat-RSB,12,9.351212952976002E-11,6.198288886776765E-15,0.3176139684422833,2.7919724459625357,1.2395425560959867E-15,1.925716959158208E-15,0.6436784752821776,-0.19133101350964118
SumUeU,4,Sob-RDS,12,9.779170447860347E-7,1.462860212218155E-7,0.006624936580440305,2.7156363370157677,2.9255234845685147E-8,4.4493827866331775E-8,0.6575122044696544,-0.18209618156879942
SumUeU,4,Sob-RDSB,12,8.748587596490258E-10,6.385346618674057E-15,0.3491909278576424,2.810888118779799,1.2777069946517725E-15,1.966223372918235E-15,0.6498279962746153,-0.18720158205588225
SumUeU,4,Sob-NUS,12,-4.489523998915562E-8,4.3321442330752915E-11,0.008436412064675018,3.0176993841856268,8.665437619877651E-12,1.2345637198430961E-11,0.7019028245037822,-0.15372300995430824
SumUeU,4,Lat-RS,14,7.920194101876987E-7,9.234821707278864E-9,0.014973040724100335,2.755617154294993,1.8474069397677413E-9,2.7613083842840044E-9,0.6690331837915184,-0.17455234085678709
SumUeU,4,Lat-RSB,14,-2.887624531632391E-11,2.419311867122171E-17,0.3474119191537529,2.882763860448304,4.8389737094144865E-18,7.39315679676934E-18,0.6545206388060131,-0.1840766544176651
SumUeU,4,Sob-RDS,14,-9.573453710435998E-7,9.31001359833886E-9,0.00923864931555349,2.6700110383753577,1.8627330295552638E-9,2.905971356497387E-9,0.6410018548154051,-0.19314071379642453
SumUeU,4,Sob-RDSB,14,-3.196820231629421E-11,2.3666667954347865E-17,0.3475529128991061,2.858793194457641,4.733882223469822E-18,7.282975709960962E-18,0.6499928617083354,-0.1870914127997645
SumUeU,4,Sob-NUS,14,2.19531286431808E-9,6.867270291754099E-13,0.011935232796186546,3.0188735995557545,1.3733649069307069E-13,1.945817901081423E-13,0.705803408513939,-0.15131624864646503
SumUeU,4,Lat-RS,16,1.562002371787043E-7,5.900412232047975E-10,0.001953128045990525,2.6713913878674234,1.1802084233059005E-10,1.7903596492777527E-10,0.6592018669444474,-0.18098157133138454
SumUeU,4,Lat-RSB,16,-1.5420251610114918E-12,9.554458206744578E-20,0.3481697591743028,2.8737744223579864,1.9109383363445E-20,2.937437808825552E-20,0.6505459726170449,-0.18672200740612932
SumUeU,4,Sob-RDS,16,5.985569124190662E-8,5.72786976573062E-10,0.01822027654496942,2.715078935002001,1.1454952227885497E-10,1.723075110488742E-10,0.6647970339863104,-0.1773109268386448
SumUeU,4,Sob-RDSB,16,-2.536439798262415E-12,9.39600840602604E-20,0.3141521523093611,2.798775351464047,1.8796571137221085E-20,2.8442868964982535E-20,0.660853557366611,-0.17989476785739936
SumUeU,4,Sob-NUS,16,1.4510623653018097E-9,1.0577524239519506E-14,0.02848359243497837,3.0523637139766504,2.1173988794071066E-15,3.0317715280921092E-15,0.6984031810403548,-0.15589379120236269
SumUeU,8,Lat-RS,10,-2.4063168047533395E-5,4.72260791019243E-6,0.024640884179523086,2.9374212224515515,9.45006165936766E-7,1.376769360408277E-6,0.6863939546537607,-0.16342655014780466
SumUeU,8,Lat-RSB,10,1.1895652951259015E-10,3.2226914390099393E-12,0.24745115600490072,2.9392544041952156,6.444738481238636E-13,9.515762445569423E-13,0.6772697950482498,-0.16923829267413842
SumUeU,8,Sob-RDS,10,4.588553900087332E-5,4.678261991834095E-6,0.03251471802037182,2.820700694324169,9.37664315816383E-7,1.374585989906769E-6,0.6821430763163678,-0.16612452455505358
SumUeU,8,Sob-RDSB,10,-1.4393309092088035E-8,3.1917478773850186E-12,0.2050134297127205,2.7890116249384094,6.384929078660765E-13,9.471476745479857E-13,0.6741218133389697,-0.17126161966513434
SumUeU,8,Sob-NUS,10,-2.497921483504313E-7,5.585775437188625E-9,0.00868349820270644,2.993102579407536,1.1171057680463587E-9,1.5505630750032982E-9,0.7204516772360148,-0.1423951432518509
SumUeU,8,Lat-RS,12,5.036370294529185E-7,2.9218591095979385E-7,0.002649314097249555,2.851698932294695,5.843159212399701E-8,8.539694837442126E-8,0.6842351306021479,-0.1647946316490822
SumUeU,8,Lat-RSB,12,3.6360511277313767E-10,1.2287951952939136E-14,0.2293454834781275,2.826355005464798,2.457476840226803E-15,3.681941104417615E-15,0.6674405620661089,-0.17558740369531983
SumUeU,8,Sob-RDS,12,4.530585165227972E-6,2.9487270631999604E-7,0.020898746113826194,2.8379116311911776,5.8989170011812186E-8,8.732732580522255E-8,0.6754949778650428,-0.17037787549999234
SumUeU,8,Sob-RDSB,12,-9.623739394241977E-10,1.2499483019631172E-14,0.21367129953905667,2.877247127611734,2.5005727778651245E-15,3.776681767336107E-15,0.6621084147179577,-0.17907089264676976
SumUeU,8,Sob-NUS,12,-1.7005721478608208E-7,8.652818295715444E-11,0.061552850762234435,2.9820670801470825,1.7332825484072543E-11,2.5285070358956828E-11,0.6854964308190137,-0.1639948021139181
SumUeU,8,Lat-RS,14,5.797448415186978E-7,1.827011432300524E-8,0.003578543147122377,2.887358088384996,3.653993566395855E-9,5.27559094080416E-9,0.6926226099400489,-0.15950333546642215
SumUeU,8,Lat-RSB,14,6.245172215430784E-11,4.887202758104807E-17,0.24055984610424114,2.8810153244494185,9.777328293258034E-18,1.4502850022897406E-17,0.6741659934303521,-0.17123315813072323
SumUeU,8,Sob-RDS,14,-1.5924719769454544E-6,1.828421949454375E-8,0.03246791056248959,2.9160341500364555,3.659014181516216E-9,5.478687966572619E-9,0.6678632190482711,-0.17531247359504284
SumUeU,8,Sob-RDSB,14,7.821945977254817E-11,4.7324506240043133E-17,0.2167754429605316,2.923682406441763,9.470073041770935E-18,1.3516324484042671E-17,0.7006396637600164,-0.15450528057168667
SumUeU,8,Sob-NUS,14,2.009480205873846E-9,1.3374893011216803E-12,0.008464782393162304,3.0235810781815435,2.674751484490115E-13,3.8343157025651633E-13,0.6975824871960078,-0.15640443089889283
SumUeU,8,Lat-RS,16,3.6636449515796914E-8,1.1843486045036762E-9,0.012418150718122741,2.904876649402179,2.368473761580783E-10,3.3870911369153303E-10,0.6992648458044692,-0.1553583045309531
SumUeU,8,Lat-RSB,16,-1.2993258464548387E-12,1.9054024601238293E-19,0.2701157902873879,2.8796634197251105,3.810592664521161E-20,5.599772817149095E-20,0.6804905821985069,-0.1671778809345964
SumUeU,8,Sob-RDS,16,-3.708451993977262E-7,1.1258963567891538E-9,0.025127451164330104,2.915915598720879,2.2529427959261132E-10,3.2277067577758397E-10,0.6980010778546002,-0.15614390673795103
SumUeU,8,Sob-RDSB,16,4.157872905819923E-13,1.871307733309589E-19,0.2076843259765719,2.883462129432264,3.7422584929796164E-20,5.508656238354199E-20,0.6793414457275477,-0.16791188886622316
SumUeU,8,Sob-NUS,16,1.0310211240105712E-9,2.1421291535886405E-14,0.002242756468599003,3.018288702461169,4.28489288590472E-15,6.286826371211865E-15,0.6815669199209573,-0.16649149635817684
SumUeU,16,Lat-RS,10,-2.2374638395991208E-5,9.30434925730494E-6,0.02100454111591972,2.923987350372921,1.8611843889191936E-6,2.7053131680707824E-6,0.6879737292102284,-0.16242814530644484
SumUeU,16,Lat-RSB,10,9.276606309830555E-9,6.299480697580633E-12,0.16029243035747998,2.886394305084608,1.2598562053268027E-12,1.8422980829874483E-12,0.6838503589407394,-0.16503892078894333
SumUeU,16,Sob-RDS,10,4.952959999060363E-5,9.42192248969768E-6,0.019021324872526005,2.877057733484832,1.8866492407649715E-6,2.7729918278150236E-6,0.6803659577502452,-0.1672574245290206
SumUeU,16,Sob-RDSB,10,6.067641405215603E-9,6.445767618898927E-12,0.1195930025388736,2.9739377964211413,1.2890614246996296E-12,1.806672597110567E-12,0.7135002915089546,-0.14660584511316813
SumUeU,16,Sob-NUS,10,-1.7131073364295813E-6,1.1236030558967124E-8,0.04093263568207636,2.99596877017152,2.249916127928374E-9,3.1299039926648E-9,0.7188450933962341,-0.14336468726855586
SumUeU,16,Lat-RS,12,-3.14192483221047E-6,5.89797054792115E-7,0.007860857515139064,2.988661710391777,1.1795748670897841E-7,1.7298185874368476E-7,0.6819066899018671,-0.16627504885260455
SumUeU,16,Lat-RSB,12,-9.434750552442058E-10,2.472984532414574E-14,0.1396084607216107,3.0054492018096535,4.946364613102533E-15,7.038700937137609E-15,0.7027382832824326,-0.15320638662867608
SumUeU,16,Sob-RDS,12,1.5157219233678111E-5,5.821397228616341E-7,0.01648256415887487,2.936797585283675,1.1664604307276736E-7,1.693453220073507E-7,0.6888058181359398,-0.1619031931838121
SumUeU,16,Sob-RDSB,12,1.1093864959819643E-9,2.4711785589752157E-14,0.13971216372690723,2.887101080962382,4.943093620636103E-15,7.294984361112378E-15,0.6776016747871896,-0.1690255292565468
SumUeU,16,Sob-NUS,12,1.4439723041430015E-7,1.717903044207977E-10,0.05629274887175858,3.004263333620407,3.437547563822244E-11,4.875661041436868E-11,0.7050423593042044,-0.1517847895909711
SumUeU,16,Lat-RS,14,-1.0165699202312183E-6,3.610252125629221E-8,0.001818571082237456,2.9622649425097847,7.2208156152360355E-9,1.0189679832390326E-8,0.7086400882079682,-0.14957428300051165
SumUeU,16,Lat-RSB,14,1.1734281244500376E-10,9.583647662155818E-17,0.15514026372638007,2.939392671448813,1.9179147930411706E-17,2.7723132052685992E-17,0.6918102865853322,-0.16001298471247247
SumUeU,16,Sob-RDS,14,-1.843248282438268E-6,3.689529538151068E-8,0.020424928440381532,2.9161577107612118,7.381718734625216E-9,1.0759210414198342E-8,0.6860836855540966,-0.1636229076785026
SumUeU,16,Sob-RDSB,14,-8.317854872824382E-11,9.646488177180864E-17,0.15135526244864342,2.868734595893296,1.9297965727694828E-17,2.8188816314784616E-17,0.6845965262320479,-0.1645653088821624
SumUeU,16,Sob-NUS,14,1.172765298489735E-9,2.696349454000389E-12,0.02444671362047628,2.97118894703957,5.392173391894431E-13,7.956626754067048E-13,0.6776959078969249,-0.16896513673440336
SumUeU,16,Lat-RS,16,4.3003037456422037E-7,2.22537900543513E-9,0.0018332656532726304,2.881352172220269,4.452162196299652E-10,6.598767480038743E-10,0.6746960261544952,-0.17089184775823296
SumUeU,16,Lat-RSB,16,1.1777259222045784E-12,3.85203352642439E-19,0.15865196181973212,2.850784401046628,7.703435349978279E-20,1.1404149545437697E-19,0.6754940663734181,-0.1703784615236682
SumUeU,16,Sob-RDS,16,4.938436609451517E-7,2.2837311437112948E-9,0.012388167019315124,2.940992901759647,4.5694443568084045E-10,6.483233319512764E-10,0.704809488045976,-0.15192825814556046
SumUeU,16,Sob-RDSB,16,-1.3567868847065464E-12,3.620432972896494E-19,0.150805954857824,3.0011775186405973,7.24032594626346E-20,1.0318013855681718E-19,0.7017170210792557,-0.153837988953381
SumUeU,16,Sob-NUS,16,-2.1858942507323968E-9,4.201810613908728E-14,0.04721704014161141,3.0027635020402577,8.407558999370058E-15,1.1948829644165084E-14,0.7036303344968753,-0.1526554457628665
SumUeU,32,Lat-RS,10,-1.9608081419129366E-5,1.887799046772418E-5,0.04123242279628964,2.996829718989591,3.7756050105924204E-6,5.525875451794288E-6,0.6832591583956994,-0.16541453831944597
SumUeU,32,Lat-RSB,10,-3.323019086225239E-8,1.3060184846752028E-11,0.1274289404098826,3.005639627314165,2.6128800112382124E-12,3.731321522578398E-12,0.7002559268686859,-0.15474320668079947
SumUeU,32,Sob-RDS,10,2.5243271532142137E-5,1.861572283879322E-5,0.021793659172264987,2.98179732473834,3.7234094760595132E-6,5.53810669685554E-6,0.6723253414697867,-0.17242051889093318
SumUeU,32,Sob-RDSB,10,-1.5686779431075762E-8,1.2738102886189286E-11,0.08951295817701066,2.9185436386356454,2.5476118902290524E-12,3.668623022803758E-12,0.6944327270459179,-0.15836982003126435
SumUeU,32,Sob-NUS,10,-1.2596853807925119E-6,2.23910398606729E-8,0.03560088205296668,2.922908313758911,4.479346958595949E-9,6.502623949891321E-9,0.6888522222895593,-0.1618739361878514
SumUeU,32,Lat-RS,12,1.2770829465509264E-5,1.1958122944385439E-6,0.03295661303353384,2.9042270670015156,2.393016367270571E-7,3.502434047633233E-7,0.6832438055150961,-0.16542429705616837
SumUeU,32,Lat-RSB,12,-1.102508287387543E-9,4.993219378544396E-14,0.11342753163770908,3.03295570966533,9.986655637736841E-15,1.4162274724620081E-14,0.7051590109585835,-0.15171294003673644
SumUeU,32,Sob-RDS,12,-1.6698398620638148E-5,1.1779508349562211E-6,0.02418345862896898,3.0080151196940186,2.3584544449103887E-7,3.3320870643063845E-7,0.7078009665996919,-0.15008884860917673
SumUeU,32,Sob-RDSB,12,-4.013321490052024E-9,4.9546848349944655E-14,0.1409613646419378,3.0445823720743057,9.924485482404445E-15,1.4100615720677689E-14,0.7038334835159571,-0.15253007628981172
SumUeU,32,Sob-NUS,12,-1.4721283983906743E-7,3.4849842754950915E-10,0.020172550448955735,3.0715779552830837,6.971438716156434E-11,1.0147774147836641E-10,0.6869919072492015,-0.1630483788905461
SumUeU,32,Lat-RS,14,1.4939260663232573E-7,7.368928734448647E-8,0.031587110030205104,2.9518702839480655,1.4736406001301321E-8,2.1446584164261655E-8,0.6871213564096562,-0.16296655294835394
SumUeU,32,Lat-RSB,14,-7.833543671512535E-13,1.9909450385308408E-16,0.12699430868003156,2.9592487419621962,3.981491949418382E-17,5.721599466795962E-17,0.6958704419147286,-0.15747161038809787
SumUeU,32,Sob-RDS,14,3.932262539161265E-6,7.450026657039671E-8,0.032320892394348905,2.946953589263945,1.4914025997424827E-8,2.1717803940973113E-8,0.6867188799548842,-0.16322101238807232
SumUeU,32,Sob-RDSB,14,1.44160559579885E-10,1.9374203237699378E-16,0.11649948559923132,3.0419063894902303,3.87653139016896E-17,5.579468351363337E-17,0.6947850845361877,-0.1581495134447994
SumUeU,32,Sob-NUS,14,-1.8776807081367316E-8,5.382562888042927E-12,0.0018659611911355238,3.017259391158418,1.0767574948349953E-12,1.535926404873636E-12,0.7010475836722024,-0.15425250325314185
SumUeU,32,Lat-RS,16,-4.6069031112852766E-7,4.610886910099308E-9,0.010184642420851701,2.905878570170082,9.222973998444274E-10,1.370722014481113E-9,0.672855174207998,-0.17207840354841333
SumUeU,32,Lat-RSB,16,5.905043032528695E-12,7.544071993841709E-19,0.1510979661632325,3.0263158975789217,1.5090122126606253E-19,2.1188040185395456E-19,0.7121999955903241,-0.14739803335075408
SumUeU,32,Sob-RDS,16,4.154754894621824E-7,4.624666876540619E-9,0.052851986367681195,2.9598973390408023,9.250135018529369E-10,1.3500695174129792E-9,0.6851599046732496,-0.1642080597296657
SumUeU,32,Sob-RDSB,16,-6.067614851147987E-12,7.639164936858446E-19,0.09965334962411032,2.974699217070754,1.5280483635727707E-19,2.215081789854498E-19,0.6898383484400111,-0.1612526666619281
SumUeU,32,Sob-NUS,16,-9.849812451995446E-10,8.43004911351221E-14,0.0017336328404822085,3.0576556114200097,1.6859382405255115E-14,2.411526595689224E-14,0.6991165859581422,-0.15545039447426384
MC2,2,Lat-RS,10,2.6197790603887705E-6,1.1586852877920684E-7,0.02893911973361146,2.669103999736665,2.3178251627591034E-8,3.485527636309134E-8,0.6649854497247584,-0.17718785721325628
MC2,2,Lat-RSB,10,1.4154335809249654E-8,2.3630737845307456E-12,4.3014004190698626E-4,2.4926644096141874,4.727678406526595E-13,7.533959465863166E-13,0.6275157741354991,-0.20237535266142653
MC2,2,Sob-RDS,10,4.86723479808408E-6,7.157399532252754E-8,0.005245691079862938,2.3691192759816064,1.4337057559178737E-8,2.267776694132874E-8,0.6322076417960886,-0.19914025893962933
MC2,2,Sob-RDSB,10,-1.1102035957539938E-16,3.760349068664014E-36,0.028921788243801996,3.0304291747020327,1.2326272234857724E-32,1.2327372160012458E-32,0.9999107737528764,-3.875219564891796E-5
MC2,2,Sob-NUS,10,-1.4999806416143554E-7,1.3846454799646623E-10,0.011242414077796189,3.0698408950732716,2.7712639727585497E-11,3.9613372039189867E-11,0.699577902637754,-0.15516391690927236
MC2,2,Lat-RS,12,2.8297475484091026E-7,6.854725240894919E-9,0.06030031228832285,2.82640465148306,1.3708880283860432E-9,2.000826220014933E-9,0.6851609673406878,-0.16420738614931832
MC2,2,Lat-RSB,12,-7.248011533696521E-13,2.921174157388604E-15,0.0021995087279711835,2.775769567480298,5.841764085199097E-16,8.592632690381447E-16,0.6798573028425083,-0.16758223301645067
MC2,2,Sob-RDS,12,-4.230774647519901E-7,4.358680729963135E-9,0.009911418571167428,2.4078947076420727,8.718279669192086E-10,1.386569876574406E-9,0.6287659797377869,-0.2015109644429659
MC2,2,Sob-RDSB,12,-1.1104296708891012E-16,9.442436998467402E-37,0.05911094697632995,3.107694875177505,1.2330729369763872E-32,1.2332893128498383E-32,0.9998245538405331,-7.620198379575607E-5
MC2,2,Sob-NUS,12,1.0195089468945901E-8,2.3708827275501983E-12,0.015380588021377923,3.0255989701973514,4.742330677047685E-13,6.70688109595545E-13,0.7070843525029127,-0.15052877341480644
MC2,2,Lat-RS,14,-9.837512132378463E-8,4.251382762564235E-10,0.03184539947918491,2.737653643541521,8.502883015025504E-11,1.297642502542823E-10,0.65525620487642,-0.1835888578581551
MC2,2,Lat-RSB,14,-6.345496715945385E-11,1.6796477576184312E-17,0.03445423599338944,2.688493134098025,3.362986118542546E-18,5.213390579227095E-18,0.645066980391314,-0.1903951881491431
MC2,2,Sob-RDS,14,1.9134747742408614E-7,2.7813357328488857E-10,0.0050089890931772005,2.4384841861878472,5.565776584262858E-11,9.004696813576449E-11,0.6180970552913336,-0.20894332544841238
MC2,2,Sob-RDSB,14,-1.1103369110663437E-16,2.3409325040788956E-37,0.006716881913838943,3.1022795540503902,1.2328527374731713E-32,1.232878909559409E-32,0.999978771567885,-9.21948878501622E-6
MC2,2,Sob-NUS,14,1.3980517677118434E-9,3.941796391691492E-14,0.005077561353588165,3.0005751908852822,7.884758972849847E-15,1.1165750262363335E-14,0.706155769883838,-0.15109948798638217
MC2,2,Lat-RS,16,-2.240744899713038E-8,3.427481254284869E-11,0.07888351728143116,2.773655369331622,6.854779106089441E-12,1.0108129873092862E-11,0.6781451358610247,-0.1686773489675962
MC2,2,Lat-RSB,16,4.113305092657891E-12,4.614818791582775E-19,0.003875453086306895,2.2503082833863792,9.230406547285761E-20,1.6508565819949128E-19,0.5591283124141311,-0.2524885159439587
MC2,2,Sob-RDS,16,-1.4675823593371893E-8,1.7067706366722184E-11,0.026670985472418474,2.421456108100455,3.4134152990152467E-12,5.4786790259106524E-12,0.623036188627217,-0.2054867269128087
MC2,2,Sob-RDSB,16,-1.1101646618334967E-16,5.773729768810255E-38,0.006265034846008847,2.975931884198892,1.2324667310143612E-32,1.2324632397842764E-32,1.0000028327255306,1.2302353242222423E-6
MC2,2,Sob-NUS,16,-1.3197142025312164E-10,6.784510720044357E-16,0.034695126257964934,3.029465024609834,1.3569406183521067E-16,1.9613534022303858E-16,0.691838919395678,-0.159995010400078
MC2,4,Lat-RS,10,1.6377174933827844E-7,3.917961501090988E-8,0.024071755744034758,2.787446036324924,7.83516623106764E-9,1.1705025244313488E-8,0.6693848212650464,-0.17432413977562958
MC2,4,Lat-RSB,10,1.1714397237768182E-9,4.549943459089664E-12,0.016235502739260728,2.5234122889770716,9.098990652197776E-13,1.4229820725019932E-12,0.6394311515252791,-0.1942062097816004
MC2,4,Sob-RDS,10,7.722642174004503E-7,2.6506497164842404E-8,0.014662398803952216,2.6658998915009353,5.301365695046661E-9,7.938184912875108E-9,0.6678309655458221,-0.17533344773463247
MC2,4,Sob-RDSB,10,6.097989935987615E-10,2.1503931421559315E-14,0.010609059183706799,2.029703538451084,4.300728060496026E-15,7.48793823716919E-15,0.5743541044646641,-0.24082027101869868
MC2,4,Sob-NUS,10,-4.768486358879161E-9,6.775785343483599E-11,0.01642046672146258,3.0169639420410146,1.3550238268360656E-11,1.9392343326082413E-11,0.6987416652290694,-0.1556833594512972
MC2,4,Lat-RS,12,7.963287034349965E-7,2.6084272702842977E-9,0.05737599492075829,2.938540359233244,5.222674249153684E-10,7.539084495368276E-10,0.6927464803401917,-0.15942567207437164
MC2,4,Lat-RSB,12,-3.2547082850541325E-10,3.364805674773367E-14,9.194580235186743E-4,1.8211546873177373,6.729044319671987E-15,1.475653301619588E-14,0.45600442273849784,-0.3410309451390523
MC2,4,Sob-RDS,12,-3.1044541670423613E-7,1.6617180321975151E-9,0.0012052976002102824,2.7265590139840588,3.3240674843561177E-10,4.922969931572105E-10,0.6752158819898798,-0.1705573510692393
MC2,4,Sob-RDSB,12,1.564781149892674E-9,2.076477788790908E-14,0.010943360127317614,1.9914902668955436,4.1549888220711175E-15,8.362061433800588E-15,0.496885708741159,-0.3037434941059655
MC2,4,Sob-NUS,12,1.5546105425455983E-8,1.7222914285692344E-12,0.022461561803846668,3.0269234171772803,3.4466552127917487E-13,4.922345773669064E-13,0.700205830973684,-0.15477427696265864
MC2,4,Lat-RS,14,-1.303848625574432E-7,1.8222205019577581E-10,0.0771137956158701,2.834403093812575,3.645776581053537E-11,5.2260495013253E-11,0.6976161592286844,-0.15638346818075055
MC2,4,Lat-RSB,14,-1.6881465006374796E-10,4.516615199277345E-16,6.195593134466859E-4,2.32989868844334,9.035176914122449E-17,1.4635619853140203E-16,0.6173415956949627,-0.20947445983478816
MC2,4,Sob-RDS,14,4.4758862606792314E-8,1.0252501703934613E-10,0.011668518053929712,2.7165657270291956,2.0504956263310293E-11,3.09540931367079E-11,0.6624311742150132,-0.1788592377102187
MC2,4,Sob-RDSB,14,4.9185295416515E-12,1.6097939113816692E-19,0.024334610387913642,1.0760260851394792,3.2216850572662724E-20,1.3253254734620422E-19,0.24308633024690313,-0.61423946265094
MC2,4,Sob-NUS,14,-1.8920134196991452E-9,2.7203638390361854E-14,0.02475302503590374,3.2275805942827134,5.443763320084885E-15,7.323945532200357E-15,0.7432828789005749,-0.12884587080883747
MC2,4,Lat-RS,16,5.692638972758538E-8,1.4299972310040273E-11,0.006451503596065272,2.9144466092437877,2.862949076409271E-12,4.193043394729802E-12,0.6827854631811552,-0.1657157337896039
MC2,4,Lat-RSB,16,-2.2393819712868505E-12,1.3500483134189882E-18,4.56541986230299E-4,2.1291869607908147,2.6998767654914264E-19,4.977549266191257E-19,0.542410857453417,-0.2656716257691038
MC2,4,Sob-RDS,16,-1.4654079908847503E-8,6.1329991428288265E-12,0.018372242167519204,2.7051545858222186,1.2266919106408837E-12,1.8650651649646657E-12,0.6577206704003417,-0.18195850921305115
MC2,4,Sob-RDSB,16,-2.2204827603235894E-16,2.0442124605039325E-37,0.017994949618002874,2.8570775607407755,4.930547776910346E-32,4.93055012594614E-32,0.9999995235753143,-2.0690866133129884E-7
MC2,4,Sob-NUS,16,5.880351576690112E-11,3.9650653230049623E-16,0.021986481430998496,3.1916738253468826,7.92968341829198E-17,1.1047437361615688E-16,0.7177848725210842,-0.1440056987609951
MC2,8,Lat-RS,10,1.4914237088958454E-6,1.496586465293833E-8,0.032237436325624154,2.8767729980446393,2.995097957974064E-9,4.345612247027061E-9,0.6892234713355024,-0.16163994118059422
MC2,8,Lat-RSB,10,2.8529727486915854E-8,6.638149483257556E-12,0.07128028860495461,2.0231260628446837,1.3283110790123238E-12,2.640460851829882E-12,0.503060319221087,-0.29837993793755185
MC2,8,Sob-RDS,10,1.0733712483043807E-6,1.1379532411896508E-8,0.0035264478467278227,2.812101408586498,2.27683101756775E-9,3.414264508379367E-9,0.6668584147420034,-0.17596636431951287
MC2,8,Sob-RDSB,10,4.5336706739230727E-7,1.279106570055117E-9,0.02230303888193455,1.2273825946614807,2.5600127357741823E-10,8.954934033020359E-10,0.2858773416235575,-0.5438202650611033
MC2,8,Sob-NUS,10,-1.3511217626431105E-7,1.294545697944553E-10,0.06463716023449821,3.0177709926271197,2.590658016767005E-11,3.720930380572733E-11,0.6962393143104831,-0.15724145719933452
MC2,8,Lat-RS,12,5.19251070112819E-7,1.0252616779330376E-9,0.0360119353146994,2.9639365697473843,2.0530145202686216E-10,3.005435459451587E-10,0.6831005183665607,-0.16551538510341537
MC2,8,Lat-RSB,12,9.681559285204871E-10,2.7476815769819784E-14,0.03189709812082695,2.657674306951699,5.4957509435504894E-15,8.561372143990642E-15,0.641924080757083,-0.19251633214597832
MC2,8,Sob-RDS,12,-2.1782785038279287E-7,7.018300736145516E-10,0.014764954871588173,2.861054225493168,1.4039942709384042E-10,2.078905524217023E-10,0.6753526096224068,-0.17046941764431223
MC2,8,Sob-RDSB,12,-6.798991703092498E-10,9.941811670821805E-14,0.009192061617272701,1.1446582279317896,1.988209724219123E-14,7.581753998586114E-14,0.2622361164171107,-0.5813074954053171
MC2,8,Sob-NUS,12,7.517813460730677E-9,1.4689675514282905E-12,0.02300948407658512,2.9282906097627146,2.9382064845385986E-13,4.20505349516331E-13,0.6987322486903317,-0.1556892122271834
MC2,8,Lat-RS,14,-4.886882026774654E-8,1.0200819977552016E-10,0.0017720352733120455,3.0033761834726405,2.0401987952702885E-11,2.889822973842495E-11,0.7059943857244336,-0.1511987525722659
MC2,8,Lat-RSB,14,-1.693180130557962E-10,1.225856902266436E-15,0.006005364140024714,2.6261424498844246,2.451755319047871E-16,3.8153171031274686E-16,0.6426085310282945,-0.19205351321661993
MC2,8,Sob-RDS,14,-7.013282158352124E-8,4.47555127896E-11,0.028943730591240627,2.804728021603055,8.955126060327474E-12,1.3193698868887254E-11,0.6787426444486331,-0.1682948638379832
MC2,8,Sob-RDSB,14,2.6885059839035155E-10,1.6402641473379504E-15,0.019356031245407846,1.363548744013321,3.2809230482889814E-16,1.0187981525123998E-15,0.3220385745889002,-0.49209210430504213
MC2,8,Sob-NUS,14,-4.4807949247883825E-9,5.984286240534832E-14,0.012122070184622098,4.449124827134399,1.1987453146979564E-14,1.2444189097382422E-14,0.963297250883231,-0.016239679128292155
MC2,8,Lat-RS,16,-4.178902082900211E-8,6.484073066193176E-12,0.07986082074529831,2.9649066668750774,1.2984312540391581E-12,1.838574838192619E-12,0.706216155615161,-0.15106235160687503
MC2,8,Lat-RSB,16,-3.3444674680708626E-12,9.628193383423693E-18,0.012245907778589825,2.2147491189384003,1.925457298279715E-18,3.6013552618735236E-18,0.5346479750731504,-0.27193207368514494
MC2,8,Sob-RDS,16,1.0180955118948566E-9,2.688819320371795E-12,0.020970589674262928,2.9156512666699497,5.377111242064229E-13,8.130050459751504E-13,0.6613871917135162,-0.17954421979728413
MC2,8,Sob-RDSB,16,6.626344681218442E-11,1.2269050672447638E-16,0.023275965532492494,1.7874516583338933,2.4540038379144218E-17,5.296185118779698E-17,0.46335310848799266,-0.33408791909014574
MC2,8,Sob-NUS,16,5.814202525918192E-11,1.840726354231585E-15,0.06236317977534306,3.0888966221161023,3.681118368143336E-16,5.128363356622396E-16,0.7177959345235955,-0.14399900576729394
MC2,16,Lat-RS,10,-3.24466271647947E-7,7.846895606430814E-9,0.008651743920691525,2.9431770628823166,1.569327461735471E-9,2.3181630295077616E-9,0.6769702742040113,-0.16943040078693508
MC2,16,Lat-RSB,10,2.316905987778698E-8,2.5624852814326097E-11,0.010756925094524554,2.636897724944001,5.1249948711445535E-12,7.943693905039503E-12,0.6451652005238069,-0.1903290660011037
MC2,16,Sob-RDS,10,-1.840621651184196E-7,5.1798956367515855E-9,0.0196253203974589,2.9242228129604,1.0359094083182103E-9,1.4980260339203823E-9,0.6915162920147669,-0.1601975835246453
MC2,16,Sob-RDSB,10,1.442346236196537E-8,6.094708302830908E-10,0.01400011544141317,2.197102210331842,1.21882184676279E-10,1.9509612847718087E-10,0.624728874056231,-0.20430842113337605
MC2,16,Sob-NUS,10,1.3323434386571437E-8,8.744588608088474E-11,0.010008498657145069,3.1155747458628897,1.748760581235918E-11,2.4223361466025033E-11,0.7219314229730988,-0.1415040545617531
MC2,16,Lat-RS,12,-1.5053184443227856E-7,1.038828343168294E-9,0.03965672554762819,2.8697296995057564,2.0776755190298358E-10,3.0042546405982013E-10,0.6915777014880913,-0.16015901811181849
MC2,16,Lat-RSB,12,2.6471051401566236E-8,1.7815657017202746E-11,0.00181532786052124,2.278070821746749,3.5634758068625098E-12,5.657461395314309E-12,0.6298718732422804,-0.20074778451947603
MC2,16,Sob-RDS,12,-5.188925134240469E-8,3.3301735586301005E-10,0.02108269697448369,2.917450724733483,6.659950331988962E-11,9.721600654993438E-11,0.6850672608700628,-0.16426678676935613
MC2,16,Sob-RDSB,12,5.4602263474727746E-9,2.678275152108274E-13,0.01525641104482264,1.1249439067373155,5.3589960563626895E-14,2.0848267854182947E-13,0.25704754437369115,-0.5899865406786808
MC2,16,Sob-NUS,12,9.583843513058566E-9,7.612522912212222E-12,0.006219602323135529,2.9912847156055253,1.5224441820406832E-12,2.158409428045745E-12,0.7053546756507296,-0.15159245046268388
MC2,16,Lat-RS,14,1.486073548032117E-7,5.4778567122344953E-11,0.008452602395032168,3.029419677362102,1.0976701999028151E-11,1.5319389256193188E-11,0.7165234733225795,-0.1447695775381188
MC2,16,Lat-RSB,14,-7.98800179604291E-10,1.0958242175524905E-14,0.031887597896229095,2.6815584605937164,2.192067351988406E-15,3.322674908740238E-15,0.6597297094043753,-0.18063395802981494
MC2,16,Sob-RDS,14,-4.549534287926031E-8,2.040741769351178E-11,0.0326886739588912,2.9269806386838675,4.083145216572187E-12,6.127744658270213E-12,0.6663373629743914,-0.1763058342199789
MC2,16,Sob-RDSB,14,-2.1211358005889914E-10,1.288922708771505E-15,0.03630362793033625,2.704916001017773,2.57803755470971E-16,3.909854526383697E-16,0.6593691753268858,-0.18087135943482424
MC2,16,Sob-NUS,14,-3.41402116458075E-10,3.2517627505560533E-13,0.011582803523157919,3.7270871979592215,6.502886804102507E-14,5.332161653246747E-14,1.2195592007498324,0.08620288700722058
MC2,16,Lat-RS,16,1.5228666693724328E-8,3.5263575324791976E-12,0.027448726056171793,3.0113080697583436,7.054328916344584E-13,1.0317073935074383E-12,0.6837528703135851,-0.16510083753787677
MC2,16,Lat-RSB,16,-5.390850002555054E-11,1.0842102476425543E-16,0.026722464827087896,2.7609475748499235,2.1684942658730804E-17,3.272708152712617E-17,0.6625993411834483,-0.1787490002689324
MC2,16,Sob-RDS,16,-1.1346787451310657E-10,1.3536235706683751E-12,0.012403647010842055,2.957390718044831,2.7069765453722016E-13,3.858829030756338E-13,0.7015020680617272,-0.15397104431278097
MC2,16,Sob-RDSB,16,-7.06114251172073E-11,1.5064833379732973E-16,0.0029236987433201855,2.4243628800715666,3.013163976614708E-17,5.021432318162159E-17,0.6000606571388627,-0.2218048467343448
MC2,16,Sob-NUS,16,4.1071018173344217E-10,6.577195659329116E-15,0.008439536371790912,3.08598752433696,1.3154762708060162E-15,1.817530798295619E-15,0.7237711031029559,-0.1403987602903431
MC2,32,Lat-RS,10,5.155089167956225E-7,3.382388468357952E-9,0.03700409743303061,2.9919078305813187,6.766757953455191E-10,9.6415366615878E-10,0.7018339701402763,-0.15376561490740723
MC2,32,Lat-RSB,10,-1.398090983849504E-7,5.920433108197505E-11,0.018447032163840377,2.2070280927474117,1.1859228713764582E-11,2.1393490304395833E-11,0.5543381909649312,-0.256225199787537
MC2,32,Sob-RDS,10,-2.0992487509838366E-7,3.1015420754972905E-9,0.036671335544851184,2.9701249674276777,6.202904527111332E-10,8.889591687006751E-10,0.6977715901369973,-0.1562867168854817
MC2,32,Sob-RDSB,10,-4.100446516053709E-7,5.545236408144856E-9,0.0347205259134754,1.9132889596367368,1.1091045135171183E-9,2.2962940933980405E-9,0.4829975902066938,-0.3160550360446497
MC2,32,Sob-NUS,10,-2.599491360131037E-7,1.25760664840021E-9,0.012899905919663366,2.655115228136314,2.51563751100388E-10,3.902035847865678E-10,0.644698718588112,-0.19064319299761934
MC2,32,Lat-RS,12,7.823899120658102E-8,2.7574314782947315E-10,0.006068965413675634,2.996272768580949,5.514923604268306E-11,7.966072530692776E-11,0.6923014550796083,-0.15970475558720523
MC2,32,Lat-RSB,12,-1.2667665051708698E-8,1.310634643177159E-12,0.002466436485118675,2.524293666373479,2.622611856804305E-13,4.1008132314870765E-13,0.6395345773533969,-0.19413596979702294
MC2,32,Sob-RDS,12,2.806700679239569E-7,1.756487493404052E-10,0.0426564633766421,2.9195358479593234,3.520501258012267E-11,5.1324370829864167E-11,0.685931693090291,-0.16371913034425276
MC2,32,Sob-RDSB,12,-4.242886606479074E-8,2.169073527374646E-11,6.050609671524049E-5,1.9476830393687534,4.339513448719361E-12,8.708683401837379E-12,0.4982973026443699,-0.3025114637216513
MC2,32,Sob-NUS,12,-8.167459936922614E-8,4.952825099994651E-10,0.008289579666405464,2.0366023672796887,9.905326708987517E-11,1.8247536182785735E-10,0.5428309120620871,-0.26533542896415574
MC2,32,Lat-RS,14,3.8518942881482046E-8,2.326453566162799E-11,0.012608105020548576,2.962020302453536,4.653925550573072E-12,6.6381243410929035E-12,0.7010904453481279,-0.15422595153147095
MC2,32,Lat-RSB,14,-9.588998075932296E-10,1.986114677558846E-14,0.012605106265562256,2.5474998507326365,3.972751621023183E-15,6.2336471936165616E-15,0.6373077425830896,-0.19565080529122195
MC2,32,Sob-RDS,14,-8.261553642393261E-9,1.0140315879054473E-11,0.0017699180459178157,2.959625829380703,2.0279286227619E-12,2.941796515155065E-12,0.689350406227878,-0.16155996414871698
MC2,32,Sob-RDSB,14,-5.071627843941741E-9,1.2370591599591095E-12,0.010126794565121805,1.6648071957763895,2.4741281221761017E-13,5.881281547059077E-13,0.4206784018720009,-0.37604978460433514
MC2,32,Sob-NUS,14,-2.3099299789995524E-9,1.7593866696951054E-13,0.0016234867727883573,2.987862470410521,3.518955039707059E-14,5.21048440077075E-14,0.6753604404201892,-0.17046438197479574
MC2,32,Lat-RS,16,1.4399956943589643E-8,1.8536073131015654E-12,0.012704049166977323,2.90902652894988,3.708917492340283E-13,5.300677728612537E-13,0.6997062795045832,-0.1550842285003903
MC2,32,Lat-RSB,16,-3.135808515150193E-11,2.9101943176931847E-16,0.010220324280287369,2.5913743295279184,5.819904929473268E-17,9.08991561608547E-17,0.6402595112296083,-0.19364396124867175
MC2,32,Sob-RDS,16,-3.46516362411498E-9,6.318111710931078E-13,0.02283265446986614,3.0035513618083756,1.263616053541416E-13,1.723860742915622E-13,0.733015157247691,-0.1348870449482662
MC2,32,Sob-RDSB,16,3.042797738305746E-11,7.263014190263818E-17,0.011965092076701697,2.745778661392603,1.4525501639497208E-17,2.2635597765400342E-17,0.6417105388619413,-0.19266082819828678
MC2,32,Sob-NUS,16,-3.610094073520654E-10,1.0157857476142906E-14,0.01435093651564479,3.216300749348989,2.031498665871255E-15,2.7728866732222418E-15,0.7326295320647004,-0.13511557904543386
SmoothGauss,2,Lat-RS,10,-2.0467106028689393E-6,2.017461350966581E-7,0.05556935318050826,2.708261666838485,4.034938112092158E-8,6.058925182337839E-8,0.665949486198355,-0.17655871181665408
SmoothGauss,2,Lat-RSB,10,2.700376847860437E-6,1.528789293230505E-8,0.03362486145000489,3.1140912557352807,3.064564863722825E-9,4.196470289094636E-9,0.7302720268714179,-0.136515334724917
SmoothGauss,2,Sob-RDS,10,-5.027939415179703E-6,1.4725857454217107E-7,0.05693979077811097,2.589891030435983,2.9474049911706085E-8,4.5197120577347586E-8,0.6521222930842685,-0.18567095299298073
SmoothGauss,2,Sob-RDSB,10,5.328002847261393E-7,2.438619873178347E-7,0.6971555818395438,3.277788376650106,4.876780409996399E-8,7.278197733724928E-8,0.6700533000634071,-0.173890649533896
SmoothGauss,2,Sob-NUS,10,-7.200022380621871E-7,1.1037961740696567E-8,0.19391160575064562,3.4517950317443837,2.207889992127314E-9,2.9830307346735634E-9,0.7401499308953402,-0.13068029707302908
SmoothGauss,2,Lat-RS,12,2.7913380567218737E-7,1.265002292102406E-8,0.03732222540363632,2.7341659611654934,2.5298294994278607E-9,3.777128590178623E-9,0.6697758466592801,-0.17407051796624765
SmoothGauss,2,Lat-RSB,12,4.093056300604172E-7,6.219533480202719E-10,0.2771911534974233,3.876100432750483,1.2454576163589313E-10,1.5958302019454096E-10,0.7804449463612396,-0.10765772723936816
SmoothGauss,2,Sob-RDS,12,-1.3100880103436443E-6,9.287256381508508E-9,0.05845278282603333,2.495483991248914,1.8589818617689176E-9,2.932929616493488E-9,0.6338310511492784,-0.19802648869816072
SmoothGauss,2,Sob-RDSB,12,-1.0258654820212158E-6,4.629182979724624E-9,0.06342732591036376,2.5609465504590605,9.267964122725329E-10,1.4475897265980832E-9,0.6402341735669513,-0.19366114838080423
SmoothGauss,2,Sob-NUS,12,-1.6608442145364246E-7,5.090816163248695E-10,0.18581431871076637,3.9049257506282213,1.01833725667697E-10,1.2440512480311603E-10,0.8185653591751899,-0.08694663818743749
SmoothGauss,2,Lat-RS,14,-1.7885250118124576E-7,7.773806396247273E-10,0.07027980683445008,2.7310106416884294,1.5549256852933178E-10,2.3627814188286157E-10,0.6580912110203556,-0.1817139092772713
SmoothGauss,2,Lat-RSB,14,-4.3666557739877255E-8,1.9792193028880452E-11,0.48191190067138023,5.6841620953249485,3.959949530180363E-12,3.907643032937552E-12,1.0133856897372455,0.005774767221250412
SmoothGauss,2,Sob-RDS,14,8.198629392387704E-8,6.079972202322328E-10,0.04410163387670143,2.471040453868886,1.2159400585443331E-10,1.9375743437447086E-10,0.6275578856986266,-0.20234620884288781
SmoothGauss,2,Sob-RDSB,14,-1.803521315014646E-8,2.4677640414430806E-11,0.34517010412251947,4.961577590341086,4.935359798991244E-12,5.771755246638122E-12,0.855088199012934,-0.06798908717932825
SmoothGauss,2,Sob-NUS,14,-1.0092401441069416E-8,2.3101766696413912E-11,0.17905723737945184,3.531577796685727,4.619993160515702E-12,5.9101752790056406E-12,0.7817015473173909,-0.10695902838989554
SmoothGauss,2,Lat-RS,16,1.1339421158437491E-7,6.978197207168973E-11,0.07705922647386607,2.742507719368478,1.3967857022117354E-11,2.079193353749539E-11,0.6717921157706783,-0.17276509739429657
SmoothGauss,2,Lat-RSB,16,-6.305438339467566E-9,1.8080429560227882E-12,0.551353974850457,3.8900641099504516,3.6161218889809E-13,4.938771208547245E-13,0.7321906069920161,-0.13537584682529066
SmoothGauss,2,Sob-RDS,16,-1.2326958060341696E-7,3.7737187161099035E-11,0.01820309851225608,2.4849037847556876,7.561878077978728E-12,1.155044670451582E-11,0.654682738376023,-0.18396910970710156
SmoothGauss,2,Sob-RDSB,16,-5.119733367432566E-8,2.1345536034291426E-11,0.6380137574913984,4.654571115969379,4.271301463112959E-12,5.510343433035046E-12,0.7751425142589281,-0.1106184426985982
SmoothGauss,2,Sob-NUS,16,-1.0761345171763002E-9,1.1609730130957275E-12,0.21475432426942004,4.125770994958304,2.321725412243826E-13,2.869286631448728E-13,0.8091646846280973,-0.09196307993710853
SmoothGauss,4,Lat-RS,10,-2.93223353129131E-5,8.974212993746485E-7,0.0916307434979053,3.0117463027212197,1.8032611079714514E-7,2.623997909593728E-7,0.6872189575222067,-0.1629048686271565
SmoothGauss,4,Lat-RSB,10,-1.8474730051955036E-6,2.3489535884442685E-7,0.116482787082996,2.6115515202168997,4.6977787018213406E-8,7.322155118378241E-8,0.6415841546473322,-0.19274637046298945
SmoothGauss,4,Sob-RDS,10,7.0768366872439475E-6,2.72724182304438E-7,0.07157262431331515,2.873211868125675,5.458946359473943E-8,8.051693494742585E-8,0.677987352975918,-0.16877840728927773
SmoothGauss,4,Sob-RDSB,10,-1.1294794059774047E-5,6.949602582268038E-7,0.053879394030943335,2.4027559157857517,1.3910572481304893E-7,2.3438723914541836E-7,0.5934867671133968,-0.22658896000121917
SmoothGauss,4,Sob-NUS,10,9.576091698433296E-7,1.2110215211252083E-7,0.004106728805990821,2.997048730808911,2.4218925394784086E-8,3.366722155671993E-8,0.7193621651843742,-0.14305240761251492
SmoothGauss,4,Lat-RS,12,-6.436805552261288E-6,7.809349676506734E-8,0.03278872574934063,2.9717207507533683,1.565856994879579E-8,2.247194621974825E-8,0.6968052431095223,-0.15688859014022288
SmoothGauss,4,Lat-RSB,12,-2.596177732719381E-6,5.104885961562829E-8,0.038999339072982635,1.9306212132139267,1.0215491084753215E-8,2.136579254600454E-8,0.4781236672010812,-0.3204597581230082
SmoothGauss,4,Sob-RDS,12,-8.569437221115066E-7,1.7886654764302398E-8,0.09708426706222965,2.861074584132423,3.5777075723080603E-9,5.208915710998995E-9,0.6868430534887475,-0.16314248971007853
SmoothGauss,4,Sob-RDSB,12,9.146169098622757E-6,3.424895940800479E-7,0.2656139507674739,2.2021312026421174,6.857472143330858E-8,1.2739965545926384E-7,0.5382645752541726,-0.2690042014176071
SmoothGauss,4,Sob-NUS,12,-5.388926245681614E-8,7.254296169603965E-9,0.020700796947754257,2.956332648279492,1.450717052050009E-9,2.1855809633742715E-9,0.663767243749359,-0.17798418339760377
SmoothGauss,4,Lat-RS,14,-2.019783919193557E-7,8.572776477780681E-9,0.022929163433655617,2.9341259069834176,1.7144246352973828E-9,2.5206956517190704E-9,0.6801394821815062,-0.16740201357337264
SmoothGauss,4,Lat-RSB,14,2.057033101343587E-8,3.351895769121314E-9,0.030856358967439417,2.2098285535701474,6.703125390473984E-10,1.2209054367148371E-9,0.5490290393423493,-0.2604046841608256
SmoothGauss,4,Sob-RDS,14,-7.484280249080477E-7,1.1189575220023846E-9,0.08371617656597401,2.837913279050816,2.2432926975850464E-10,3.276598514050628E-10,0.6846406991779478,-0.1645372873438864
SmoothGauss,4,Sob-RDSB,14,3.7368070497595116E-7,8.641422911794994E-9,0.04078302746260869,2.6234415789866823,1.728251391170034E-9,2.7002667631572014E-9,0.6400298721409772,-0.19379975569856206
SmoothGauss,4,Sob-NUS,14,3.362718050271944E-7,4.0089624332881315E-10,0.0012403311611373367,2.911874346934267,8.02843094677523E-11,1.1423057399471294E-10,0.7028268059956364,-0.15315168275731272
SmoothGauss,4,Lat-RS,16,2.571112696653383E-7,1.5065928901181002E-9,0.035368148721201594,2.853625231894711,3.0135455237080665E-10,4.4440642490563365E-10,0.6781057506871037,-0.16870257256579202
SmoothGauss,4,Lat-RSB,16,6.445360899138148E-8,2.1058923711703384E-10,0.06478040973771407,2.434073179744402,4.2117789906376444E-11,6.811804398965015E-11,0.6183059207157477,-0.2087965948049142
SmoothGauss,4,Sob-RDS,16,5.941214672623629E-9,7.473553268083213E-11,0.04032034652707341,2.795558921782435,1.4945647123544596E-11,2.2381184241432995E-11,0.6677773151912392,-0.17536833828344997
SmoothGauss,4,Sob-RDSB,16,1.8494587224897243E-9,2.7253039871895155E-10,0.06146731991422287,2.6553736661373644,5.450063255631349E-11,8.490476210953954E-11,0.6419031300741379,-0.19253050658615092
SmoothGauss,4,Sob-NUS,16,6.918580660453418E-8,2.7509744478035687E-11,0.01904393644420924,2.9424826857073945,5.5061853765530976E-12,8.026316050875443E-12,0.6860165163758446,-0.1636654281933325
SmoothGauss,8,Lat-RS,10,-4.2994472581860194E-6,1.8227942521105016E-6,0.01303770521490252,2.979815161009883,3.6454087978378406E-7,5.161979573166702E-7,0.7062036465211163,-0.15107004426384452
SmoothGauss,8,Lat-RSB,10,-1.9032241997754964E-6,8.622233644951528E-7,0.036408739583628565,3.1067304000785483,1.724310506940953E-7,2.509674925490043E-7,0.6870652806176727,-0.1630019970523557
SmoothGauss,8,Sob-RDS,10,3.7037132868922873E-6,5.535318133917115E-7,0.02843638087257171,2.936648408796088,1.1070900953418598E-7,1.6152047215252864E-7,0.6854178176846842,-0.16404461011688995
SmoothGauss,8,Sob-RDSB,10,-1.90366515249182E-5,1.578950239509512E-6,0.06621025752697464,2.950632473132029,3.1612086299839335E-7,4.475403598524053E-7,0.7063516307281138,-0.1509790478606905
SmoothGauss,8,Sob-NUS,10,1.0173548130527973E-6,6.841084782531692E-7,4.247085920942476E-4,2.9331634551341876,1.3680904849188443E-7,2.009561103954378E-7,0.6807906871937064,-0.1669863937696016
SmoothGauss,8,Lat-RS,12,3.236256233188822E-6,2.853947267181421E-7,0.029144450717763268,2.994910195637542,5.7083710803500904E-8,7.93312623624899E-8,0.7195613570683796,-0.1429321678148075
SmoothGauss,8,Lat-RSB,12,3.724982238511951E-7,1.8955370561641517E-7,0.24817663655445404,2.99594263027688,3.7907088804097474E-8,5.584960811596787E-8,0.6787350902335073,-0.168299697440569
SmoothGauss,8,Sob-RDS,12,-1.6777029960137695E-6,7.821531816086276E-8,0.004994184584927396,2.9825391639187515,1.564431401315217E-8,2.252573282157036E-8,0.6945085488260507,-0.1583224040874451
SmoothGauss,8,Sob-RDSB,12,-4.095938375518541E-6,2.408415654575415E-7,0.11335946447213197,2.5608329011966493,4.8180272971375186E-8,7.723736901893736E-8,0.6237948493502175,-0.20495821551669766
SmoothGauss,8,Sob-NUS,12,4.2053755001504583E-7,6.499177968027335E-8,0.010630388791118944,2.925360346641659,1.2997232952292034E-8,1.948587907291867E-8,0.6670077805396777,-0.1758691000778436
SmoothGauss,8,Lat-RS,14,6.679010129036692E-7,4.580572983757141E-8,0.029123183578234214,2.942660779916253,9.160675944680567E-9,1.3715346655943883E-8,0.6679142842306915,-0.17527926847383224
SmoothGauss,8,Lat-RSB,14,7.831203795900783E-7,9.838795348749041E-9,0.035011213807169005,3.0006593602323344,1.9681755713717624E-9,2.9023460272016553E-9,0.6781326392254514,-0.16868535207724183
SmoothGauss,8,Sob-RDS,14,-2.902382113072535E-7,1.4545121211723342E-8,0.0032891933657822462,2.417772987515828,2.9088175781397373E-9,4.975860428984962E-9,0.584585845936421,-0.23315170404208663
SmoothGauss,8,Sob-RDSB,14,-1.6213436087521774E-6,4.802007159789133E-8,0.07647646270798975,2.761264349064173,9.60568267324395E-9,1.4539860962169016E-8,0.6606447405677943,-0.1800320181048667
SmoothGauss,8,Sob-NUS,14,9.93611768745654E-8,1.0950403364228612E-8,0.012919504403062056,2.9587635255294074,2.1898715374219074E-9,3.1901125403279684E-9,0.6864558882291881,-0.16338736536702134
SmoothGauss,8,Lat-RS,16,-9.32463101923874E-7,8.399010991020456E-9,0.012341068241615178,2.94449307501453,1.6805037054207202E-9,2.424113506087517E-9,0.6932446443619829,-0.15911347686444954
SmoothGauss,8,Lat-RSB,16,8.658608663384108E-7,1.7688081819181654E-9,0.0333703518208893,3.013722883576078,3.54475975259851E-10,5.17406650647527E-10,0.685101312123123,-0.1642452007081948
SmoothGauss,8,Sob-RDS,16,1.800815519798101E-7,8.960706160115226E-10,0.11326613774447887,2.922411617631649,1.7922863115534775E-10,2.5580706563156654E-10,0.7006398776079428,-0.15450514801715826
SmoothGauss,8,Sob-RDSB,16,-6.22299765458812E-7,2.42425537021202E-9,0.06244523067660156,2.882166924060752,4.851898459330899E-10,6.99306750660765E-10,0.6938154757903322,-0.15875601729968664
SmoothGauss,8,Sob-NUS,16,-2.0166338534967544E-7,8.265662448456908E-10,0.023775758144227558,2.8818655831153244,1.6533738576523192E-10,2.438535917933506E-10,0.6780190709897116,-0.16875809033778463
SmoothGauss,16,Lat-RS,10,1.466084847688735E-5,3.2020159319099454E-6,0.008712276702881624,2.995557060495398,6.405540865414131E-7,9.076678311638866E-7,0.705714210142318,-0.15137113759737753
SmoothGauss,16,Lat-RSB,10,6.160713299907901E-6,2.059529906537646E-6,0.08586264135705689,2.934833442196931,4.1190274509776214E-7,6.109964686633665E-7,0.6741491419727065,-0.17124401389415084
SmoothGauss,16,Sob-RDS,10,2.922523032895491E-5,1.525821491267983E-6,0.07254149030724806,3.0013349191456484,3.059878959115517E-7,4.326888299010517E-7,0.707177710091397,-0.15047143653693384
SmoothGauss,16,Sob-RDSB,10,2.9241656786297542E-5,2.2858330679127995E-6,0.07510424978531259,2.952837878739265,4.579759714128093E-7,6.45430658969196E-7,0.7095664964912471,-0.14900689871815959
SmoothGauss,16,Sob-NUS,10,-1.1240448557614814E-5,1.4272261092875768E-6,0.061697777223885183,2.937654858482854,2.8554302501910596E-7,4.195973866747203E-7,0.6805166907306412,-0.16716121858214103
SmoothGauss,16,Lat-RS,12,8.708226433565481E-7,7.906279524181753E-7,0.038051936889664864,2.9095865999064867,1.5811053625666288E-7,2.3169643854713202E-7,0.6824038265245057,-0.16595854656237047
SmoothGauss,16,Lat-RSB,12,8.875068045783596E-6,5.08889768240223E-7,0.030836343098819507,2.95047643952222,1.0184654268549711E-7,1.4531498942877545E-7,0.700867426587235,-0.15436412375472042
SmoothGauss,16,Sob-RDS,12,3.018146547759948E-6,3.132184455688558E-7,0.011086512629319444,2.8618580222756833,6.264653395344354E-8,9.277142969592388E-8,0.6752783066810498,-0.17051720176810733
SmoothGauss,16,Sob-RDSB,12,-1.4433593099769336E-6,3.971286558115556E-7,0.002929640849333499,2.9404482651652177,7.94198718752926E-8,1.166863091028906E-7,0.6806271659965049,-0.16709072081921966
SmoothGauss,16,Sob-NUS,12,6.029306671000849E-6,2.91709645871372E-7,0.036683120588387026,2.9344410278027344,5.837244752028995E-8,8.668465066211394E-8,0.6733885073589156,-0.17173429993664005
SmoothGauss,16,Lat-RS,14,3.1629915945629943E-6,1.0289705903156455E-7,0.013917048675662028,2.9629204648090255,2.0587358380959556E-8,3.0211929201583406E-8,0.6814314386742497,-0.1665778335979383
SmoothGauss,16,Lat-RSB,14,-2.859176224028096E-6,7.221414954967318E-8,0.08031648473319425,2.788619479213248,1.4449560515623687E-8,2.1338013150056297E-8,0.6771745998097093,-0.16929934024024987
SmoothGauss,16,Sob-RDS,14,-3.418776036506556E-6,4.071037806711365E-8,0.08623689774665741,2.8779834731321956,8.152949435449178E-9,1.2081436177792837E-8,0.6748328026129294,-0.17080381516479823
SmoothGauss,16,Sob-RDSB,14,-1.167312492700024E-6,6.22987950331201E-8,0.04009976799897931,3.0196184594446573,1.2459875649178972E-8,1.7730905991380105E-8,0.7027207552302376,-0.1532172191554714
SmoothGauss,16,Sob-NUS,14,-1.0878908905705692E-6,5.3613434122990816E-8,0.023602052905493033,2.8516327297137645,1.072279806250549E-8,1.5884386357378708E-8,0.6750527103317702,-0.1706623147060564
SmoothGauss,16,Lat-RS,16,-2.6454127256243895E-6,1.7564457566852942E-8,0.006552675617275336,2.919486769813675,3.519538432708146E-9,5.1399350418249624E-9,0.6847437572787913,-0.1644719184631674
SmoothGauss,16,Lat-RSB,16,-1.0638289715959292E-6,1.284586709884145E-8,0.014405092952391984,2.8853025257811047,2.57004823450712E-9,3.7700993118670336E-9,0.6816924494316244,-0.1664115163115644
SmoothGauss,16,Sob-RDS,16,3.518918979293843E-7,3.769355679677684E-9,0.009841502228100693,2.9889060089242574,7.539195767297714E-10,1.0825683175389262E-9,0.6964175512208841,-0.1571302922612983
SmoothGauss,16,Sob-RDSB,16,-7.63124051210187E-7,1.025525378776736E-8,0.029391159004279344,2.919782587443894,2.0514280107952525E-9,2.952492298734359E-9,0.694812315573062,-0.1581324922715422
SmoothGauss,16,Sob-NUS,16,5.301336197345627E-7,1.3366923589223468E-8,0.03782604460855617,2.5006204830806227,2.673398421027682E-9,4.144540091560971E-9,0.645041032772539,-0.19041265786104178
SmoothGauss,32,Lat-RS,10,4.8991503850721405E-6,3.917845846440917E-6,0.01522923008487327,3.029795334018486,7.835148140457501E-7,1.1183621126399922E-6,0.7005913426342694,-0.15453523366034064
SmoothGauss,32,Lat-RSB,10,1.5970114098223102E-5,2.5539476184376564E-6,0.028236069823553894,2.9900599305103115,5.109934892794728E-7,7.120658470808918E-7,0.7176211180107661,-0.1441047894447397
SmoothGauss,32,Sob-RDS,10,1.6743558852480398E-5,3.1239297398595693E-6,0.014844085250045677,2.8647279560833523,6.250038161401631E-7,9.071642069477535E-7,0.6889643697948051,-0.16180323731098367
SmoothGauss,32,Sob-RDSB,10,-2.6669805447130092E-5,1.053979230263496E-5,0.004241229309016014,2.497817752440113,2.1084589432035272E-6,3.4153238104179785E-6,0.6173525733554053,-0.20946673721411976
SmoothGauss,32,Sob-NUS,10,4.493965423008081E-5,3.998311355132006E-6,0.029961028679881943,2.8118094820504296,8.016018773216178E-7,1.1973052711632532E-6,0.6695050098149271,-0.17424616887327496
SmoothGauss,32,Lat-RS,12,2.136375750395691E-6,7.38091118035599E-7,0.03722122923026933,3.1167465225827407,1.4760802588610596E-7,2.076368416292827E-7,0.7108951606461396,-0.14819444218170927
SmoothGauss,32,Lat-RSB,12,-3.1623287489068134E-6,4.9927180662994E-7,0.03610716006591108,3.0182955977430064,9.985437621297157E-8,1.4232706929964295E-7,0.7015838708991254,-0.1539204037640593
SmoothGauss,32,Sob-RDS,12,1.0877826974946912E-6,4.4340847904554953E-7,0.056081213249634644,2.9256691126863426,8.867401091072596E-8,1.2652266487403863E-7,0.7008547519846076,-0.15437197767907962
SmoothGauss,32,Sob-RDSB,12,1.3061766284759942E-5,6.047416353097597E-7,0.0059003172019215285,2.9595454076739656,1.2110684196772342E-7,1.7543701849506315E-7,0.690315208310106,-0.16095255857982171
SmoothGauss,32,Sob-NUS,12,1.2507463573443918E-5,1.1960514952451286E-6,0.04261165352284199,2.4942559514951714,2.3934281466416183E-7,3.8227878093308575E-7,0.6260949511243118,-0.20335979838337453
SmoothGauss,32,Lat-RS,14,1.951122511350445E-7,1.3455703149401342E-7,0.0394549633347125,2.9347068065624473,2.690875322696335E-8,3.857604614678313E-8,0.6975508356811544,-0.1564241366546391
SmoothGauss,32,Lat-RSB,14,-1.4258271799777513E-6,1.1614522238003343E-7,0.045617360587532865,2.9817126950742145,2.322875455470625E-8,3.381694235513718E-8,0.6868969497822602,-0.16310841213670382
SmoothGauss,32,Sob-RDS,14,-5.356557668461939E-7,8.257469231216087E-8,0.017146312991831843,2.9419654754779656,1.6513573895686484E-8,2.3452837932875977E-8,0.704118364820059,-0.15235432826234405
SmoothGauss,32,Sob-RDSB,14,2.009026470305152E-6,1.223121481182354E-7,0.03410464818704233,2.9696663916087864,2.44640195680431E-8,3.495362046324711E-8,0.6998994451452154,-0.1549643507792935
SmoothGauss,32,Sob-NUS,14,-3.055355954509581E-6,8.326501112462364E-8,0.019129520869638497,2.9949459759786072,1.666067212471099E-8,2.4195668102065866E-8,0.6885807845615338,-0.16204510082293916
SmoothGauss,32,Lat-RS,16,-1.0229335211836917E-7,2.5025920333292615E-8,0.009078506182106613,2.967122384726589,5.004694012181745E-9,7.202096828007888E-9,0.6948940192971623,-0.15808142612083356
SmoothGauss,32,Lat-RSB,16,9.23715007947366E-7,2.429463225138987E-8,0.04828817050708853,2.97933497161885,4.8592938070488536E-9,6.886258492273014E-9,0.7056507989790693,-0.15141016239695884
SmoothGauss,32,Sob-RDS,16,6.16885790003603E-7,1.3650606918481694E-8,0.0281653803337374,2.8643181244261866,2.7302289196358777E-9,3.964068357177997E-9,0.6887441571717788,-0.16194207237800734
SmoothGauss,32,Sob-RDSB,16,6.740222587322569E-7,2.911284682280204E-8,0.024608670117043284,2.980940620379885,5.8224414136292184E-9,8.523247783089304E-9,0.6831247385745763,-0.16549998690661086
SmoothGauss,32,Sob-NUS,16,-5.617483196640457E-7,1.4011129058970345E-8,0.0019122908035337876,2.9048197472206216,2.8022611503875347E-9,4.087524179224552E-9,0.6855644217667122,-0.16395172876181507
PieceLinGauss,2,Lat-RS,10,2.956878994067491E-5,1.7012048134029707E-6,0.22311729902804806,2.900967990083521,3.4108125192288186E-7,4.958716674421394E-7,0.6878417831014328,-0.16251144639822843
PieceLinGauss,2,Lat-RSB,10,4.202506610602162E-6,8.258408577083309E-8,0.7569487264667524,3.9232447155229893,1.6532826534263355E-8,2.1491127941157582E-8,0.7692861249316467,-0.11391210055323618
PieceLinGauss,2,Sob-RDS,10,1.6138096743247705E-6,5.472080674747513E-7,0.3381283833046087,2.835710996465606,1.0943327371526573E-7,1.6706654195807552E-7,0.6550280650612104,-0.1837400920080605
PieceLinGauss,2,Sob-RDSB,10,1.070469389830028E-5,7.279844706522691E-7,0.20212210157901667,2.658366771930434,1.4569692491249708E-7,2.2802909795964195E-7,0.63894005728288,-0.19453988364501426
PieceLinGauss,2,Sob-NUS,10,-2.1306591559792645E-6,1.4257087678285166E-7,0.3345634985127567,3.6529713489734488,2.851586364747363E-8,3.7580208237263454E-8,0.7588000435611775,-0.11987265285140555
PieceLinGauss,2,Lat-RS,12,6.786492693863712E-7,1.313589095538001E-7,0.20737146643713006,2.886322249016828,2.626961529739979E-8,4.01147025038982E-8,0.6548625231571144,-0.1838498629103054
PieceLinGauss,2,Lat-RSB,12,-1.5792438064402298E-7,6.847893874583374E-9,0.2639946867346123,3.287505296173648,1.369466757149185E-9,1.992262218880368E-9,0.6873928261907271,-0.1627950045846514
PieceLinGauss,2,Sob-RDS,12,3.1186103534613114E-6,4.198921902175183E-8,0.23094242100961332,2.6612344931310505,8.406729750506648E-9,1.291962939206344E-8,0.6506943423370117,-0.18662296935727418
PieceLinGauss,2,Sob-RDSB,12,1.4758657132582913E-7,1.3426021083179165E-8,0.01405187607758775,2.620345008086432,2.684957478010205E-9,4.229320002557284E-9,0.6348437754501266,-0.1973331342471296
PieceLinGauss,2,Sob-NUS,12,-1.57556113907591E-6,7.836129291969442E-9,0.2784658736990956,3.512510437260462,1.5695515287110154E-9,2.153534787436841E-9,0.7288257138298248,-0.1373763133437847
PieceLinGauss,2,Lat-RS,14,1.2854397133067508E-6,1.0221228553197212E-8,0.17523806024650823,2.750164995875449,2.0456936413249244E-9,3.0995176258681423E-9,0.6600038742325097,-0.18045351513561275
PieceLinGauss,2,Lat-RSB,14,-2.4259672393768716E-7,3.723140915196149E-10,0.047316993787613185,3.465293396673465,7.451422519255789E-11,9.826410638304962E-11,0.7583056309705724,-0.12015571904921814
PieceLinGauss,2,Sob-RDS,14,5.491725365282392E-7,3.572656741709684E-9,0.1570393070370899,2.6513963498027153,7.147614856819795E-10,1.096164620586213E-9,0.6520567004796556,-0.18571463795708712
PieceLinGauss,2,Sob-RDSB,14,1.0244437817136757E-7,2.673972483922104E-10,0.4619387906564811,4.1841228335769465,5.3484596584093165E-11,6.67602057035723E-11,0.8011448739624125,-0.09628894175189036
PieceLinGauss,2,Sob-NUS,14,4.145800655127482E-8,3.998106992845573E-10,0.22432034129499387,3.402918739499113,7.995586240923298E-11,1.0597345640810154E-10,0.7544895214262395,-0.12234678745679904
PieceLinGauss,2,Lat-RS,16,-2.998127304176133E-9,1.0923145582447694E-9,0.17122732564302667,2.7913127942241567,2.1844107434655632E-10,3.3741577514093545E-10,0.6473943734708772,-0.18883107938690388
PieceLinGauss,2,Lat-RSB,16,-3.402233388885992E-10,1.5378377942779675E-11,0.4824810648103398,4.631386073814257,3.075368136749E-12,3.6640824953220615E-12,0.8393283013347342,-0.07606813265207853
PieceLinGauss,2,Sob-RDS,16,-2.434771957361804E-7,2.3109372744247645E-10,0.17157268781253865,2.5796914457141678,4.627340475879E-11,7.321094558052485E-11,0.632055827060638,-0.19924456046192882
PieceLinGauss,2,Sob-RDSB,16,-8.747199479187626E-8,1.2042619981511264E-10,0.53015222759448,4.017853893403588,2.40904827888991E-11,3.158076143141222E-11,0.7628214677856748,-0.1175770932746103
PieceLinGauss,2,Sob-NUS,16,-9.31535509754543E-8,2.1000884912801032E-11,0.2518082588737425,3.7781812188123536,4.2084345489212865E-12,5.2159853133658065E-12,0.806834048810931,-0.09321578262252901
PieceLinGauss,4,Lat-RS,10,1.3628363593050767E-5,5.7317506317612235E-6,0.06264756953849375,2.9027142519372213,1.1464212236338339E-6,1.638117065987241E-6,0.6998408400946133,-0.1550007173115301
PieceLinGauss,4,Lat-RSB,10,-2.5496510693188477E-5,2.3736148657195177E-6,0.05922479375935701,2.8732742546795467,4.75325572904117E-7,7.110770733278724E-7,0.6684585830894142,-0.1749254959456682
PieceLinGauss,4,Sob-RDS,10,-2.6663701850169052E-5,2.084508680366788E-6,0.06379130837120692,3.1307912412967616,4.17570998896105E-7,5.676418277363653E-7,0.7356240828151955,-0.13334406129564766
PieceLinGauss,4,Sob-RDSB,10,4.499322062146596E-5,3.926005588760034E-6,0.05710111940653955,2.3689335945658905,7.871469875421235E-7,1.4017879619556579E-6,0.5615307085701903,-0.25062648838221324
PieceLinGauss,4,Sob-NUS,10,4.408509751332037E-6,2.288146738089793E-6,0.07837284604110453,3.0758395655453743,4.5760301964142445E-7,6.492533182706541E-7,0.7048142947660124,-0.1519252963170026
PieceLinGauss,4,Lat-RS,12,-7.232777123057909E-6,5.516831712697338E-7,0.01815698977811094,2.980679311331281,1.103779136554332E-7,1.5949443064459068E-7,0.6920487016966363,-0.15986334176598307
PieceLinGauss,4,Lat-RSB,12,-3.6698245102320076E-6,2.6315756723710114E-7,0.12124106615818506,2.4893624940743395,5.263971790801139E-8,8.544059403044627E-8,0.6160972837952593,-0.21035070588818583
PieceLinGauss,4,Sob-RDS,12,-3.477912730001504E-6,3.0851133628704573E-7,0.007071021970595263,2.813654533365673,6.170819290764091E-8,9.234781266237043E-8,0.6682149920892014,-0.17508378474611921
PieceLinGauss,4,Sob-RDSB,12,-9.095535498388244E-6,2.807716146436777E-6,0.07394983267485675,1.5476650278224269,5.615698037304291E-7,1.5237800452155848E-6,0.36853731317302957,-0.4335185347119173
PieceLinGauss,4,Sob-NUS,12,-2.9390785497826567E-6,2.3033364314000632E-7,0.06866138732525336,3.034007618806514,4.6070760137860256E-8,6.560049993658134E-8,0.7022928206705548,-0.15348177122360881
PieceLinGauss,4,Lat-RS,14,-6.637577715207582E-8,5.598250121116791E-8,0.01575662228285283,2.9767811663534887,1.1195384997953152E-8,1.6223565272028185E-8,0.6900693411241513,-0.16110726729966957
PieceLinGauss,4,Lat-RSB,14,-1.6019485248432741E-6,2.4280090785273845E-8,0.07703935592575512,2.7880541905939094,4.858098794315311E-9,7.477515780629368E-9,0.6496942215622331,-0.18729099587091913
PieceLinGauss,4,Sob-RDS,14,6.924252442624161E-7,1.5238565583843127E-8,0.029636022039309522,2.9031510692334637,3.0478877981758405E-9,4.3911041959762986E-9,0.6941050956997814,-0.1585747672585352
PieceLinGauss,4,Sob-RDSB,14,-2.5433487702431035E-6,2.579162055766825E-7,0.02558895842423538,1.463567400945848,5.158455141419206E-8,1.5210658261118855E-7,0.33913424737212944,-0.4696283509069181
PieceLinGauss,4,Sob-NUS,14,-3.5894328910878846E-6,1.6523714057377543E-8,0.0023698507683885257,3.0282871281262627,3.3172963656739846E-9,4.849251774542865E-9,0.6840841680130546,-0.16489046048048056
PieceLinGauss,4,Lat-RS,16,-1.9596975410532083E-7,8.740591092472143E-9,0.04296403840095634,2.9572434195490516,1.7479818108171033E-9,2.5769478078373452E-9,0.6783147898847296,-0.16856871353308986
PieceLinGauss,4,Lat-RSB,16,-7.110289482587575E-7,2.419662173009455E-9,0.07063812581486299,2.7323155181595493,4.843896035236928E-10,7.349362505206654E-10,0.6590906397398782,-0.18105485607062352
PieceLinGauss,4,Sob-RDS,16,-6.815120769706934E-7,1.6542688423168772E-9,0.10186963253900647,2.9588471023476095,3.31285141797586E-10,4.77354976390127E-10,0.6940016511461634,-0.15863949628460539
PieceLinGauss,4,Sob-RDSB,16,1.099199426728907E-6,7.496755251208086E-9,0.04538470869493608,2.5377891207761585,1.500409354516314E-9,2.3105713542471686E-9,0.6493672449276849,-0.18750962163229765
PieceLinGauss,4,Sob-NUS,16,3.310947776157604E-7,1.997937399986037E-9,0.007399161948340934,3.058192982719062,3.996571450009721E-10,5.852200523049184E-10,0.6829177220208065,-0.16563161699900777
PieceLinGauss,8,Lat-RS,10,-8.305228460579095E-5,1.311778551219428E-5,0.0046402802124289304,2.9076434909535314,2.630192428706853E-6,3.8128324748108367E-6,0.6898263813275308,-0.16126020074003056
PieceLinGauss,8,Lat-RSB,10,-1.1332409529257183E-5,3.407174584383353E-6,0.056005130007576114,2.9846858467358213,6.814951968907217E-7,9.712332529734078E-7,0.7016802552881506,-0.15386074399284458
PieceLinGauss,8,Sob-RDS,10,1.2469330127517757E-5,6.039570237047043E-6,0.1816313474894875,3.007960722375238,1.2079487401984963E-6,1.715540318498577E-6,0.7041214521006889,-0.15235242405693025
PieceLinGauss,8,Sob-RDSB,10,1.9600893183630287E-5,5.029881410543485E-6,0.0153752083030139,2.792689704228008,1.0062598794940822E-6,1.5501501634138001E-6,0.649137034103882,-0.1876636131025053
PieceLinGauss,8,Sob-NUS,10,4.29087509155289E-5,5.216789499643808E-6,0.006913256423898212,2.9359943647246607,1.0450947250438996E-6,1.4990997830199596E-6,0.6971482064646425,-0.15667488559266474
PieceLinGauss,8,Lat-RS,12,-4.8927844898758904E-6,2.3201836667638146E-6,0.017043732292831907,2.9626018594773713,4.6401426901949204E-7,6.815077353431144E-7,0.6808642733686328,-0.1669394537287372
PieceLinGauss,8,Lat-RSB,12,6.583131917986121E-7,8.50235483420419E-7,0.103957921054121,2.901588552208135,1.7003052535067388E-7,2.484173310139326E-7,0.6844551652522893,-0.1646549947487599
PieceLinGauss,8,Sob-RDS,12,2.0113592233525574E-7,7.778590233284154E-7,0.05015574881165071,3.0158566755275564,1.5555628794087576E-7,2.2541199469207667E-7,0.6900976505415025,-0.16108945116029297
PieceLinGauss,8,Sob-RDSB,12,1.7721927265425255E-6,7.208002499408114E-7,0.10154513562920192,2.8882883833316098,1.4414877465022344E-7,2.1141215296438715E-7,0.681837693003891,-0.16631899399725283
PieceLinGauss,8,Sob-NUS,12,-6.50654480919266E-6,7.741923939291166E-7,0.009247161456243765,3.025905573919792,1.5486533006329876E-7,2.1804055765279783E-7,0.7102592826326481,-0.14858308161799008
PieceLinGauss,8,Lat-RS,14,2.2932896826605673E-6,4.215231094935903E-7,0.0016903409905088896,2.933066717785786,8.430145061409678E-8,1.2200237530862367E-7,0.6909820435941789,-0.16053323839901334
PieceLinGauss,8,Lat-RSB,14,5.540309210541862E-6,1.3661058861421217E-7,0.1583604178242167,2.9642801334496016,2.7350080537218562E-8,4.0214123360243815E-8,0.6801113203988725,-0.1674199962965248
PieceLinGauss,8,Sob-RDS,14,-2.3874197350209796E-6,2.1206251602772532E-7,0.017743289942100997,2.6415885266663057,4.241396172821568E-8,6.7609252526776E-8,0.6273396043155193,-0.20249729433297153
PieceLinGauss,8,Sob-RDSB,14,-8.490940438005199E-6,2.431352638574654E-7,0.08636142274638965,2.720450530370199,4.869428613573769E-8,7.453060511696329E-8,0.653346179858867,-0.18485664389333972
PieceLinGauss,8,Sob-NUS,14,1.6417959280360272E-6,1.4807729538067958E-7,0.004644483583142738,2.9033525185162907,2.9615193024097617E-8,4.12621768093505E-8,0.7177322020826216,-0.1440375680869665
PieceLinGauss,8,Lat-RS,16,-2.9612998587312086E-7,9.64121904660816E-8,0.012470312894967835,2.755672177224893,1.9280597542375534E-8,2.9241809674101096E-8,0.6593503533897899,-0.18088375670845527
PieceLinGauss,8,Lat-RSB,16,1.4171249893052032E-6,3.920855345315594E-8,0.1624480030142039,2.7426644812080827,7.842934762797438E-9,1.1987748876937378E-8,0.6542458340853354,-0.18425903405225572
PieceLinGauss,8,Sob-RDS,16,-1.0028104617771562E-6,2.4931192177525316E-8,0.056300368168454656,2.844404297700931,4.986745440483762E-9,7.208485018031945E-9,0.6917882783982312,-0.16002680090809068
PieceLinGauss,8,Sob-RDSB,16,-8.150811591902291E-7,2.8508588995601267E-8,0.017719405088469094,2.9504242927348345,5.701811984636409E-9,8.113760639298678E-9,0.7027335705492603,-0.15320929912244935
PieceLinGauss,8,Sob-NUS,16,-1.4265596844616034E-6,2.2564189134914498E-8,0.02265057463206326,3.065034991688548,4.514421615733532E-9,6.528814517553113E-9,0.6914611532608618,-0.1602322138169245
PieceLinGauss,16,Lat-RS,10,-2.0215741245865297E-6,2.1226265011666125E-5,0.034406963938278974,3.026683959918216,4.244832563794934E-6,6.162419342650031E-6,0.6888256588474105,-0.16189068372587165
PieceLinGauss,16,Lat-RSB,10,-1.5224841160603551E-6,5.2073609681356195E-6,0.024782572881511134,2.9475476650542514,1.0413703643656446E-6,1.4947597567395608E-6,0.6966807606843323,-0.15696618263896428
PieceLinGauss,16,Sob-RDS,10,5.641704866556853E-6,1.1132169980867982E-5,0.018660866981928988,2.886437970129044,2.2262431816077807E-6,3.198391132356988E-6,0.6960509485802623,-0.15735897033563107
PieceLinGauss,16,Sob-RDSB,10,2.7707939061875373E-6,7.0162745190041535E-6,0.008800319832995675,2.940661306956232,1.403122255609321E-6,2.0704159642488964E-6,0.6777006552489294,-0.16896209445314742
PieceLinGauss,16,Sob-NUS,10,-3.532780700761471E-6,9.525406133868643E-6,0.06588527304717154,3.0106028228080506,1.9049031991905308E-6,2.710117842923915E-6,0.7028857450476591,-0.1531152643514899
PieceLinGauss,16,Lat-RS,12,-2.091295246102459E-5,5.162260538447995E-6,0.017190890666308342,2.9480380099063455,1.0327862140594673E-6,1.5343187374142283E-6,0.6731236403982208,-0.17190515656224642
PieceLinGauss,16,Lat-RSB,12,2.434968064520791E-6,1.6915344300971572E-6,0.05909825315069137,2.8096419581630636,3.382789844003047E-7,5.052657645549427E-7,0.6695070359621015,-0.174244854554199
PieceLinGauss,16,Sob-RDS,12,1.6051846758775333E-5,1.4201574230219875E-6,0.023471582381083395,3.090286945836467,2.8426074324030423E-7,4.005332646329022E-7,0.7097057057191882,-0.14892170322201087
PieceLinGauss,16,Sob-RDSB,12,9.758793043867848E-6,9.601775589481348E-7,0.045592594859967216,3.058168765746547,1.9211154228012105E-7,2.745211650378537E-7,0.6998059412054106,-0.15502237476855557
PieceLinGauss,16,Sob-NUS,12,1.540097354084786E-5,1.7279353772376869E-6,0.050516742920207615,2.998644456793429,3.457897067259985E-7,4.965805643723073E-7,0.6963416040317386,-0.15717765643775372
PieceLinGauss,16,Lat-RS,14,1.1537833125386785E-5,7.841522270974547E-7,2.2759902003259384E-4,3.03689803876749,1.5694788396817826E-7,2.2153020018248828E-7,0.7084717290865555,-0.14967747519305322
PieceLinGauss,16,Lat-RSB,14,1.5965590328139073E-6,1.9206045940893704E-7,0.008317849994196219,3.0197864400701406,3.8410799673344485E-8,5.5872666576648635E-8,0.6874703146779441,-0.16274605015210514
PieceLinGauss,16,Sob-RDS,14,3.3232796547164426E-6,2.855000603325688E-7,0.04187714780149935,2.962679137114922,5.710534625297057E-8,8.20463598029772E-8,0.6960131612188649,-0.1573825480464981
PieceLinGauss,16,Sob-RDSB,14,-8.316448967768881E-6,1.9895741693911543E-7,0.027284415959604187,3.028423089374218,3.985666756291781E-8,5.7061865346101214E-8,0.6984816798604891,-0.15584498030117766
PieceLinGauss,16,Sob-NUS,14,4.819083736398061E-6,3.7225019745165754E-7,0.025555871996686685,3.0250536467373044,7.446581805444089E-8,1.0343353349630089E-7,0.7199388393426975,-0.14270439643565933
PieceLinGauss,16,Lat-RS,16,1.4612231684767905E-6,1.4575296120594514E-7,0.002210666178458911,2.9694174998059446,2.9149812355113004E-8,4.2599554419162725E-8,0.6842750529334276,-0.16476929307521845
PieceLinGauss,16,Lat-RSB,16,1.3978403754045523E-6,4.6170221241674054E-8,0.00587864142758464,2.8976103739931642,9.23507480162509E-9,1.3804005831713283E-8,0.6690141191050829,-0.17456471663468492
PieceLinGauss,16,Sob-RDS,16,9.825315129383275E-7,7.155283290414273E-8,0.025784876576429815,2.8324054750707868,1.4310100892344382E-8,2.1717824134436583E-8,0.6589104324522896,-0.18117361626397602
PieceLinGauss,16,Sob-RDSB,16,3.902365140361944E-8,4.433843148811602E-8,0.001623247427305709,3.0006984919013497,8.86680105183881E-9,1.2560197715350124E-8,0.7059443850157292,-0.15122951174163027
PieceLinGauss,16,Sob-NUS,16,-2.651413213180814E-6,6.352947276405153E-8,0.058009308053135235,3.0057443126336603,1.2711653955382054E-8,1.8129390958329515E-8,0.7011627684901189,-0.15418115285859435
PieceLinGauss,32,Lat-RS,10,-1.6667460167830486E-6,2.5530598188265406E-5,0.0031327178950692845,3.0039365649089955,5.105611803731601E-6,7.542662184913566E-6,0.6768978483410771,-0.1694768663948117
PieceLinGauss,32,Lat-RSB,10,-5.514594272167413E-5,7.40159976136778E-6,0.0418589733057289,2.9296736141981423,1.4832129952769909E-6,2.179504632769538E-6,0.6805275717135063,-0.16715427457459262
PieceLinGauss,32,Sob-RDS,10,2.814861875252546E-5,2.040293076255098E-5,0.0015042348492359523,2.890537750476803,4.080970438632619E-6,6.111549458591594E-6,0.667747265449289,-0.17538788182057832
PieceLinGauss,32,Sob-RDSB,10,-2.2653163110775346E-6,4.511281474712743E-5,0.05534366680728362,2.353847416280092,9.021665824788532E-6,1.549209263651863E-5,0.582340038654447,-0.23482334904893506
PieceLinGauss,32,Sob-NUS,10,1.8500153548469013E-5,2.2433747098101117E-5,0.01263747492125033,2.917314205262311,4.486643000359579E-6,6.555327786171916E-6,0.6844269496063785,-0.16467289826169373
PieceLinGauss,32,Lat-RS,12,2.292072143690131E-5,4.970576942818797E-6,0.011010124736100118,2.9497027557588726,9.945413364960909E-7,1.4316821393210463E-6,0.6946663013954599,-0.15822376845394792
PieceLinGauss,32,Lat-RSB,12,1.783498108894594E-6,1.2022013864904427E-6,0.008073317918654229,2.9746399363261777,2.4041941413586315E-7,3.4759929665813963E-7,0.6916567911594862,-0.160109354503685
PieceLinGauss,32,Sob-RDS,12,2.5199650654457095E-5,3.428057267971052E-6,0.004189914370569226,2.9565807116798966,6.861779148419577E-7,9.995808491774646E-7,0.6864656474827423,-0.16338119110307994
PieceLinGauss,32,Sob-RDSB,12,2.043370478929568E-5,1.4013314056758462E-6,0.05504179944013725,2.8733346506878923,2.806557907984718E-7,4.135525991403554E-7,0.6786459361683764,-0.16835674718242946
PieceLinGauss,32,Sob-NUS,12,2.857578024328837E-5,6.767620049315656E-6,0.06586874381891018,2.607713125878773,1.3542052326786576E-6,2.093880653589774E-6,0.6467442307931887,-0.18926743666763585
PieceLinGauss,32,Lat-RS,14,-2.6341396638753195E-6,1.0274375482125434E-6,0.0026498932528333896,2.9472983098883425,2.0547389958331324E-7,3.000862727861604E-7,0.6847160907281242,-0.16448946615586849
PieceLinGauss,32,Lat-RSB,14,-1.29851011237531E-6,2.2247932704240886E-7,0.04879174288819478,2.920744198271987,4.449310195045287E-8,6.586897818245887E-8,0.6754788548139574,-0.17038824158103516
PieceLinGauss,32,Sob-RDS,14,-7.82024387802384E-6,6.389959137959165E-7,0.02403082946547439,2.8434495608415005,1.2784755905521915E-7,1.9056789978871827E-7,0.6708766754367506,-0.17335730710341465
PieceLinGauss,32,Sob-RDSB,14,6.889963615255193E-7,2.3070532652692159E-7,0.029150696559684035,3.007144718429479,4.613692591483998E-8,6.564498273551817E-8,0.7028248617373302,-0.15315288416541856
PieceLinGauss,32,Sob-NUS,14,-3.9736473742559645E-6,5.902505641937987E-7,0.010113330470872995,2.997369645779733,1.1805409770093079E-7,1.6946065045417582E-7,0.6966460791017324,-0.1569878028640541
PieceLinGauss,32,Lat-RS,16,-3.124083691756394E-6,1.922927486748049E-7,0.029114714562461484,3.0343219768119387,3.846446377890058E-8,5.468288293468368E-8,0.7034095811086754,-0.15279172047416645
PieceLinGauss,32,Lat-RSB,16,4.102930790771126E-6,4.755531509835794E-8,0.03167677437204738,3.031724291025233,9.526945954443479E-9,1.381139806272254E-8,0.6897886739038424,-0.16128394087823314
PieceLinGauss,32,Sob-RDS,16,5.187887413473832E-6,8.078853793096768E-8,0.004686269131127782,2.9597177763632945,1.6183005991249798E-8,2.3865923244100296E-8,0.678080031756168,-0.16871904463021228
PieceLinGauss,32,Sob-RDSB,16,-2.2494812352549345E-6,4.7617752014798344E-8,0.007424276307121939,3.0105285891646334,9.527658213747138E-9,1.3601843968248523E-8,0.7004681303496817,-0.1546116193048745
PieceLinGauss,32,Sob-NUS,16,3.0964365423986115E-6,8.375006887788656E-8,0.009106059074123086,3.0007963305469296,1.6757926693460854E-8,2.3945593832374418E-8,0.6998334144799598,-0.15500532538867123
IndSumNormal,2,Lat-RS,10,-1.0722681457041153E-5,2.3557119505896032E-6,0.07905844086957925,2.5291898681887575,4.71210251776538E-7,8.216233865616684E-7,0.5735112455214546,-0.24145806194748837
IndSumNormal,2,Lat-RSB,10,3.124747929620022E-7,1.2026895734235888E-5,0.2410958730002653,2.702928251294823,2.405138706572989E-6,3.997381273386811E-6,0.6016785845737495,-0.22063544599041746
IndSumNormal,2,Sob-RDS,10,-1.2968775207049718E-5,3.1871834854231263E-6,0.21764392425630036,2.9792128524096557,6.375411425452878E-7,9.634485562010343E-7,0.6617282660728361,-0.1793203138417144
IndSumNormal,2,Sob-RDSB,10,1.5351537292942647E-5,3.514063937483531E-5,0.07968040178132829,2.4112948362289384,7.027660731876822E-6,1.0979949439672863E-5,0.6400449082656435,-0.19378955300404443
IndSumNormal,2,Sob-NUS,10,-7.402368957048821E-6,5.438977392307077E-6,0.05901986483421385,2.994574113925764,1.0877414939797453E-6,1.5826487815380683E-6,0.6872917773472416,-0.16285885189201857
IndSumNormal,2,Lat-RS,12,9.003881042955018E-6,4.1129139616842457E-7,0.28378383669991136,2.639448126377719,8.233112327959723E-8,1.3126951740064955E-7,0.6271914829115525,-0.20259984788361435
IndSumNormal,2,Lat-RSB,12,-7.109400207052442E-6,9.284113511906614E-7,0.3962663190759043,2.5736727133273134,1.857142455824125E-7,2.890642220083778E-7,0.6424670763199123,-0.19214912315456673
IndSumNormal,2,Sob-RDS,12,1.2157951054459408E-6,1.376839419796132E-6,0.1896207479045354,2.4352641996017086,2.753418253285689E-7,4.752316446511155E-7,0.5793844505676956,-0.23703316450551234
IndSumNormal,2,Sob-RDSB,12,-7.768579894548437E-6,1.0709007181683887E-6,0.3400917798410042,2.3050547692914387,2.1421907645289235E-7,3.936158061397458E-7,0.5442339283926976,-0.2642143871163124
IndSumNormal,2,Sob-NUS,12,-1.5674080195530833E-6,6.471464324920303E-7,0.011537266647359264,3.0659214575446248,1.29418800337656E-7,1.889371891109609E-7,0.6849831996899755,-0.1643200801446747
IndSumNormal,2,Lat-RS,14,1.2707267460730327E-6,3.847524733117399E-8,0.24272048030147475,3.0216621134133548,7.69589470775136E-9,1.1165778927180714E-8,0.6892393945770627,-0.16162990772069483
IndSumNormal,2,Lat-RSB,14,-3.746363097679023E-6,1.7118592391593478E-7,0.5076771301139616,2.5033573211258853,3.424779630116829E-8,6.16739933024646E-8,0.5553036939445218,-0.25546943754060397
IndSumNormal,2,Sob-RDS,14,-2.5012459101762724E-6,9.02289642964212E-8,0.12302013981876246,2.268629169389082,1.8050244511101485E-8,3.304834563611692E-8,0.5461769466419298,-0.2626666347665735
IndSumNormal,2,Sob-RDSB,14,2.314427917949297E-6,1.2666076669121626E-7,1.0579562016344304,5.491530000786678,2.533497669949681E-8,2.4556944548825815E-8,1.0316827750750528,0.013546179642864203
IndSumNormal,2,Sob-NUS,14,1.978734558574143E-6,8.290200447193297E-8,0.02275424864057973,2.928040934496572,1.658265824475045E-8,2.3745255944430775E-8,0.6983566857968425,-0.15592270473027686
IndSumNormal,2,Lat-RS,16,-4.0316241408086696E-7,1.6111797065042244E-8,0.7151438155143626,2.85946742623565,3.2221997169992757E-9,5.743616402227317E-9,0.5610053825582326,-0.2510329718915662
IndSumNormal,2,Lat-RSB,16,-1.0791267695604218E-6,2.386994940815505E-8,0.482059373647915,2.7526420203482815,4.774676997227628E-9,7.52420465852049E-9,0.6345756414029399,-0.1975166025906722
IndSumNormal,2,Sob-RDS,16,1.1852775273239423E-6,9.847897822015972E-9,0.0825011642452477,2.590715799276146,1.9707874892635336E-9,2.9503709801109967E-9,0.6679795532660066,-0.17523683099698584
IndSumNormal,2,Sob-RDSB,16,-8.883135939487849E-8,1.2468932048542567E-7,0.9932102474137733,5.355909013882741,2.493537820168584E-8,2.565945051099926E-8,0.9717814569332638,-0.012431392192536939
IndSumNormal,2,Sob-NUS,16,-2.7804034376976347E-7,1.0315928237382542E-8,0.016099599300187426,2.9253541445022857,2.063056635344524E-9,3.045009099970879E-9,0.677520679778676,-0.16907744439938613
IndSumNormal,4,Lat-RS,10,5.529294354294618E-5,1.3684130406448946E-5,0.016178684758810208,2.8051558695750156,2.739609708287304E-6,4.179620906623278E-6,0.655468466995644,-0.18344819632964315
IndSumNormal,4,Lat-RSB,10,-7.011743957040011E-6,3.406392881567208E-5,0.16635419246272384,2.9408149569966096,6.812153649111421E-6,1.0182230727949011E-5,0.6690236973724107,-0.1745584988901705
IndSumNormal,4,Sob-RDS,10,-7.815020705639953E-8,2.776731033660925E-5,0.0693813468839833,2.707137435613892,5.552906727222573E-6,8.64646308300043E-6,0.6422171324758199,-0.1923181129076927
IndSumNormal,4,Sob-RDSB,10,-1.15236895705752E-6,4.5964775577594425E-5,0.05630002547929883,2.263908658821751,9.192037147961545E-6,1.666588585624346E-5,0.5515480681465232,-0.2584166322336
IndSumNormal,4,Sob-NUS,10,-3.669924395705244E-5,2.9913302876613363E-5,0.03315120923913502,2.9071774682563283,5.9834091437721595E-6,8.639939685843995E-6,0.6925290408653667,-0.1595620099557453
IndSumNormal,4,Lat-RS,12,-2.0195337707043477E-5,1.9762424793657423E-6,0.24692293533004803,2.834835439135133,3.9561682268866267E-7,5.96419112509268E-7,0.6633201626021249,-0.17827680147478997
IndSumNormal,4,Lat-RSB,12,1.69628654179613E-5,7.761767156387155E-6,0.04838518650940563,2.654470609490057,1.5524859347374908E-6,2.488100700997483E-6,0.6239642688557971,-0.2048402793609467
IndSumNormal,4,Sob-RDS,12,2.6923802917951587E-5,6.023435402374291E-6,0.10214454456464128,2.8833014765887004,1.2052915029303755E-6,1.7557363174427476E-6,0.6864877663896011,-0.16336719773797628
IndSumNormal,4,Sob-RDSB,12,6.901364666796605E-5,3.082009496563873E-5,0.016794217385038133,1.468462211289108,6.168165474654844E-6,1.790282843721986E-5,0.344535808756971,-0.4627656337349728
IndSumNormal,4,Sob-NUS,12,-6.621118957048153E-6,5.064916758552084E-6,0.022628191232749634,3.0487102084470528,1.012925892591489E-6,1.4103144028589967E-6,0.7182270070688355,-0.14373826838225828
IndSumNormal,4,Lat-RS,14,1.3465550964824409E-5,3.7278363833052856E-7,0.0032064039234607697,2.808030533028413,7.473059305612538E-8,1.108424367010354E-7,0.6742056136648186,-0.1712076357167019
IndSumNormal,4,Lat-RSB,14,-8.519312316423812E-6,6.962340764000177E-7,0.055042317115540945,2.930591001118792,1.393054692808203E-7,2.0193731653955247E-7,0.6898451047483104,-0.16124841318276134
IndSumNormal,4,Sob-RDS,14,-7.815020705174975E-8,7.582217171759907E-7,0.08080471108690825,2.9314269437685683,1.516291851083095E-7,2.2155394032241557E-7,0.6843894759337237,-0.16469667735865817
IndSumNormal,4,Sob-RDSB,14,7.64134949199597E-7,6.278085878806408E-7,0.07792494079805148,2.781495072745935,1.2554974530659113E-7,1.909987903031416E-7,0.657332672669425,-0.18221478060965357
IndSumNormal,4,Sob-NUS,14,-4.344507628925446E-6,8.455170855911153E-7,0.0017761391031888573,3.11681313298589,1.6910538152304902E-7,2.3774046485118375E-7,0.7113024769632817,-0.14794567895909846
IndSumNormal,4,Lat-RS,16,2.0565543827911858E-6,5.7933198257626775E-8,0.0681933520287344,2.8958699290499594,1.1589710403489579E-8,1.739610370235148E-8,0.6662244949668221,-0.1763794037172534
IndSumNormal,4,Lat-RSB,16,-4.103418761741817E-6,1.2818285144760743E-7,0.08275713804965756,2.9181464106461257,2.5650844678026755E-8,3.770743198785187E-8,0.6802596550804796,-0.1673252854637985
IndSumNormal,4,Sob-RDS,16,-5.816902461126434E-7,1.458712565870125E-7,0.07943041907757789,2.8092051018297957,2.9171672255813178E-8,4.267449893671617E-8,0.6835855834903438,-0.16520710492820606
IndSumNormal,4,Sob-RDSB,16,-4.4580871113005606E-8,1.8664859983213533E-7,0.0760255936680428,2.6916128590780146,3.732598898188449E-8,5.835698949839994E-8,0.6396147111548294,-0.19408155602666127
IndSumNormal,4,Sob-NUS,16,1.0860953984186415E-6,1.5254755389539153E-7,0.037619183122433585,2.9861314283454847,3.050763943121487E-8,4.31740122246746E-8,0.7066204380648063,-0.15081380532404393
IndSumNormal,8,Lat-RS,10,5.519528729293874E-5,3.6409604619748666E-5,0.06183977382301363,3.0350626072635265,7.284239251596689E-6,1.054354839264623E-5,0.6908717046983158,-0.16060259389162418
IndSumNormal,8,Lat-RSB,10,-3.6015650207058564E-5,3.570602687672034E-5,0.014346330266952085,2.999753081835367,7.141788381866371E-6,1.0579625965160075E-5,0.6750511223539567,-0.17066333633118635
IndSumNormal,8,Sob-RDS,10,8.124974792943913E-6,3.79539070755068E-5,0.054541752232174855,2.9541657548511338,7.590088352175237E-6,1.1193763629443036E-5,0.6780640188087387,-0.16872930067153033
IndSumNormal,8,Sob-RDSB,10,3.6835912292953355E-5,4.364698050272236E-5,0.020602485821415478,2.9383527483387413,8.729880045368871E-6,1.2958027127860705E-5,0.6737044118852777,-0.17153060857554334
IndSumNormal,8,Sob-NUS,10,-1.1015650207041317E-5,4.101425911595972E-5,0.023266540439277724,2.9152307839450367,8.202152882559108E-6,1.2166739493071582E-5,0.6741455167368274,-0.17124634931827748
IndSumNormal,8,Lat-RS,12,6.618161541795052E-5,7.827460962553635E-6,0.034814516836054694,2.9332683792008507,1.5697156495108054E-6,2.293041355286645E-6,0.6845561881785516,-0.16459089929857812
IndSumNormal,8,Lat-RSB,12,-6.645533019544633E-6,8.526436978428959E-6,0.04121294972401388,2.9942550045537866,1.7051610300553374E-6,2.4938015638967767E-6,0.6837597083670437,-0.16509649428147044
IndSumNormal,8,Sob-RDS,12,8.014645916794655E-5,7.944813796622426E-6,0.03106343719777513,2.9424891828623667,1.5952273179657123E-6,2.2654496530356677E-6,0.7041548311736402,-0.15233183669439537
IndSumNormal,8,Sob-RDSB,12,-7.963892394551672E-6,9.345229041732593E-6,0.02708021549906313,2.958170568471517,1.8689223273477557E-6,2.7373566843306557E-6,0.6827470961478842,-0.1657401383206085
IndSumNormal,8,Sob-NUS,12,-2.7690454894545698E-5,8.383559169072072E-6,0.02679048834568155,3.0651531887163057,1.6773109239233002E-6,2.461169644346926E-6,0.6815096747905716,-0.16652797449059203
IndSumNormal,8,Lat-RS,14,-3.897585528517722E-5,2.087727290364799E-6,0.0834637448013714,2.8225336019263136,4.1902282082236355E-7,6.327312053332087E-7,0.6622445950041265,-0.17898157756747987
IndSumNormal,8,Lat-RSB,14,1.4381078308574143E-5,1.5468664038510984E-6,0.011876955051817704,3.0307780039455166,3.0954915885546E-7,4.6555239964113856E-7,0.6649072351341537,-0.17723894128271514
IndSumNormal,8,Sob-RDS,14,-6.303736144548256E-6,2.160566068790061E-6,0.031966793112209,3.071551845437897,4.3210973952601644E-7,6.246640447148748E-7,0.6917474171628545,-0.16005245374684282
IndSumNormal,8,Sob-RDSB,14,-1.3537849726724321E-6,2.524577298595869E-6,0.03209505529886282,2.9099962189947606,5.048668009069542E-7,7.318227011111046E-7,0.6898758403373249,-0.1612290639125241
IndSumNormal,8,Sob-NUS,14,-1.5861841613303262E-5,1.8826234767181605E-6,0.00572305256906842,3.003846491385086,3.7673864089346323E-7,5.371237890283506E-7,0.7014000284272982,-0.15403422085283605
IndSumNormal,8,Lat-RS,16,5.057958191387607E-6,6.229168996054633E-7,0.06781914082838027,2.5420605005896255,1.2459650452416637E-7,2.0470628708516222E-7,0.6086598819133071,-0.21562532259044237
IndSumNormal,8,Lat-RSB,16,2.3724113163858916E-6,3.7478191246411717E-7,0.007794441350165949,3.0690228234367463,7.495451519002828E-8,1.0287165428282754E-7,0.7286216568847431,-0.1374979243296807
IndSumNormal,8,Sob-RDS,16,-1.0557886535174958E-5,3.7455757283898446E-7,8.351642158983216E-4,2.9854421060574357,7.501549238442974E-8,1.0803826273983942E-7,0.694341897787362,-0.15842662787486556
IndSumNormal,8,Sob-RDSB,16,-1.4360376769550205E-5,6.893500977783789E-7,0.03378527610288847,2.711206961042407,1.3806245297468365E-7,2.1023179112334675E-7,0.6567153913162446,-0.18262280511428872
IndSumNormal,8,Sob-NUS,16,-2.3623909297061884E-6,4.0849346336829044E-7,0.019362470355545964,3.096429513626196,8.169610369529549E-8,1.1397541070139536E-7,0.716787096379336,-0.1446098214565507
IndSumNormal,16,Lat-RS,10,5.976537292948566E-6,5.241502886212401E-5,0.03305609190796908,3.0250030445346328,1.0481993190845572E-5,1.5187018025550408E-5,0.6901942944435061,-0.16102863516615368
IndSumNormal,16,Lat-RSB,10,-1.277148689570475E-4,4.823064852719401E-5,0.024315693704633618,2.9834442309754583,9.661476180220972E-6,1.4289200748764017E-5,0.6761383194267648,-0.16996445018427375
IndSumNormal,16,Sob-RDS,10,-1.6191431457050017E-5,4.49545296326506E-5,0.05926189425303802,2.9910585741435765,8.990268998390095E-6,1.3100852323330828E-5,0.6862354277805005,-0.16352686469370822
IndSumNormal,16,Sob-RDSB,10,5.714841229294897E-5,5.045225911407977E-5,0.026051373020730087,2.985027511280486,1.0092708718661277E-5,1.458240600136734E-5,0.6921154655627417,-0.15982144618835084
IndSumNormal,16,Sob-NUS,10,1.59374747929423E-5,4.701776664749916E-5,0.0012936796262001565,3.037655368292991,9.402866977269658E-6,1.3199814506794253E-5,0.712348417656156,-0.14730753606218555
IndSumNormal,16,Lat-RS,12,3.141599041794964E-5,1.2896696371201886E-5,0.022153083762852976,2.989726863528646,2.580068304766894E-6,3.6407575265439445E-6,0.7086624928895144,-0.14956055236924784
IndSumNormal,16,Lat-RSB,12,7.075170105450453E-6,1.1417667320793057E-5,0.026826680260358202,2.9647885000664704,2.2833551688442166E-6,3.3482613376852632E-6,0.6819524937150686,-0.16624587818224507
IndSumNormal,16,Sob-RDS,12,-2.4077173644555207E-5,1.130865883178648E-5,0.02080041382056243,2.906871830901632,2.2620853034713705E-6,3.3986662751469406E-6,0.665580295427379,-0.17679954385950564
IndSumNormal,16,Sob-RDSB,12,-3.508791583205455E-5,1.1156271092712146E-5,0.01721190464023931,3.027654831552861,2.2322622549580123E-6,3.2074056423647683E-6,0.6959712938935287,-0.15740867297670727
IndSumNormal,16,Sob-NUS,12,2.9511693542948788E-5,1.134034908465211E-5,0.018566888432661414,2.963762040523587,2.268713950004502E-6,3.2259886883063673E-6,0.7032615948804113,-0.1528830987630898
IndSumNormal,16,Lat-RS,14,2.674069744920246E-5,3.1387153141485755E-6,0.013423001123121656,2.948454210345878,6.283953534235019E-7,9.285249198101343E-7,0.676767354345209,-0.16956059880130356
IndSumNormal,16,Lat-RSB,14,-1.0563990050799734E-5,2.5680426441498926E-6,0.03972328394783127,2.9562319242304307,5.13668765862889E-7,7.436442309089622E-7,0.6907453114172992,-0.16068205426886042
IndSumNormal,16,Sob-RDS,14,-1.3682886535169855E-5,2.4855820446646007E-6,0.0010053102236624563,2.942952951892822,4.972539186759612E-7,7.03352031554639E-7,0.7069772978075668,-0.15059453188230915
IndSumNormal,16,Sob-RDSB,14,-1.9084497863303053E-5,2.431898771917751E-6,0.04625728214903928,2.951194809160184,4.866953344668063E-7,6.913238443883521E-7,0.7040048429074646,-0.15242435329999857
IndSumNormal,16,Sob-NUS,14,1.4710668152325268E-5,2.593474486323581E-6,0.007302527213157631,2.974979680395494,5.188594315324774E-7,7.512778205767595E-7,0.6906358970296057,-0.16075085217145954
IndSumNormal,16,Lat-RS,16,-1.1221643859393462E-5,1.1564306032546103E-6,0.006063909307200157,2.6628144130784075,2.3138891732976403E-7,3.591109966043111E-7,0.6443381559399071,-0.19088615016304109
IndSumNormal,16,Lat-RSB,16,-3.6456550898549113E-6,5.645540931487236E-7,0.05258361142804009,2.9860955682935075,1.1291281834891594E-7,1.613096153697968E-7,0.6999757459595148,-0.15491700795493552
IndSumNormal,16,Sob-RDS,16,8.43320233200963E-6,5.845051276219897E-7,0.02647768461976961,3.0418293720053415,1.1696045432341809E-7,1.6819717200842906E-7,0.6953770561466796,-0.15777964289244337
IndSumNormal,16,Sob-RDSB,16,7.908299988260383E-6,5.493287774532563E-7,0.003412847814650407,2.9847051227555204,1.0991731012380652E-7,1.599966296018504E-7,0.6869976598715508,-0.16304474228048355
IndSumNormal,16,Sob-NUS,16,2.766088074198888E-6,6.805422125977163E-7,0.0012607668186863103,2.9623202936135793,1.3610248291852553E-7,1.9441228033148686E-7,0.7000714290602479,-0.15485764617989553
IndSumNormal,32,Lat-RS,10,-1.4851565020705142E-4,5.630144579361203E-5,0.03888534862939001,3.0770212721806423,1.1281220028162955E-5,1.6385019452691343E-5,0.6885081864403856,-0.16209089156573697
IndSumNormal,32,Lat-RSB,10,2.0527318542945082E-5,5.125705594241077E-5,0.03275504415456757,3.0046525719929313,1.025080741816987E-5,1.4664954291556855E-5,0.6990002978782983,-0.15552263918010734
IndSumNormal,32,Sob-RDS,10,-1.375002520704693E-5,5.299372251945349E-5,0.054865259069141414,3.032779058549959,1.0597873692633503E-5,1.5109528925995688E-5,0.701403316049122,-0.1540321852203687
IndSumNormal,32,Sob-RDSB,10,-1.4628931457047363E-5,9.013209060163833E-5,0.06404826357654007,2.857895441674618,1.802482948415121E-5,2.7384987288915963E-5,0.6582011265510697,-0.18164137871971506
IndSumNormal,32,Sob-NUS,10,6.896481854294732E-5,5.937032362904265E-5,0.0034132193653572023,3.0874277670625143,1.187763346553261E-5,1.6729190875950444E-5,0.7099944972597367,-0.14874501722316788
IndSumNormal,32,Lat-RS,12,-2.837404864455704E-5,1.2654583238222481E-5,0.03330257757796693,3.0235794426684426,2.5314686426162154E-6,3.5185061323739E-6,0.7194725680094977,-0.1429857601557562
IndSumNormal,32,Lat-RSB,12,-1.3164087707051538E-5,1.2158846566648247E-5,0.01974125224171592,2.9642471695029164,2.4316994296034753E-6,3.517131398860715E-6,0.6913871430538996,-0.16027870080266915
IndSumNormal,32,Sob-RDS,12,3.603024823045315E-5,1.1444133509396387E-5,0.01867264141223125,2.9163089668318984,2.2898959979966377E-6,3.3542831614546695E-6,0.6826782021001371,-0.16578396394012257
IndSumNormal,32,Sob-RDSB,12,-4.4902368957054895E-5,1.3011491636071573E-5,0.0036325494110013685,3.0866838264190357,2.6040543201195486E-6,3.8078022838121594E-6,0.6838733017178913,-0.16502435070903007
IndSumNormal,32,Sob-NUS,12,2.011227948044012E-5,1.584557103912818E-5,0.0019571936360315138,2.95099888745159,3.1692018001907525E-6,4.663291542100413E-6,0.6796061905156585,-0.1677426738074861
IndSumNormal,32,Lat-RS,14,-8.830591613297418E-6,3.0351195647211115E-6,0.04575741152792927,2.931293429292469,6.070411899011687E-7,8.847854652417916E-7,0.686088564684184,-0.1636198191751852
IndSumNormal,32,Lat-RSB,14,8.190665898228519E-7,3.0757044911524565E-6,0.02080480569810909,2.9665582522220073,6.150800550107468E-7,9.036134325469771E-7,0.6806893665547298,-0.16705103370960003
IndSumNormal,32,Sob-RDS,14,2.6623283085747628E-6,2.817528921276622E-6,0.00469538406442689,2.9838220649474327,5.634565216689214E-7,8.213064918238878E-7,0.6860490295378586,-0.1636448456681075
IndSumNormal,32,Sob-RDSB,14,2.39330802616994E-5,3.09792861099517E-6,0.024118765719392744,2.9640193508544375,6.200965559576271E-7,9.316541954213609E-7,0.6655866082126909,-0.17679542475495316
IndSumNormal,32,Sob-NUS,14,2.9658177917950825E-5,2.9009183867834416E-6,0.015333860863263741,2.983832251049383,5.810052665063655E-7,8.134094796159753E-7,0.7142838644819681,-0.14612916038307774
IndSumNormal,32,Lat-RS,16,5.181554382790754E-6,6.978028272144039E-7,0.002222614366740121,3.0643721510638593,1.3957345789215833E-7,1.9816764631900435E-7,0.7043201071656124,-0.15222991304679576
IndSumNormal,32,Lat-RSB,16,2.4227653202917557E-6,7.132196135915666E-7,0.004499449656512111,2.9452871911008125,1.4263552811783868E-7,2.1305719015705534E-7,0.6694706149681912,-0.17426848069414777
IndSumNormal,32,Sob-RDS,16,-5.800196105490025E-6,6.768808508645238E-7,0.02644117871655295,2.924959179893068,1.353962748307496E-7,2.000312356763651E-7,0.6768756608083459,-0.16949110204496726
IndSumNormal,32,Sob-RDSB,16,-5.398889953148315E-6,7.552166910583538E-7,6.317709058708032E-4,2.984595180414973,1.510573818905758E-7,2.191683114240362E-7,0.6892300301493737,-0.1616358083510587
IndSumNormal,32,Sob-NUS,16,-1.9106524611096454E-7,6.798578019865168E-7,0.03375474245248421,3.003310810927064,1.359579997471919E-7,1.9812894829137664E-7,0.6862096675910602,-0.16354316772567035
