model,s,method,k,mean,variance,abs-skewness,kurtosis,MSEAr,MSEMr,MSEratio,log-ratio
SmoothPerB4,2,Lat-RvRS,10,-1.2303199973063425E-4,6.132845216954487E-5,9.190940330708335,478.0008608400586,9.885070209629236E-7,2.0212720635580624E-20,4.8905193852174766E13,13.689354984717827
SmoothPerB4,2,Lat-RvRSB,10,1.2925502507030395E-4,2.2632860867310292E-4,1.267252055227224,149.87646073843447,3.608865207731887E-6,2.7649514871369474E-18,1.3052182739990115E12,12.115683145594978
SmoothPerB4,2,Lat-RpvRS,10,6.803600383831982E-5,1.0760539089485335E-4,3.020029521182755,335.3718188383223,1.7124801733066034E-6,2.805693721815045E-19,6.103589140865933E12,12.785585291680079
SmoothPerB4,2,Lat-RpvRSB,10,2.420168720958125E-4,7.83467285501338E-5,10.852161837504944,443.8584918619452,1.302046672367593E-6,2.9972829362262756E-19,4.344089964382651E12,12.637898810740637
SmoothPerB4,2,Sob-LMS-RDS,10,-1.2292965214421097E-7,2.348250544469408E-8,0.2502189465138272,29.240289587590624,3.7271601954302095E-10,5.3294712915856186E-12,69.93489581817991,1.8446939322498852
SmoothPerB4,2,Lat-RvRS,12,-1.051246387794445E-5,1.5252659040550066E-5,11.081278365194947,2709.494195027999,2.421920003832297E-7,1.4230871149428576E-24,1.7018775438280506E17,17.230928307832574
SmoothPerB4,2,Lat-RvRSB,12,-5.025084833319497E-5,4.086206460307731E-5,5.122356309428647,880.1846763755333,6.510644873870472E-7,2.7406340877580155E-22,2.375598005933191E15,15.375772952060206
SmoothPerB4,2,Lat-RpvRS,12,-3.9604083117832504E-5,1.6352778885028155E-5,8.797388060668853,2037.7699304978466,2.6111044541769393E-7,1.4830710295998146E-23,1.7606064726930228E16,16.245662294163278
SmoothPerB4,2,Lat-RpvRSB,12,-1.216467783665453E-5,4.318983172726744E-6,72.60850548552085,7281.490853280275,6.869641231400405E-8,1.3594572180441306E-23,5.053223551443458E15,15.703568511578968
SmoothPerB4,2,Sob-LMS-RDS,12,1.3290997322671054E-7,5.570653908696727E-10,1.3104886236233855,80.309687799516,8.859088621786073E-12,1.1159181535846167E-14,793.8833679986652,2.899756703491098
SmoothPerB4,2,Lat-RvRS,14,-2.0784735345716518E-5,4.512559578405762E-6,99.93564670039875,9991.44925657699,7.205277224637434E-8,5.710945964017373E-29,1.2616608999691657E21,21.100942644082906
SmoothPerB4,2,Lat-RvRSB,14,4.122792961055868E-5,8.62769498737771E-6,70.6662583558337,4996.814942158636,1.3863358690821083E-7,1.0318031060132108E-26,1.3436050550756514E19,19.12827162912864
SmoothPerB4,2,Lat-RpvRS,14,-7.693253786459224E-6,7.921706858203505E-6,5.071430837235342,4188.031102193365,1.2578799071759565E-7,7.082852659580152E-28,1.775950972910002E20,20.249430972428762
SmoothPerB4,2,Lat-RpvRSB,14,3.8693378647598954E-7,3.1692319679306424E-8,20.34253615181002,4476.149020137138,5.031521058081086E-10,7.099653440236229E-28,7.08699530256743E17,17.850462144900686
SmoothPerB4,2,Sob-LMS-RDS,14,2.8441973762755623E-8,7.492877600389675E-12,4.0243505819022936,264.6391805126996,1.1973161750056313E-13,6.61791554777333E-18,18092.043731329897,4.25748762883357
SmoothPerB4,2,Lat-RvRS,16,1.867496569425122E-5,3.5754357232557538E-6,99.94629340509691,9992.865770705952,5.709602703706921E-8,5.0184836861452986E-33,1.137714708422709E25,25.05603337269964
SmoothPerB4,2,Lat-RvRSB,16,4.76312420495097E-7,1.198399270515353E-9,44.69199783168086,3832.280596673016,1.924718194395443E-11,3.958948693936655E-31,4.861690168764383E19,19.6867872781841
SmoothPerB4,2,Lat-RpvRS,16,3.2468913116906534E-7,7.163936958487487E-10,96.75013699251028,9539.617357489784,1.1475614404584463E-11,5.951147376811695E-31,1.9283028427927257E19,19.28517524150939
SmoothPerB4,2,Lat-RpvRSB,16,-6.67818021346861E-8,1.923305982872783E-11,63.764383676419506,4456.337025198931,3.0971594437802234E-13,1.7316193338268693E-30,1.7885913972417472E17,17.2525111375538
SmoothPerB4,2,Sob-LMS-RDS,16,5.060500003917002E-9,1.8243752928097634E-13,10.356460926209998,770.2365542616266,2.9211528750205684E-15,1.8576577593151135E-21,1572492.4897347868,6.196588579920468
SmoothPerB4,4,Lat-RvRS,10,1.6021839555093196E-4,1.9287732350378354E-4,0.23610682923530255,124.63463503818295,3.0869085973115364E-6,5.405422881310457E-13,5710762.441889035,6.756694094620638
SmoothPerB4,4,Lat-RvRSB,10,3.4214086824868416E-4,3.321579729433559E-4,1.8277448050089606,73.42066176283821,5.3888819157269405E-6,1.7103481051149793E-11,315075.15339192713,5.4984141563626885
SmoothPerB4,4,Lat-RpvRS,10,-1.2933301831748634E-4,1.360013375962474E-4,2.0735533329698312,161.35850231252834,2.1752625449046954E-6,2.4961180266231886E-12,871458.2089883968,5.94024656523728
SmoothPerB4,4,Lat-RpvRSB,10,-3.613977055263044E-5,1.2290334749368536E-4,0.42852536924227574,165.99256163688779,1.9519577839510884E-6,2.1489596518983104E-12,908326.8651539371,5.958242159300755
SmoothPerB4,4,Sob-LMS-RDS,10,8.1021682240727E-6,3.556938404847185E-7,0.16498204329080893,8.50334673559565,5.711014512481492E-9,2.08997020883705E-9,2.7325817795552925,0.43657316819836645
SmoothPerB4,4,Lat-RvRS,12,2.820149442181802E-5,3.092491671727945E-5,7.136606623101517,593.7793182107807,4.916179310433019E-7,3.471878605636374E-16,1.4159997709746864E9,9.151063183110503
SmoothPerB4,4,Lat-RvRSB,12,1.7746992677919362E-4,6.442520370880802E-5,6.729592063632625,326.85693888122637,1.0540155937750941E-6,1.324057955507687E-14,7.9604943982301E7,7.900940041073785
SmoothPerB4,4,Lat-RpvRS,12,-1.7946917406282683E-5,2.5736894212081645E-5,9.047577057831177,753.7098241212594,4.088033699818552E-7,1.6668692213495992E-15,2.452522157982274E8,8.389612939822001
SmoothPerB4,4,Lat-RpvRSB,12,4.001540081747511E-5,2.5015707172562947E-5,4.170359474996802,663.650047418709,3.9863624185568936E-7,1.630993483376445E-15,2.444131420013045E8,8.388124554046785
SmoothPerB4,4,Sob-LMS-RDS,12,-9.60667354909874E-7,8.891331431306015E-9,0.2999817063746564,11.756145843603672,1.4204101348366072E-10,3.467516052885541E-11,4.096333263272403,0.6123952820772776
SmoothPerB4,4,Lat-RvRS,14,-1.992596401496271E-6,5.058277146792564E-6,26.601752631865114,2638.147131813979,8.028605487022695E-8,1.3617948089674079E-19,5.895605882879265E11,11.77052844353965
SmoothPerB4,4,Lat-RvRSB,14,1.8637954646862796E-5,2.4494945165798627E-5,18.187333448178055,1229.3204485251795,3.8911714591345097E-7,6.662495388389638E-18,5.840411485935794E10,10.766443446389076
SmoothPerB4,4,Lat-RpvRS,14,-9.774051724473752E-6,2.2503280332225022E-6,34.14694344553465,2612.248955457911,3.5811452728686974E-8,7.748385725448068E-19,4.621795300028909E10,10.664810706604674
SmoothPerB4,4,Lat-RpvRSB,14,-3.3103096170747104E-5,1.4830690386953998E-5,12.473613779124566,1941.471187108942,2.3648005811760246E-7,7.483683201837675E-19,3.159942126619323E11,11.499679128719658
SmoothPerB4,4,Sob-LMS-RDS,14,1.3438250861033275E-7,2.2983238869414139E-10,0.29679315860675065,20.905109621170027,3.665826999180279E-12,4.699304250118388E-13,7.800786678342708,0.892138401771976
SmoothPerB4,4,Lat-RvRS,16,-8.048713222883678E-6,1.1693520359476966E-6,52.93256663582958,5508.076970559984,1.862406909794267E-8,4.233614798526185E-23,4.399093914832809E14,14.643363233688225
SmoothPerB4,4,Lat-RvRSB,16,3.633302019086152E-6,8.966973500076983E-7,10.58503856153289,3878.3202998141305,1.4245068824398364E-8,2.7323760251803436E-21,5.213436471818755E12,12.717124085826166
SmoothPerB4,4,Lat-RpvRS,16,-6.7563613131802765E-6,1.5858684690673846E-7,47.59696816884955,2660.3544157040287,2.562648231242617E-9,2.507219506020043E-22,1.022107647571138E13,13.009496637759725
SmoothPerB4,4,Lat-RpvRSB,16,1.0046056440309202E-5,2.1619778236800776E-6,89.48597371604713,8793.125909407363,3.441459985155282E-8,2.6312491481228514E-22,1.3079187075881583E14,14.116580751677063
SmoothPerB4,4,Sob-LMS-RDS,16,-2.1556468669471196E-8,5.666487752929741E-12,0.3031502897662357,41.37054879061341,9.039993696299706E-14,3.799713298108109E-15,23.791252094732386,1.3764172988478494
SmoothPerB4,8,Lat-RvRS,10,-1.756746224523743E-4,2.4277514111422226E-4,1.615768259606732,79.95369980950929,3.8840498840866545E-6,5.752268496359928E-9,675.2205476056108,2.829445649814212
SmoothPerB4,8,Lat-RvRSB,10,3.0027796298815426E-5,3.964252596694643E-4,0.45582919836918573,43.50921230387428,6.292736861304489E-6,3.674228997669652E-8,171.26686619956467,2.233673351181779
SmoothPerB4,8,Lat-RpvRS,10,-1.4376283704136829E-5,1.722849201868337E-4,0.37230791532072227,106.75752481347564,2.7346144822127453E-6,8.941517812450297E-9,305.83336515921593,2.4854848633983755
SmoothPerB4,8,Lat-RpvRSB,10,3.788319129482024E-5,1.633939981068955E-4,0.25917980419765574,104.7745348066336,2.5947313061364076E-6,8.875578928501897E-9,292.34502076298594,2.4658957013079883
SmoothPerB4,8,Sob-LMS-RDS,10,-1.77319067637655E-6,1.6873394756995877E-6,0.06043347952380578,4.090131286699698,2.6783632169492532E-8,2.4787719974333628E-8,1.080520201019923,0.03363289070974664
SmoothPerB4,8,Lat-RvRS,12,-8.396367671950932E-5,8.681599714077487E-5,0.2602385620940265,307.9006470297867,1.3849437964854137E-6,2.651430287301869E-11,52233.83783153322,4.717951936383125
SmoothPerB4,8,Lat-RvRSB,12,2.8256596202083042E-5,1.1474241993342109E-4,1.6181190020258023,169.41327109715348,1.8219245573150824E-6,3.616944531112565E-10,5037.192419300558,3.70218854109879
SmoothPerB4,8,Lat-RpvRS,12,5.3476579822952985E-5,3.311977272753635E-5,1.5974422694645036,360.2711419045965,5.285178517366017E-7,1.0454504701678712E-10,5055.407853532612,3.7037561987783305
SmoothPerB4,8,Lat-RpvRSB,12,-2.1520448627579812E-5,4.572092183413386E-5,5.546069764272962,375.01161879546197,7.261194748194569E-7,9.631114464921233E-11,7539.308949801744,3.877331540426563
SmoothPerB4,8,Sob-LMS-RDS,12,1.1911847475905778E-7,5.018277639255049E-8,0.06726547622199455,4.706647695295023,7.96486540241366E-10,8.241310954699403E-10,0.9664561192017508,-0.014817859815634249
SmoothPerB4,8,Lat-RvRS,14,1.6738475314460823E-5,1.867722757909546E-5,20.266258023929105,1650.6763636274818,2.9671445998978224E-7,2.3554297159818775E-13,1259704.1549426778,6.1002685618143
SmoothPerB4,8,Lat-RvRSB,14,-4.724858730333085E-5,4.611022417822618E-5,4.453340096749156,486.1615148485712,7.34067558459436E-7,2.758076635251341E-12,266151.9803609594,5.425129701982143
SmoothPerB4,8,Lat-RpvRS,14,-1.0098256385498747E-5,8.807656444265972E-6,5.608359659798394,933.1267612978655,1.3989206491887718E-7,6.268306017473247E-13,223173.63659164115,5.34864289026998
SmoothPerB4,8,Lat-RpvRSB,14,-2.1652728215966913E-6,9.095029091940235E-6,0.7191649599046265,1408.8706297560516,1.4435579299418625E-7,5.944188387433964E-13,242851.98177661214,5.385341651853261
SmoothPerB4,8,Sob-LMS-RDS,14,-9.231229476393431E-7,2.226779379875355E-9,0.13980898620623297,8.20058709176714,3.619432584848005E-11,2.583094408051994E-11,1.4012002711033513,0.14650021267268742
SmoothPerB4,8,Lat-RvRS,16,2.8071388649205395E-6,1.5523011615747148E-6,22.49047428220869,2528.2074170826295,2.4645117035885637E-8,8.22506868574905E-16,2.996341790869948E7,7.476591351558254
SmoothPerB4,8,Lat-RvRSB,16,-3.196602366860598E-5,4.02099123060788E-6,19.167343597369403,1132.1402960609087,6.484070177211551E-8,1.0678242301202197E-14,6072226.115792062,6.783347935320289
SmoothPerB4,8,Lat-RpvRS,16,-3.155731909714913E-5,3.833452740880982E-6,62.783286538378576,4692.232202997655,6.183823574743887E-8,2.7765802983134227E-15,2.2271365890264817E7,7.3477468528855985
SmoothPerB4,8,Lat-RpvRSB,16,1.5099038261970634E-5,1.1983838063728852E-6,15.514468232659253,961.7359364783689,1.924804394044039E-8,3.08404237781596E-15,6241173.622935546,6.795266264368098
SmoothPerB4,8,Sob-LMS-RDS,16,-8.142260667499858E-8,1.0438208700286123E-10,0.028365611932359217,10.598700929721486,1.6633224788803063E-12,8.035704255382538E-13,2.069915001869521,0.31595251213472264
SmoothPerB4,16,Lat-RvRS,10,1.5096638362899106E-4,2.5304988230509594E-4,0.1289603382354629,65.81200516083389,4.039053980999753E-6,5.34325937867286E-8,75.5915761290061,1.8784734007323132
SmoothPerB4,16,Lat-RvRSB,10,-5.1788864418479E-7,4.956535672056235E-4,0.0030322056695839417,32.40218702138319,7.866730456286472E-6,2.6492407150612465E-7,29.694283390569908,1.472672848950422
SmoothPerB4,16,Lat-RpvRS,10,1.4067124661680836E-4,1.7507099100809553E-4,0.8982724759968409,76.79225616150684,2.798415128338929E-6,1.4521852533127466E-7,19.270372853292255,1.2848901176944172
SmoothPerB4,16,Lat-RpvRSB,10,-3.54524903789037E-5,1.9686107757512392E-4,0.7214863849283571,69.1012821609686,3.125723410302104E-6,1.4458631048484535E-7,21.618391117530614,1.3348233697848118
SmoothPerB4,16,Sob-LMS-RDS,10,1.7335177683397458E-5,3.045565399586268E-6,0.04578193591321004,3.2822407705728613,4.8637982084462733E-8,6.890155777651863E-8,0.7059054055384268,-0.15125349243988506
SmoothPerB4,16,Lat-RvRS,12,1.1769019094617245E-4,5.707008699774445E-5,2.1642418977142026,248.6520257184208,9.196347903948621E-7,3.2996568601976625E-9,278.7061895702005,2.44514661373065
SmoothPerB4,16,Lat-RvRSB,12,-1.2438822205346057E-4,1.0568018079831431E-4,1.5632055146653374,100.23177306842778,1.692767870741724E-6,1.3878372118247885E-8,121.97164453574489,2.0862588794208703
SmoothPerB4,16,Lat-RpvRS,12,1.1093604975605077E-5,6.429589916310314E-5,1.515620122061238,283.9414577224881,1.0205908390743203E-6,5.805721383341666E-9,175.79053001108488,2.24499547554602
SmoothPerB4,16,Lat-RpvRSB,12,3.048855753764934E-6,5.350630046514491E-5,4.8959748017311595,296.78834710188187,8.492307214753501E-7,5.47329172093896E-9,155.1590459223069,2.1907771004462493
SmoothPerB4,16,Sob-LMS-RDS,12,-3.6216078109962894E-6,1.7748298471957672E-7,0.0019205737306383927,3.516131200801479,2.8300245577573803E-9,3.739887332812489E-9,0.7567138541655293,-0.12106831475377319
SmoothPerB4,16,Lat-RvRS,14,1.0643317645228149E-5,1.3062824145550901E-5,12.444109805886175,1317.9544486236337,2.0743896057774081E-7,8.782594290096912E-11,2361.932633181577,3.3732675065481423
SmoothPerB4,16,Lat-RvRSB,14,2.4781166765639504E-5,2.842303754869863E-5,15.41420818893778,662.3528611977912,4.517283164634689E-7,6.068004703461164E-10,744.4429240567414,2.8718314062958332
SmoothPerB4,16,Lat-RpvRS,14,7.49239228484125E-5,1.7035258423783056E-5,24.296444553364005,1048.896947191668,2.759874814838945E-7,1.7427617494440926E-10,1583.621407641803,3.1996513639805615
SmoothPerB4,16,Lat-RpvRSB,14,-2.9697313256788626E-5,8.181231784777576E-6,6.073695716178898,617.7041157328591,1.307297663130702E-7,1.795860566243614E-10,727.9505367530651,2.8621018705973675
SmoothPerB4,16,Sob-LMS-RDS,14,-1.784701910775655E-7,1.4741103729654924E-8,0.12522500882032275,6.858584399685256,2.3399422651834067E-10,1.7385619897336733E-10,1.3459067200369759,0.12901496153950623
SmoothPerB4,16,Lat-RvRS,16,-2.177984204613712E-6,1.4931178274306255E-6,1.1802796763805987,851.7618512975754,2.3702656561987332E-8,1.424980482170226E-12,16633.671028173318,4.220988107988908
SmoothPerB4,16,Lat-RvRSB,16,1.4241592000269708E-5,8.927827384413492E-6,3.000933856056997,2876.4931546695816,1.4190019757246488E-7,1.0074223462240689E-11,14085.472503595201,4.148771420172497
SmoothPerB4,16,Lat-RpvRS,16,2.2124260978698264E-5,6.516518947265398E-6,47.8453501544443,3912.302097655059,1.0391594792973723E-7,4.282744584294376E-12,24263.86768681383,4.3849600290598065
SmoothPerB4,16,Lat-RpvRSB,16,-7.882814356362668E-6,2.5393151675050257E-6,50.95152277669737,4181.365013356447,4.0364698063578075E-8,3.67989546453233E-12,10968.979541028331,4.040166226452143
SmoothPerB4,16,Sob-LMS-RDS,16,-1.718695346830039E-7,6.48696920873697E-10,0.05878691770240565,4.5792283719324365,1.0325285981104687E-11,1.1407782461891103E-11,0.9051089478255209,-0.043299141688002536
SmoothPerB4,32,Lat-RvRS,10,8.618834235396421E-5,2.815007276779544E-4,0.16171603674880514,56.37888483853269,4.475247122503544E-6,2.0887278073956963E-7,21.425707584577278,1.3309351734191817
SmoothPerB4,32,Lat-RvRSB,10,-2.3667754113329626E-4,5.137062120541799E-4,0.011981017962375419,28.97486367871397,8.209267709793958E-6,9.081104581072015E-7,9.039944024986509,0.956165741347626
SmoothPerB4,32,Lat-RpvRS,10,1.4335611133457676E-4,2.2073408431745776E-4,1.4913300210496299,72.13648128066984,3.523916227181194E-6,3.5151500478818205E-7,10.024938279106053,1.0010817074641725
SmoothPerB4,32,Lat-RpvRSB,10,-7.105502611753251E-5,2.3686269039769353E-4,0.6746816631035245,71.16139181317983,3.7643980886199563E-6,3.973481481430248E-7,9.473803026923804,0.9765243509208211
SmoothPerB4,32,Sob-LMS-RDS,10,-2.306318068517959E-5,6.219040794131114E-6,0.10163107988458212,3.2781422337701676,9.923697205016965E-8,1.392777188842511E-7,0.7125114687773001,-0.1472081407417553
SmoothPerB4,32,Lat-RvRS,12,-1.3814205901443638E-5,5.437774388598069E-5,1.3110758981829425,176.15813398588048,8.632433102464667E-7,1.2204541015068777E-8,70.73132116813179,1.8496117702084274
SmoothPerB4,32,Lat-RvRSB,12,-1.5484874478275353E-4,1.0904039564095733E-4,1.1455511604833326,91.74797465304067,1.7546049845765598E-6,4.5689300926068264E-8,38.40297288452188,1.584364845653149
SmoothPerB4,32,Lat-RpvRS,12,-2.0873777642601952E-4,7.334085823138835E-5,1.8263130721887397,302.7396602487354,1.2075956520940283E-6,2.7940457231647537E-8,43.220325354096616,1.6356880318428493
SmoothPerB4,32,Lat-RpvRSB,12,-4.0963594953038794E-5,3.846523037852385E-5,0.4332139119679531,135.38180506023707,6.121761725477623E-7,2.5499556264774344E-8,24.0073264880078,1.3803437987011735
SmoothPerB4,32,Sob-LMS-RDS,12,3.4448413853138805E-6,3.6893656722601624E-7,0.06941975587731877,3.171404137743018,5.867417306285744E-9,8.911409672811916E-9,0.6584162912167333,-0.1814994318996759
SmoothPerB4,32,Lat-RvRS,14,4.2400643599844935E-5,1.4432566040995775E-5,4.2107204803248015,397.0371347625048,2.3086325559977116E-7,8.631458234588663E-10,267.46726836334284,2.4272706422864143
SmoothPerB4,32,Lat-RvRSB,14,-5.016707394598502E-5,3.136098126178307E-5,5.509431956110257,341.72711371476214,5.002603093346017E-7,2.969472913654838E-9,168.46771258097772,2.226516679144826
SmoothPerB4,32,Lat-RpvRS,14,1.4468366748683681E-5,1.1560340872350367E-5,4.9625229539927975,736.8351814030534,1.836884580532495E-7,1.5238197810301179E-9,120.54473917451985,2.0811482616041306
SmoothPerB4,32,Lat-RpvRSB,14,1.6401905013525348E-5,1.219157711927016E-5,5.665428410413226,756.6958967136655,1.9376676790963196E-7,1.499574084396396E-9,129.2145349308476,2.111311368807792
SmoothPerB4,32,Sob-LMS-RDS,14,-4.6272047713422713E-7,2.7565569882817626E-8,0.02126298325798371,4.0552143473861335,4.377190836658219E-10,5.166829348432359E-10,0.8471715517343881,-0.07202863638996426
SmoothPerB4,32,Lat-RvRS,16,1.4280135099684102E-5,3.564293049397087E-6,32.2160281548588,2169.749649436155,5.6774344799610424E-8,4.238494411326847E-11,1339.4932089066363,3.126940516121271
SmoothPerB4,32,Lat-RvRSB,16,2.2521124356811446E-5,7.863941236932344E-6,14.70736104699569,778.6903627935727,1.2531918267417828E-7,1.8798584493845915E-10,666.6415905687153,2.823892405020634
SmoothPerB4,32,Lat-RpvRS,16,-4.839510153926924E-5,3.5471911691149895E-6,22.302116785226076,1295.541445286958,5.864107712280694E-8,6.458946739803783E-11,907.9046396438997,2.958040235468967
SmoothPerB4,32,Lat-RpvRSB,16,-1.0326895075312138E-5,1.6293929341486664E-6,17.37281375880656,1281.673639935473,2.596743833102748E-8,7.053261126004168E-11,368.16215743509025,2.5660391463034076
SmoothPerB4,32,Sob-LMS-RDS,16,4.77414843143325E-7,1.8414654157094896E-9,0.02956459706526976,3.56375776198437,2.945461174464275E-11,3.7406633102143265E-11,0.7874168109226358,-0.10379531749473407
SumUeU,2,Lat-RvRS,10,7.87748124962279E-6,1.1993220475834273E-6,0.004206993700949874,2.4206599430288143,1.9097008923197983E-8,3.1356285402515716E-8,0.6090328837760173,-0.21535925768417744
SumUeU,2,Lat-RvRSB,10,-4.305459340138005E-9,7.871785095945283E-13,0.45410300629245876,2.5701645419852714,1.251218446812274E-14,3.366699214119666E-14,0.37164545070280236,-0.42987117900999416
SumUeU,2,Lat-RpvRS,10,-1.5744948743058606E-5,2.30591855555627E-6,0.002141978031124855,2.8061073711575975,3.684612505696463E-8,5.280402437379738E-8,0.6977900925909079,-0.1562752010725514
SumUeU,2,Lat-RpvRSB,10,5.098704362840132E-9,7.359939990305524E-12,0.389474381887982,3.994358894418674,1.1683875863231447E-13,1.6318928039047346E-13,0.7159707938704483,-0.14510469322231884
SumUeU,2,Sob-LMS-RDS,10,-5.526639587406635E-7,1.3311970961313787E-9,3.20848018122845,218.7135075104965,2.143343707703321E-11,2.8577012603961456E-18,7500237.122078333,6.875074993949334
SumUeU,2,Lat-RvRS,12,-8.728821960098983E-7,7.249747510030679E-8,0.0025939662200121613,2.3918376582690986,1.1514004209915517E-9,1.887894277775417E-9,0.6098860696523186,-0.21475128620652387
SumUeU,2,Lat-RvRSB,12,-2.5632071020128743E-10,3.1371550163367836E-15,0.46299612934630446,2.598302629532666,4.9856832065766185E-17,1.154610932485848E-16,0.4318063398068273,-0.3647109856170984
SumUeU,2,Lat-RpvRS,12,4.2984463558172436E-6,1.4688660364243897E-7,0.0034758348383324583,2.845731651085196,2.3497768788845485E-9,3.3216922713727206E-9,0.7074035422051547,-0.1503327698586988
SumUeU,2,Lat-RpvRSB,12,-7.626241497573031E-10,2.974057234297672E-14,0.3458371456163235,4.027668364902424,4.726069652087521E-16,6.378839935516456E-16,0.740897984565101,-0.1302415866097421
SumUeU,2,Sob-LMS-RDS,12,3.353321556699789E-8,1.307668263788187E-11,11.153205629841155,1419.2100174158056,2.08670110984645E-13,1.1437048965446118E-23,1.824510077862603E10,10.261146266575992
SumUeU,2,Lat-RvRS,14,-7.028619785835803E-8,4.54065072088721E-9,0.028509965357416553,2.433370483991795,7.20715537339764E-11,1.1731538216109138E-10,0.6143401863108752,-0.21159107490959927
SumUeU,2,Lat-RvRSB,14,1.6088022910878784E-11,1.2079340731713645E-17,0.4208736557871532,2.5495536213106518,1.9197521809452179E-19,4.735560726772075E-19,0.4053906795222936,-0.3921262405432785
SumUeU,2,Lat-RpvRS,14,-6.179737638328788E-7,9.486275212915279E-9,0.003608299423818488,2.774780873481096,1.5094263102348397E-10,2.189030012562469E-10,0.6895411673538052,-0.161439800233776
SumUeU,2,Lat-RpvRSB,14,-1.0348259066027196E-12,1.1822063392300995E-16,0.3739374293937798,3.8855315896706366,1.876331417842715E-18,2.650531407527387E-18,0.707907634112171,-0.1500234041919678
SumUeU,2,Sob-LMS-RDS,14,-1.7197994984107954E-9,1.0835301319489628E-12,6.15105100137481,1325.6811907617512,1.720012880453327E-14,1.0541069366511672E-29,1.631725226965778E15,15.212647027910847
SumUeU,2,Lat-RvRS,16,1.0256788058539194E-7,2.84513480739702E-10,0.00853594619912804,2.3995674989920293,4.526155557296478E-12,7.443166365234771E-12,0.6080954442234497,-0.21602825025617947
SumUeU,2,Lat-RvRSB,16,2.7705069013734558E-12,4.7674131555129404E-20,0.4612135751414932,2.593300213884778,7.643322821726832E-22,1.8533528588555283E-21,0.4124051599352048,-0.3846759095442744
SumUeU,2,Lat-RpvRS,16,7.627636444909996E-8,5.796123629348806E-10,0.0016671288590271542,2.8506634802984494,9.205094301211464E-12,1.3988932325791306E-11,0.6580269377842431,-0.18175632721949822
SumUeU,2,Lat-RpvRSB,16,3.616527017549781E-12,4.614334420580151E-19,0.42265448681596085,4.1431309900897055,7.336687183760879E-21,9.606406566165753E-21,0.7637285735543465,-0.11706096073321186
SumUeU,2,Sob-LMS-RDS,16,-1.2686884716441469E-9,1.1373376253758117E-14,92.66443709469216,8947.980997696119,1.8212129926558657E-16,3.398893073294767E-36,5.358253270646275E19,19.729023237723943
SumUeU,4,Lat-RvRS,10,3.090726824408189E-6,2.338930535094478E-6,0.007409199873393009,2.7178124472221525,3.7131721513588334E-8,6.50618261972226E-8,0.5707144063406789,-0.24358116457160586
SumUeU,4,Lat-RvRSB,10,2.338725835640578E-9,1.608820025542995E-12,0.32978313401342696,2.778304772399332,2.553974175822383E-14,5.031943367303393E-14,0.5075522495776918,-0.29451924300047705
SumUeU,4,Lat-RpvRS,10,-5.097811105216381E-6,4.505689126014046E-6,0.05023626236603187,3.086954719717025,7.153771080665883E-8,1.0652160849341837E-7,0.6715793332305803,-0.1729026770396753
SumUeU,4,Lat-RpvRSB,10,2.16670065633561E-8,1.4996987046859193E-11,0.40818435166789874,4.508066303147741,2.384930678742817E-13,2.853460548857441E-13,0.8358029269750272,-0.07789611229399952
SumUeU,4,Sob-LMS-RDS,10,-1.2884489576448575E-7,3.0913316447181276E-9,0.180625666693039,105.93469767642056,4.908045039690513E-11,1.7513675548594733E-16,280240.719663459,5.447531239587497
SumUeU,4,Lat-RvRS,12,-6.723815032115296E-7,1.4449477884247905E-7,0.04475214138035856,2.702679477623672,2.2937906582286356E-9,3.968551883509141E-9,0.5779918533408163,-0.2380782828148746
SumUeU,4,Lat-RvRSB,12,4.507522961769845E-10,6.328216234445496E-15,0.3261590117440972,2.830199010768895,1.006410095820652E-16,1.847270408091555E-16,0.5448092988510495,-0.2637554884571758
SumUeU,4,Lat-RpvRS,12,-4.934740127040894E-6,2.9408840699430836E-7,0.024289408683332955,3.154228799115047,4.6919548054168075E-9,6.858464594569437E-9,0.6841115443144401,-0.16487308083731825
SumUeU,4,Lat-RpvRSB,12,5.478308431450205E-9,5.906734335410347E-14,0.2893687999335577,4.609325000809331,9.674949842187977E-16,1.016963765655444E-15,0.9513563972411907,-0.021656757132523775
SumUeU,4,Sob-LMS-RDS,12,3.080801306644112E-8,4.9975909250468495E-11,0.779751744570319,367.5027400913905,7.941382076301092E-13,1.5345736736804678E-21,5.1749760943407553E8,8.713908347922215
SumUeU,4,Lat-RvRS,14,7.787365574644559E-7,9.203570653532857E-9,0.008721487799671107,2.6754392194443324,1.466802448555745E-10,2.471719843304437E-10,0.5934339413623754,-0.22662761790317051
SumUeU,4,Lat-RvRSB,14,-1.1927498986981801E-11,2.40464507200091E-17,0.33143347931078654,2.799620860331587,3.81793790231086E-19,7.83499219198423E-19,0.48729313428249355,-0.31220970756849586
SumUeU,4,Lat-RpvRS,14,-5.021935917507035E-7,1.8429514746984583E-8,0.060747554677104916,3.094119434798758,2.927549253164508E-10,4.48771029562417E-10,0.6523480929727287,-0.18552060286223004
SumUeU,4,Lat-RpvRSB,14,-1.3052083870597873E-10,2.3217817736919285E-16,0.2735436051968554,4.561028796432986,3.702035047296129E-18,4.270312332150066E-18,0.8669237187698133,-0.06201911472079193
SumUeU,4,Sob-LMS-RDS,14,1.733959007173978E-10,6.495091284332095E-13,0.06808138690175287,1612.7777239995223,1.0308667804556898E-14,4.533806936725702E-27,2.2737332992837534E12,12.356739522162558
SumUeU,4,Lat-RvRS,16,1.6491224651167233E-7,5.796923363495128E-10,0.016922734058124844,2.7219651248507986,9.227741558825366E-12,1.487302440147726E-11,0.6204347757211252,-0.20730386772413578
SumUeU,4,Lat-RvRSB,16,1.4684448150441718E-12,9.364528270187921E-20,0.3199001906983895,2.8657850504561337,1.4884407456289415E-21,2.628038272319134E-21,0.5663695088867389,-0.24690013540070613
SumUeU,4,Lat-RpvRS,16,2.9141326614157836E-7,1.1717340997188722E-9,0.057649578618972894,3.2271250065604455,1.8682015760078545E-11,2.793564978816979E-11,0.668751788547622,-0.17473504346742672
SumUeU,4,Lat-RpvRSB,16,-1.7828341693580403E-12,9.077915467955145E-19,0.25505444231117386,4.568599799153416,1.4411127190387098E-20,1.7340333426881715E-20,0.8310755529098628,-0.0803594927979297
SumUeU,4,Sob-LMS-RDS,16,-5.274396854065643E-10,5.496094864166047E-15,20.066730926584523,3393.8098367769235,8.75090696801486E-17,2.0412172613787115E-33,4.2871021784835304E16,16.632163834577284
SumUeU,8,Lat-RvRS,10,2.6535561790503666E-5,4.761617397101845E-6,0.0034131574430330846,2.893378917864327,7.627780644211122E-8,1.1766897592216901E-7,0.6482405905577391,-0.18826377845141434
SumUeU,8,Lat-RvRSB,10,8.068148987947566E-9,3.1798374489727706E-12,0.20607704354686884,2.876011297150594,5.05336579682167E-14,8.507982223503988E-14,0.5939558480577615,-0.2262458372705748
SumUeU,8,Lat-RpvRS,10,-1.8512204253045704E-6,9.457241420756717E-6,0.02586546227730778,3.3038315407792944,1.5010335870935897E-7,2.1775200578096135E-7,0.6893316925877103,-0.16157175400319995
SumUeU,8,Lat-RpvRSB,10,-8.761584037186856E-9,2.984503288052594E-11,0.2796341125105508,4.602509047918755,4.737600729300454E-13,4.9692728541077E-13,0.9533790694113845,-0.02073438685298754
SumUeU,8,Sob-LMS-RDS,10,-1.1709086879094336E-6,6.213628712923435E-9,0.8063953633361194,50.41666949389296,9.999019144196373E-11,6.4386979764232895E-15,15529.56697271713,4.19115934600664
SumUeU,8,Lat-RvRS,12,-3.97892916129773E-6,2.935672748216217E-7,0.009531417454772298,2.830799496897282,4.675163910510936E-9,7.77247232989397E-9,0.6015028052952507,-0.220762342852139
SumUeU,8,Lat-RvRSB,12,-1.5146340209054195E-10,1.2400010806137717E-14,0.19418342832275903,2.8777776027364235,1.9682882695673003E-16,3.4208735848432805E-16,0.5753759151721103,-0.24004832132433232
SumUeU,8,Lat-RpvRS,12,7.24410044582997E-6,5.949862316803065E-7,0.009666010613621814,3.2596338340903723,9.49575846836671E-9,1.3384401469786202E-8,0.7094645576645566,-0.1490692954780753
SumUeU,8,Lat-RpvRSB,12,-1.0960230136170953E-9,1.1553825359047724E-13,0.24364743254083968,4.92046575122182,1.8349584055752386E-15,2.081916011170627E-15,0.8813796501538368,-0.05483698097373104
SumUeU,8,Sob-LMS-RDS,12,-2.609406473542938E-8,7.91037040859888E-11,0.8111203780803814,229.09185448824405,1.2561696893506103E-12,1.7640781334275121E-19,7120827.958509626,6.852530493202392
SumUeU,8,Lat-RvRS,14,3.266084704029677E-7,1.851614128467108E-8,0.021176696043294554,2.875363666008761,2.939842869110757E-10,4.876827296265191E-10,0.6028187365507427,-0.21981325759473497
SumUeU,8,Lat-RvRSB,14,1.3826866005335047E-10,4.804206358595321E-17,0.2217099025469186,2.918747694959393,7.8161440298143495E-19,1.329319714448466E-18,0.5879807502183373,-0.23063689196944287
SumUeU,8,Lat-RpvRS,14,-1.1637388538848513E-6,3.65211173862477E-8,0.04965762285142853,3.340571888264853,5.809965940646297E-10,8.747935129387641E-10,0.6641528377512097,-0.17773196738807384
SumUeU,8,Lat-RpvRSB,14,5.096694384378456E-11,4.7698426887915E-16,0.18548782898583333,4.755607792259959,7.573019382575283E-18,7.883624238166126E-18,0.9606012607644152,-0.01745684769636
SumUeU,8,Sob-LMS-RDS,14,4.1625804596108255E-9,9.738421465274284E-13,6.882485479258972,1061.746022372211,1.547359314453949E-14,9.368162635585761E-25,1.6517212335492268E10,10.217936751854126
SumUeU,8,Lat-RvRS,16,-4.222248808254617E-7,1.1726894882759978E-9,0.022762009093421347,2.923809765587393,1.87905312996257E-11,3.010368870863494E-11,0.6241936488745257,-0.20468065456331647
SumUeU,8,Lat-RvRSB,16,1.40245759761662E-12,1.9020317386233892E-19,0.20848285649358556,2.8931499973910446,3.0207629753282346E-21,4.981269097073277E-21,0.6064243702680248,-0.21722335411040805
SumUeU,8,Lat-RpvRS,16,-5.322243239999428E-7,2.343052466374067E-9,0.049978232265712616,3.247700658102679,3.747085259022275E-11,5.315602035665457E-11,0.70492208293264,-0.15185888417525384
SumUeU,8,Lat-RpvRSB,16,1.992042704624861E-11,1.7782414120218335E-18,0.3095938578933249,5.125750641113292,2.862005496736573E-20,2.955532192613594E-20,0.9683553790715725,-0.01396523066097512
SumUeU,8,Sob-LMS-RDS,16,-8.774098372071213E-11,2.1252034481042932E-14,31.89954040930878,3088.3636344101146,3.373078457436342E-16,1.1153278335132983E-30,3.024293267039788E14,14.4806239025969
SumUeU,16,Lat-RvRS,10,4.217209673323929E-6,9.4288547463697E-6,0.006017677752735892,2.8707792734756223,1.4966717947481072E-7,2.493743796210323E-7,0.6001706338167377,-0.2217252583002942
SumUeU,16,Lat-RvRSB,10,3.678088558791626E-8,6.3840626398305415E-12,0.14501217130945931,2.9206918831379234,1.0267702772822756E-13,1.7225670014540832E-13,0.5960698634163667,-0.22470283502814778
SumUeU,16,Lat-RpvRS,10,-1.288730393634482E-4,1.8245034129731297E-5,7.792928860998748E-4,3.3335351721724664,3.061830162480796E-7,4.2076641733357894E-7,0.7276793100275897,-0.1380599731183854
SumUeU,16,Lat-RpvRSB,10,-1.6212438439481778E-8,5.885086594436304E-11,0.18353773913016463,4.739386827339218,9.3431015836283E-13,9.862850808056982E-13,0.9473023333168441,-0.023511392975204944
SumUeU,16,Sob-LMS-RDS,10,-1.6797202875990435E-6,1.0289512182336838E-8,0.5064112755809385,28.568736430656532,1.6613071788137508E-10,1.732380961126385E-13,958.9733529128475,2.9818065395547166
SumUeU,16,Lat-RvRS,12,3.1795194296986665E-6,5.895023160979695E-7,0.0012354763095570964,2.959313681671008,9.36635324644446E-9,1.4956395722160814E-8,0.6262440109528784,-0.20325641445412546
SumUeU,16,Lat-RvRSB,12,-6.498964769535255E-11,2.5609927225225072E-14,0.15947458276365575,2.947612106304408,4.064703543289512E-16,6.819509702243271E-16,0.5960404370350014,-0.2247242755190941
SumUeU,16,Lat-RpvRS,12,2.1941849682038957E-5,1.1683158564776455E-6,0.056696263221817894,3.406122727625186,1.902428643242154E-8,2.708492837305443E-8,0.7023938247275537,-0.15341931529463163
SumUeU,16,Lat-RpvRSB,12,-1.1382711133221276E-8,2.420666820590178E-13,0.10648460728470963,4.64946709186214,3.97151016656477E-15,4.126556943776168E-15,0.9624270840499983,-0.016632163839497692
SumUeU,16,Sob-LMS-RDS,12,8.642315114892996E-8,1.8232619910259967E-10,2.2385876173649724,135.8811362078953,2.9012462068114856E-12,9.678127229108602E-18,299773.5138349388,5.4767932585873895
SumUeU,16,Lat-RvRS,14,2.3107695533159657E-6,3.699753819280998E-8,0.006531291251672801,2.933505172427317,5.925434406744162E-10,9.127882877276021E-10,0.6491575852156917,-0.1876498639359851
SumUeU,16,Lat-RvRSB,14,-1.0950324534030268E-11,9.945350108493037E-17,0.1515404130732195,2.8920278364538206,1.578589048255367E-18,2.7369210449730216E-18,0.5767755161058828,-0.2389931835275237
SumUeU,16,Lat-RpvRS,14,3.831727059877399E-6,7.5295209153881E-8,0.002637731934417594,3.5275818834697676,1.2097246661179938E-9,1.7271167236259086E-9,0.7004301733459555,-0.15463515351464321
SumUeU,16,Lat-RpvRSB,14,4.337350127230849E-11,9.53556978202377E-16,0.18680736705808992,4.876900453046495,1.5136192728938916E-17,1.5803117771951297E-17,0.95779788187138,-0.01872612771582576
SumUeU,16,Sob-LMS-RDS,14,-1.0754875599948711E-8,3.3315265233874522E-12,0.5425335575127576,376.76367154628934,5.299175259893408E-14,1.6281946673089098E-22,3.25463248731303E8,8.512501955195106
SumUeU,16,Lat-RvRS,16,7.558729798029897E-7,2.24093907102998E-9,0.036684604587137605,2.8595581164911716,3.613824836037208E-11,5.994514356613494E-11,0.6028553142174441,-0.21978690639508183
SumUeU,16,Lat-RvRSB,16,2.5255308967453147E-12,3.7205688308213626E-19,0.18451679268474983,3.0300596001424847,5.9114525506568924E-21,9.06961268349429E-21,0.6517866591387187,-0.185894532980621
SumUeU,16,Lat-RpvRS,16,-5.51328301095673E-7,4.628888825148456E-9,0.003292685737778776,3.5261074069402514,7.37710412490167E-11,1.0175832428891212E-10,0.7249632083127276,-0.13968403319756612
SumUeU,16,Lat-RpvRSB,16,-2.927600324814648E-11,3.661957438694239E-18,0.0975284916063421,4.815903538252324,5.897758028603261E-20,5.941463447628591E-20,0.9926439976597392,-0.0032064791715709384
SumUeU,16,Sob-LMS-RDS,16,5.27561813121977E-9,7.165195255409934E-14,19.308238776529713,1174.7250151225069,1.1650509936322314E-15,3.541190810556002E-28,3.2899977887644717E12,12.517195606057053
SumUeU,32,Lat-RvRS,10,-9.777821052712833E-6,1.9132650334427632E-5,0.021710016587449157,2.9390090387955623,3.0375809894952605E-7,4.913995635715126E-7,0.6181488985089841,-0.2089069002964534
SumUeU,32,Lat-RvRSB,10,-1.7255758749922454E-8,1.2911018472085718E-11,0.1501379444872013,2.959019205956385,2.0521406867413886E-13,3.106050892550144E-13,0.6606912628712696,-0.1800014363608735
SumUeU,32,Lat-RpvRS,10,-1.5834935587730747E-5,3.653204725717596E-5,0.031322939647517783,3.5003161145427044,5.800665237953889E-7,7.845756604234331E-7,0.7393379033480706,-0.13115702842584234
SumUeU,32,Lat-RpvRSB,10,1.7447750249798039E-7,1.1868543249271849E-10,0.09113006779141496,4.688694959187379,1.914149763155222E-12,2.00108675858706E-12,0.9565551093380763,-0.019290004212767466
SumUeU,32,Sob-LMS-RDS,10,-2.504651712417088E-6,2.2374966759531763E-8,0.02334939915099297,16.948592203963113,3.613959669125109E-10,3.028242612972194E-12,119.34181408199782,2.076792635148882
SumUeU,32,Lat-RvRS,12,7.594628482562085E-6,1.1984620936895906E-6,0.016796676023553548,2.8785249665727766,1.9078983897347217E-8,2.971641375621909E-8,0.6420352083485963,-0.19244115515195453
SumUeU,32,Lat-RvRSB,12,-2.1986574683413983E-9,4.9657602322214455E-14,0.09182714239493481,2.9812612527435025,7.929711829485257E-16,1.3076092328056616E-15,0.6064282532229397,-0.21722057331765487
SumUeU,32,Lat-RpvRS,12,-4.639538504127238E-7,2.349614776701052E-6,0.019783496296083905,3.3738239096928235,3.729195835195915E-8,5.107919744171042E-8,0.7300811332150485,-0.13662887446904143
SumUeU,32,Lat-RpvRSB,12,-3.4175095796838114E-9,4.97402759179832E-13,0.049963152292609815,5.1018001337177195,7.90617173528142E-15,7.682795957318537E-15,1.0290748028717458,0.012446944532782084
SumUeU,32,Sob-LMS-RDS,12,-1.1503501590483291E-7,3.5020558395330204E-10,0.3577392152645265,57.83244017650094,5.5714959659144904E-12,4.10297888511044E-16,13579.148520927673,4.132872538408678
SumUeU,32,Lat-RvRS,14,4.870966854978985E-6,7.291132103731167E-8,0.041407511145670844,2.9188375426820516,1.1809331419944932E-9,1.883476395836911E-9,0.6269965180369319,-0.20273487097398146
SumUeU,32,Lat-RvRSB,14,2.412807460660655E-10,1.906590077339601E-16,0.08628421878065058,2.996792681172786,3.084247221171192E-18,4.821108578543243E-18,0.6397381786624551,-0.19399773043350485
SumUeU,32,Lat-RpvRS,14,-4.752145832650067E-6,1.4792139127283766E-7,0.011661237865742679,3.3726249611040884,2.370306685787954E-9,3.230496741910195E-9,0.7337282390776813,-0.1344647658651148
SumUeU,32,Lat-RpvRSB,14,-9.25883219301835E-11,1.835700540193619E-15,0.15995369173706725,5.135689985372669,2.914376259957371E-17,2.985186902992267E-17,0.9762793267771888,-0.010425907003292843
SumUeU,32,Sob-LMS-RDS,14,1.5818292741251843E-8,5.29408416656324E-12,1.2397868595529307,211.37773055238281,8.427489708598736E-14,1.1033415436947943E-20,7638151.356448827,6.882988260036153
SumUeU,32,Lat-RvRS,16,-1.549889231276321E-8,4.6702944188458786E-9,0.014652896996239837,2.9469899235687813,7.41244844919168E-11,1.1749571817144994E-10,0.6308696661077831,-0.20006035412629747
SumUeU,32,Lat-RvRSB,16,1.155476341401956E-11,7.549905948357416E-19,0.11600139575883103,2.96326607870952,1.2116291855589807E-20,1.892197470037473E-20,0.640329143625261,-0.19359673146085685
SumUeU,32,Lat-RpvRS,16,-8.76671110385447E-7,9.283798069534983E-9,0.036380843045566026,3.488837204236746,1.481156901679754E-10,2.1643776218522003E-10,0.6843338642598932,-0.1647319684103675
SumUeU,32,Lat-RpvRSB,16,-3.302569121460361E-11,7.314888392632071E-18,0.007526003470004161,4.86452013596261,1.171884249118342E-19,1.1650336632799863E-19,1.005880161281408,0.002546242753337747
SumUeU,32,Sob-LMS-RDS,16,4.031866790198888E-9,6.460611921077706E-14,26.533577360392872,1171.481553783647,1.0416473561449558E-15,5.963050196029378E-26,1.7468364711042656E10,10.242252250706356
MC2,2,Lat-RvRS,10,-7.5987809007377265E-6,2.0327632121831626E-6,1.9430177458579156,204.92583527087214,3.232059759597019E-8,4.852303433682117E-9,6.660877259162677,0.8235314309306189
MC2,2,Lat-RvRSB,10,-1.2818098350191294E-5,3.007221025772069E-6,1.8493227964365246,339.85579148944004,4.789319735435473E-8,7.599407670945844E-14,630222.7677225507,5.799494088647025
MC2,2,Lat-RpvRS,10,-1.3840827564070121E-5,1.977631600107361E-6,2.6855562401227586,120.7150995137106,3.1579407189362304E-8,8.3857949166862E-9,3.7658215474033416,0.5758597360698475
MC2,2,Lat-RpvRSB,10,-6.484365152988668E-6,2.309333106226757E-6,2.789065229610985,463.88864358631884,3.669446243455054E-8,4.6102979843131393E-14,795923.8764914114,5.900871533063509
MC2,2,Sob-LMS-RDS,10,-1.7095873107857315E-7,1.3126783336954538E-10,1.2014178927679653,82.44472944640754,2.112634928782923E-12,6.617340914195255E-29,3.192573808991741E16,16.504140946489027
MC2,2,Lat-RvRS,12,-2.1117160678711103E-6,3.3042123073005053E-7,7.429396562376741,372.1639342683592,5.2487163067668214E-9,3.415897227791165E-10,15.365556855938607,1.1865483039402072
MC2,2,Lat-RvRSB,12,8.132718717189608E-6,8.826168980821029E-7,9.312136944862441,1079.0017035034887,1.4074532167578874E-8,5.343881016431927E-16,2.6337660071960855E7,7.420577188128565
MC2,2,Lat-RpvRS,12,-3.6252936740561815E-6,3.7056904948207356E-7,2.861126495290586,244.2217716400552,5.8946029538600615E-9,6.139361117221864E-10,9.601329586762345,0.9823313780615485
MC2,2,Lat-RpvRSB,12,2.772883333435214E-6,4.4076432948278745E-8,36.72543288918324,2102.1366482651088,7.072448392028097E-10,2.5576995522981916E-16,2765159.9601185485,6.441720259614465
MC2,2,Sob-LMS-RDS,12,-1.4684633981788932E-8,2.0723968718632105E-12,0.539536252488965,381.47092078134796,3.3107537398608063E-14,1.2323463389928184E-32,2.6865448738758333E18,18.429194099069573
MC2,2,Lat-RvRS,14,2.851613586117868E-6,5.4080244781343984E-8,13.44407984054145,669.675422463418,8.664624422170058E-10,2.8319403918110525E-11,30.596069208324504,1.4856656346257104
MC2,2,Lat-RvRSB,14,-3.3209646037333354E-6,5.576490767083978E-8,69.96183642795641,5830.635035481319,8.960975547892925E-10,3.3440536715647728E-18,2.6796745590808186E8,8.428082053067
MC2,2,Lat-RpvRS,14,1.7362609529815522E-6,1.275374709290993E-7,26.48452585515764,1739.6608674813747,2.0272164621286954E-9,4.6865544103676435E-11,43.25601037820166,1.6360464607657181
MC2,2,Lat-RpvRSB,14,4.030706705258803E-6,1.1332650334694697E-7,98.96755090996139,9859.091449662017,1.8149000996646482E-9,1.4356295798841588E-18,1.2641841078609517E9,9.101810326482429
MC2,2,Sob-LMS-RDS,14,1.378965578189726E-9,7.094106165509926E-14,0.01179913832799443,916.5412711807281,1.1278375389060503E-15,1.2325877986802538E-32,9.150159851603587E16,16.961428681177154
MC2,2,Lat-RvRS,16,-5.258342489301871E-7,7.2940111534903466E-9,21.779462175509234,2167.436213583265,1.1604287867917333E-10,2.0389885231356318E-12,56.9119822708557,1.7552037125508924
MC2,2,Lat-RvRSB,16,8.921024865968566E-9,3.967564225617444E-10,52.93357923121539,5465.141015624157,6.2971708056289176E-12,2.357753153113094E-20,2.6708354932382786E8,8.426647139021346
MC2,2,Lat-RpvRS,16,-3.5125209780334484E-6,4.814743756815839E-8,58.67676104122151,4247.359568473162,7.765064198814676E-10,3.2526131434279988E-12,238.7331003228656,2.3779126380723494
MC2,2,Lat-RpvRSB,16,2.2425247552933193E-6,4.5518554564540904E-8,96.80812867204013,9557.577481255317,7.274734047238882E-10,7.15977898750003E-21,1.0160556715423125E11,11.006917504386127
MC2,2,Sob-LMS-RDS,16,2.0412040462738285E-10,3.7636847293690846E-16,18.574811072800742,1553.0479185297154,6.015170474341036E-18,1.2327277279697698E-32,4.8795612671483175E14,14.688380775317839
MC2,4,Lat-RvRS,10,8.772275482752875E-6,3.9049541917410843E-7,0.20006150077588702,31.860960832455138,6.274672970037228E-9,2.2206343095378145E-9,2.8256219149127664,0.4511140502046581
MC2,4,Lat-RvRSB,10,8.021694963999856E-7,4.842786793309844E-7,0.07519172976884228,66.90840536491913,7.686837943568436E-9,7.237771827684719E-13,10620.448014354395,4.026142837466541
MC2,4,Lat-RpvRS,10,1.7945835310717045E-6,4.633930425340685E-7,0.16255076221147932,21.376638728297728,7.357930105126423E-9,3.6143019424086893E-9,2.035781797528199,0.30873122690252036
MC2,4,Lat-RpvRSB,10,8.333942929485548E-6,3.9987827557259247E-7,1.1314675303041966,79.66780405312966,6.416094092768354E-9,5.624747598864164E-13,11406.901340895707,4.057167685319522
MC2,4,Sob-LMS-RDS,10,-8.103091509801457E-8,6.479083629184405E-11,0.18507563691167392,29.029948886246892,1.0348891394907468E-12,3.489961467155505E-14,29.653311339687477,1.4720731974053733
MC2,4,Lat-RvRS,12,9.036647496453203E-7,8.66315751964684E-8,0.0671917239988,126.14901429045578,1.375783467740843E-9,1.6749635742570178E-10,8.213811266618825,0.9145447196026499
MC2,4,Lat-RvRSB,12,1.3047979611553858E-5,1.4010945468357963E-7,9.301751161288204,228.3102131549838,2.3939869741357677E-9,6.4167722473131294E-15,373082.7403354066,5.571805158045183
MC2,4,Lat-RpvRS,12,-7.956980036633925E-7,9.209789945417291E-8,1.6206321496130904,81.96643923146245,1.4623583680785497E-9,3.0093264881816123E-10,4.859420783426462,0.6865845068028594
MC2,4,Lat-RpvRSB,12,-9.225245374695507E-7,1.1575610456712889E-7,1.0594205280614148,310.492344552955,1.8380657968662361E-9,5.529961044894449E-15,332383.1365074868,5.521638981695931
MC2,4,Sob-LMS-RDS,12,1.2574338625094963E-9,1.9242266314173373E-12,0.5596234695839115,53.39989265400426,3.054180667569947E-14,7.75922114009047E-18,3936.194899497782,3.595076594251383
MC2,4,Lat-RvRS,14,2.244961444261772E-6,1.2550369921996725E-8,12.909957200254462,617.688666367873,2.0423215164819849E-10,1.6059805082196887E-11,12.716975741791552,1.1043838428522368
MC2,4,Lat-RvRSB,14,8.236559827075527E-7,2.1763176934662666E-8,14.479691499957456,1287.9693006018763,3.4609111738371025E-10,4.9205061955991047E-17,7033648.645605888,6.847180670053469
MC2,4,Lat-RpvRS,14,5.60625918413625E-7,2.3601968981268864E-8,4.662066321769091,388.8934673835906,3.7491126625167864E-10,2.323115164500573E-11,16.13829878004682,1.2078577516141351
MC2,4,Lat-RpvRSB,14,2.496057427123078E-7,1.458696611229752E-8,2.819421587034573,2015.776166913857,2.3157829375197416E-10,5.614622806908712E-17,4124556.5680212826,6.615377264300914
MC2,4,Sob-LMS-RDS,14,-4.304414238567715E-9,2.8430507274726984E-14,4.857193690540122,190.94792189055846,4.697607473974943E-16,1.160992717911465E-22,4046198.9136551786,6.607047229146443
MC2,4,Lat-RvRS,16,-4.0345992156288496E-7,6.034566311399187E-9,10.764356240219124,2037.203945129807,9.593996807922892E-11,1.229391251835279E-12,78.03859669247389,1.8923094512120424
MC2,4,Lat-RvRSB,16,-2.115453040734228E-7,1.2574511031550221E-9,67.66620632142889,6279.833585636592,2.0002296781464508E-11,3.399773519646803E-19,5.883420370761201E7,7.769629879864526
MC2,4,Lat-RpvRS,16,-3.3418410684064924E-7,5.6775595493504645E-9,11.890490271769952,755.1997892281737,9.022265986481296E-11,2.2586130247930456E-12,39.946046035522166,1.6014737981697273
MC2,4,Lat-RpvRSB,16,3.920203462487803E-7,9.493351048269061E-9,0.09478491230061722,4609.168594395478,1.5082672301797196E-10,5.262779300726713E-19,2.865913890729657E8,8.45726313744208
MC2,4,Sob-LMS-RDS,16,6.653416231735023E-11,2.905112722645872E-16,0.7600472434361101,191.88469114863005,4.615255701697506E-18,2.883447117443302E-29,1.60060355321854E11,11.204283776659834
MC2,8,Lat-RvRS,10,-1.3471532572526044E-6,8.759992881819733E-8,0.07253243789341836,9.037643202818785,1.3921508349987726E-9,1.0434247538042714E-9,1.334212965451571,0.12522515667086914
MC2,8,Lat-RvRSB,10,2.7260361790731285E-6,1.2402523811385549E-7,0.17319029820747509,14.67370216898569,1.9758889810280936E-9,5.065450301418362E-12,390.071733696574,2.5911444805748682
MC2,8,Lat-RpvRS,10,-4.557010918073987E-6,1.0869447253829376E-7,0.12704476494902062,7.058368960291294,1.7459029055080793E-9,1.6782302862696358E-9,1.0403237981057212,0.01716853337946056
MC2,8,Lat-RpvRSB,10,-6.76735489715349E-7,8.333978296502201E-8,0.43933112477690006,26.020897266562613,1.3231793834107468E-9,4.400336727223104E-12,300.6995749267939,2.4781328141760803
MC2,8,Sob-LMS-RDS,10,5.578871266141707E-8,1.3620824967370475E-10,0.01593170781210143,9.146712728426795,2.164931885995932E-12,4.495822117531654E-13,4.815430480564802,0.6826351174163321
MC2,8,Lat-RvRS,12,-2.1166426052872225E-7,2.250470563946814E-8,0.17900798430635223,31.604902685121232,3.5722662983702954E-10,9.278404102804526E-11,3.850086996416257,0.5854705429206206
MC2,8,Lat-RvRSB,12,2.7198121873270595E-7,3.4434741598879594E-8,0.02053407359127814,48.038318648049604,5.466025154455609E-10,6.063513689630569E-14,9014.616663277686,3.954947263552833
MC2,8,Lat-RpvRS,12,-2.0784815171256174E-6,2.1822127921654266E-8,0.18440675271546733,19.769076665321293,3.5066843000214553E-10,1.5962646176554965E-10,2.1968063823727895,0.3417917816485327
MC2,8,Lat-RpvRSB,12,3.2117303262769016E-7,2.1234918512198495E-8,0.23403967782609914,73.80607244815837,3.3713164450335196E-10,8.00091729230562E-14,4213.662411278357,3.6246597380134324
MC2,8,Sob-LMS-RDS,12,-4.584881784639647E-9,1.4149094389961885E-12,0.1779872591263286,11.331745166388275,2.2477655237047198E-14,4.46789299236774E-15,5.030929629569141,0.7016482426480398
MC2,8,Lat-RvRS,14,1.1921391448044948E-7,5.233626899917372E-9,0.6516498419284339,134.86516720381795,8.307934746895148E-11,7.817327150803217E-12,10.627589950666861,1.026434789471947
MC2,8,Lat-RvRSB,14,7.000391461375515E-7,6.546557086493914E-9,2.17563373336395,241.13324747980138,1.0439326799319268E-10,7.294670320883207E-16,143108.95955686344,5.155666824285981
MC2,8,Lat-RpvRS,14,5.216937955818912E-7,5.084103618456764E-9,0.17979663609006505,65.88300135015321,8.09641518464267E-11,1.4421535124450127E-11,5.6141146658625045,0.7492812786658564
MC2,8,Lat-RpvRSB,14,-6.938532797528311E-7,5.726535585230281E-9,3.524649465157739,271.19645829629826,9.136973287655008E-11,1.0973061178452219E-15,83267.31382485379,4.920474554692402
MC2,8,Sob-LMS-RDS,14,-9.825759495272548E-10,6.259211885658704E-14,0.18471516687414416,19.805782270316143,9.94391799063278E-16,3.4984819588760436E-17,28.42352228058212,1.453677895274595
MC2,8,Lat-RvRS,16,-3.7042818299421444E-7,1.2197535821250854E-9,3.756377357545196,370.0429648543595,1.9496448892198823E-11,7.362257394291614E-13,26.48161813429065,1.4229445187330185
MC2,8,Lat-RvRSB,16,1.5340179860935968E-7,1.5198184918574902E-9,4.217196390930612,952.7887070260057,2.414522274686904E-11,7.544975439164312E-18,3200172.4779031733,6.505173385877085
MC2,8,Lat-RpvRS,16,2.3479247561400492E-7,1.315974434724283E-9,5.631060792493896,437.14831313663683,2.0941521749157502E-11,1.3010173412784216E-12,16.096266425303515,1.2067251518749362
MC2,8,Lat-RpvRSB,16,1.0190869786674068E-7,1.8172820496779825E-9,4.52923679756388,788.1515985481742,2.8853247628304305E-11,1.464477136857995E-17,1970208.1310882287,6.29451210707966
MC2,8,Sob-LMS-RDS,16,-4.320896817139156E-10,2.126644586529568E-15,6.228943473736676,403.071622953394,3.393958914496292E-17,1.338113334133551E-19,253.63762754026604,2.404213682257434
MC2,16,Lat-RvRS,10,-1.8757024918163206E-7,2.339708417731232E-8,0.05657970352967193,4.1562071606402595,3.7138033289829217E-10,4.1806381429124713E-10,0.8883340777242381,-0.0514236774343019
MC2,16,Lat-RvRSB,10,1.5617861339023461E-6,2.8189189630987208E-8,0.09166130120897155,5.804210794883367,4.4984188564271803E-10,2.9564071727627846E-11,15.215829869007436,1.1822956436939998
MC2,16,Lat-RpvRS,10,-5.900071301571231E-7,2.9816699898833156E-8,0.10404252130666902,3.716257160056352,4.735817310936883E-10,6.568520109889109E-10,0.7209869547033835,-0.1420725931884626
MC2,16,Lat-RpvRSB,10,5.308505173145334E-7,2.0510904196507213E-8,0.13053370964106967,7.337134763480021,3.2581915316201184E-10,1.276480409594979E-11,25.52480639051818,1.4069624565827092
MC2,16,Sob-LMS-RDS,10,-4.6709193280669565E-8,8.69178313971057E-11,0.0011936434864164226,4.333426029840686,1.3816919013395655E-12,1.2954958698892078E-12,1.0665351649926367,0.02797517925144633
MC2,16,Lat-RvRS,12,3.846935332205967E-8,5.0432827095828055E-9,0.1867334804263393,9.669016037909921,8.004558118180927E-11,4.745593672136954E-11,1.686734826282852,0.2270468119701998
MC2,16,Lat-RvRSB,12,1.7060266471338255E-6,7.2517921977470215E-9,0.4496495574616951,16.64342443066995,1.1800682880211556E-10,3.420246926853456E-13,345.0242959816909,2.5378496783754754
MC2,16,Lat-RpvRS,12,9.734524504024838E-7,5.821310256296064E-9,0.01868337454757214,7.208426718668313,9.334011959812212E-11,7.618130948296615E-11,1.2252364816463626,0.08821991952682036
MC2,16,Lat-RpvRSB,12,2.740025968587741E-7,4.712096295384708E-9,0.2425475495632636,21.988713222092425,7.486277719697694E-11,3.7670003462225796E-13,198.73313065141286,2.298270274053344
MC2,16,Sob-LMS-RDS,12,3.2569716912886935E-8,7.909987284913672E-12,0.11497915644035084,7.451037541012543,1.2660358465320119E-13,5.3358750526916016E-14,2.3726864554172407,0.37524035107910286
MC2,16,Lat-RvRS,14,-3.6695061608296264E-7,1.1488825490746676E-9,0.11075076911319384,28.483792835217063,1.836906006924303E-11,4.287287908139075E-12,4.284540824601686,0.6319042852960578
MC2,16,Lat-RvRSB,14,-6.120894063831853E-8,1.8554364198543202E-9,0.27139148270153274,47.42593209017371,2.945217314095905E-11,3.556657849426468E-15,8280.856463521895,3.9180752568507793
MC2,16,Lat-RpvRS,14,3.436310050622814E-7,1.2483403900825976E-9,0.11341557516424756,21.707784312297452,1.9931027601665342E-11,7.704333177027366E-12,2.5869893141557405,0.4127946348190633
MC2,16,Lat-RpvRSB,14,7.237027058945717E-7,1.1501450115021938E-9,1.6529466476795864,74.97663253613119,1.8778190003361088E-11,6.502777619293052E-15,2887.718310964254,3.4605548267229427
MC2,16,Sob-LMS-RDS,14,-1.1150759615037588E-9,3.2860299549359964E-13,0.009585997832373848,3.8517278929071743,5.216642365734055E-15,6.151433470468236E-16,8.480368666552405,0.9284147327247679
MC2,16,Lat-RvRS,16,-5.5196481050942604E-8,2.6704649496774463E-10,1.0599474899791461,105.30193075336985,4.241456021651326E-12,4.3567416553740774E-13,9.735385655514952,0.9883531602468668
MC2,16,Lat-RvRSB,16,-1.2982884548186438E-7,4.836745327394905E-10,1.9114291660106153,182.1985484992561,7.693461327313069E-12,5.79275101815943E-17,132811.87648485476,5.123236912842329
MC2,16,Lat-RpvRS,16,-1.7230119456031112E-7,3.661545692436313E-10,1.2028309553939813,90.5698326296441,5.8410837934994006E-12,7.081354157566504E-13,8.248540693672465,0.916377121308186
MC2,16,Lat-RpvRSB,16,-1.8566321618012796E-7,2.4167349405423153E-10,4.522426981415341,342.43374967632286,3.870174428331652E-12,1.4026545972217144E-16,27591.78514794332,4.440779799602813
MC2,16,Sob-LMS-RDS,16,-1.4160970831869502E-9,7.209063124116055E-15,1.5738188046057173,96.35439835087818,1.1642346139033825E-16,1.1969115977109343E-17,9.726989162190042,0.9879784319849009
MC2,32,Lat-RvRS,10,1.3524095911284775E-6,6.855937910712339E-9,0.06916274309720437,3.158418265101782,1.1064254054219642E-10,1.6470748717940425E-10,0.6717517365903427,-0.17279120216963084
MC2,32,Lat-RvRSB,10,-6.011133308139691E-7,6.821661755017383E-9,0.12436560040383747,3.7396596429503335,1.0863085451968672E-10,8.691454901686613E-11,1.249858116373663,0.09686071478936702
MC2,32,Lat-RpvRS,10,-3.023842649137489E-7,9.678307795552554E-9,0.03691804742828852,3.340492707022839,1.537000071130801E-10,2.306627095877978E-10,0.6663409416621668,-0.17630350176758144
MC2,32,Lat-RpvRSB,10,-8.228919574590561E-7,4.859015052192383E-9,0.0914685672550122,4.128971229915178,7.779666150201848E-11,3.057700370754547E-11,2.544286622917884,0.4055660345470815
MC2,32,Sob-LMS-RDS,10,1.1490256654547148E-7,1.2580732494145809E-9,0.0011148349086148453,2.707547744943288,1.99806223155073E-11,3.177542905432304E-11,0.6288073177973009,-0.20148241280119492
MC2,32,Lat-RvRS,12,-2.0297251489584207E-7,1.284170005182612E-9,0.07223799946807959,4.26945662453233,2.0422810352630028E-11,2.1691633796806392E-11,0.9415063219275271,-0.02617675948266195
MC2,32,Lat-RvRSB,12,-5.993083719076365E-7,1.7237487639889937E-9,0.07956981129255397,6.542680169703422,2.7717525907378182E-11,1.8071309352270047E-12,15.337862557201156,1.1857648417321813
MC2,32,Lat-RpvRS,12,-2.7600432448689656E-7,1.5354232429383435E-9,0.023474467362720592,3.906980692986439,2.4445538714342604E-11,2.995558098822732E-11,0.8160595758082546,-0.08827813475064701
MC2,32,Lat-RpvRSB,12,5.3887069317459E-7,1.210315589072955E-9,0.16884042168195496,7.541602871933459,1.949981904482036E-11,6.494314005290598E-13,30.02598739287139,1.477497297914233
MC2,32,Sob-LMS-RDS,12,-8.611175503738907E-8,4.945289036607634E-10,0.00696743638781125,2.039603835173795,7.856295405314307E-12,2.5989536066213426E-13,30.228686596401175,1.4804192779642207
MC2,32,Lat-RvRS,14,1.468650429641485E-7,2.9149293450529087E-10,0.1880185230685774,9.323549739422635,4.647978629921692E-12,2.5334257582699026E-12,1.8346614716256122,0.26355594075805183
MC2,32,Lat-RvRSB,14,-6.560959861649067E-8,4.023445756837892E-10,0.07992050243035415,15.29548166444832,6.390087813497614E-12,1.9692512032510427E-14,324.49327962568714,2.5112057068322184
MC2,32,Lat-RpvRS,14,-2.8016905706933374E-7,3.0072446553941095E-10,0.057463142820595975,6.9004064891163,4.851421575028913E-12,3.987605484448207E-12,1.2166252639458988,0.08515683060329293
MC2,32,Lat-RpvRSB,14,-1.1445947989511817E-7,2.9264623641963647E-10,0.03636767881836311,21.0440229073587,4.6578148105695195E-12,2.271518892592719E-14,205.0528756665138,2.311865864222584
MC2,32,Sob-LMS-RDS,14,1.167974915955585E-9,1.778802629782527E-13,0.015894461976188448,4.744675326141266,2.8245780535305697E-15,3.2532101088268304E-15,0.8682433531934297,-0.06135853273066409
MC2,32,Lat-RvRS,16,2.964909595865062E-8,6.732366214830079E-11,0.11792021881516031,29.006816606082715,1.0694017638449105E-12,2.4378900873811435E-13,4.386587276351309,0.6421267745838335
MC2,32,Lat-RvRSB,16,-9.291498521078978E-8,1.0954609071164252E-10,0.38597089838663406,50.26950589011023,1.7472861484857905E-12,2.031371361649342E-16,8601.510198839798,3.934574708620601
MC2,32,Lat-RpvRS,16,1.502055061144928E-7,7.216502423547771E-11,0.8930676543905437,21.350939559375416,1.1679237215759071E-12,4.0949146607437293E-13,2.8521320182135024,0.4551696240741726
MC2,32,Lat-RpvRSB,16,-7.685641716390935E-8,7.779682376115097E-11,1.2278791507829285,78.1788746352394,1.2406536402683977E-12,5.521205678174213E-16,2247.070137547683,3.3516166282155466
MC2,32,Sob-LMS-RDS,16,1.3211983834580598E-10,1.088310464648191E-14,0.10621978826867898,12.964426277448625,1.7274787368370456E-16,6.860089883209939E-17,2.518157584297908,0.4010829044253679
SmoothGauss,2,Lat-RvRS,10,4.00853706647641E-6,7.182430657004483E-6,8.63446218703232,370.13634173414755,1.1401150351129876E-7,9.036697933955014E-9,12.616500445688828,1.1009389073730482
SmoothGauss,2,Lat-RvRSB,10,7.397676609768522E-6,7.247373345555613E-6,10.098400111679597,459.605170157409,1.1508089400368395E-7,8.34471237755662E-10,137.9087604183912,2.139591854867101
SmoothGauss,2,Lat-RpvRS,10,-2.6579333443837853E-5,6.3106286526324155E-6,1.3077608787488622,147.23424449957827,1.0086515286738461E-7,1.725986272683601E-8,5.843913967551855,0.7667038137488232
SmoothGauss,2,Lat-RpvRSB,10,5.654207101839911E-6,6.249112185598164E-6,11.307478664276697,548.1016009685782,9.921430774651565E-8,1.1403630346778919E-9,87.00238847582412,1.9395311754649625
SmoothGauss,2,Sob-LMS-RDS,10,1.9894174463512948E-7,1.1457223060427052E-8,0.13661810411534211,3.744438035198702,1.8188207524825067E-10,2.427523701065861E-10,0.7492494312965557,-0.12537357802510898
SmoothGauss,2,Lat-RvRS,12,-8.114851739382915E-6,1.6489118083780863E-6,17.817240577179984,1925.704994171327,2.623643680601008E-8,6.66969017447302E-10,39.33681493396063,1.5947991925786307
SmoothGauss,2,Lat-RvRSB,12,-4.894861628666004E-6,1.6326379192075236E-6,7.484904669529949,1516.520242849451,2.5936255788071765E-8,4.6548033134784924E-11,557.1933772791323,2.746005945820445
SmoothGauss,2,Lat-RpvRS,12,-1.6105682780972463E-5,1.1098939189210794E-6,7.84882757372402,476.3747825240598,1.7874995073860156E-8,1.1741269829425533E-9,15.224073148427701,1.182530861976428
SmoothGauss,2,Lat-RpvRSB,12,-1.982270037865329E-5,1.0903391927333286E-6,31.425331402943907,1388.7833727712818,1.7698180066397975E-8,5.486957269268212E-11,322.54998896243194,2.508597031368636
SmoothGauss,2,Sob-LMS-RDS,12,-3.152417433811904E-8,5.002631567227952E-10,0.22798852388815702,3.987907124640217,7.940884732410923E-12,1.094153099231203E-11,0.7257562710365227,-0.1392092028751502
SmoothGauss,2,Lat-RvRS,14,1.0018811806241221E-5,1.888714364090592E-7,23.36926714844478,951.1886390745841,3.098036102158375E-9,4.605372912239334E-11,67.27003787087405,1.827821672176737
SmoothGauss,2,Lat-RvRSB,14,-5.09286153542062E-6,2.2639295663454624E-7,75.76568604300209,6739.80430122147,3.6191168789186933E-9,2.473574565468414E-12,1463.1121007800914,3.16527760219168
SmoothGauss,2,Lat-RpvRS,14,1.879543800004629E-6,6.507602435054704E-7,25.806891080433992,2015.4359175603763,1.0332027406818675E-8,8.113668388671313E-11,127.34101163469707,2.1049682957054694
SmoothGauss,2,Lat-RpvRSB,14,-1.6911429491280494E-6,8.628574513495179E-8,46.580881749081364,4015.8148853053326,1.372338005116263E-9,2.5951076517905743E-12,528.8173707049788,2.7233057125090023
SmoothGauss,2,Sob-LMS-RDS,14,-3.292423291421106E-8,2.2758011140457203E-11,0.24500701799695185,3.9989292829486702,3.622861533565314E-13,4.77040429924144E-13,0.7594453858222037,-0.11950345220128987
SmoothGauss,2,Lat-RvRS,16,2.8197261041061884E-6,2.8707871734117255E-8,48.6407416537311,3052.3300118387306,4.6358579096795317E-10,3.3293190948633834E-12,139.24342418339933,2.143774694629992
SmoothGauss,2,Lat-RvRSB,16,-2.213797119869308E-6,6.1190655670373624E-9,33.877001260613476,1503.2297777799204,1.0201920975906321E-10,1.225489761802939E-13,832.4770466378493,2.920372267816856
SmoothGauss,2,Lat-RpvRS,16,1.174807910735241E-6,8.444540889483964E-8,45.793535924077204,3793.772177883208,1.3416494490866526E-9,5.402641775648002E-12,248.33211321432339,2.3950328842343147
SmoothGauss,2,Lat-RpvRSB,16,3.2273908165758364E-7,5.569300320277272E-9,6.587110420690068,849.0559347276567,8.849691274094417E-11,1.6034561041825157E-13,551.9135354569761,2.741871045092971
SmoothGauss,2,Sob-LMS-RDS,16,6.580226770683676E-9,1.1001662543618536E-12,0.18736927051832797,4.123014827578219,1.75045095071539E-14,2.231005727649842E-14,0.7846017287276658,-0.10535073931627278
SmoothGauss,4,Lat-RvRS,10,5.447573430701979E-6,6.3104479078757855E-6,0.2750760147785923,25.907909461453063,1.0018549927985429E-7,5.8346666164338294E-8,1.7170732428425886,0.23478882066117845
SmoothGauss,4,Lat-RvRSB,10,-3.6107339935128405E-5,1.0588246179144382E-5,0.7933750389995405,43.570778922700065,1.6935433292618247E-7,1.909438470555435E-8,8.869326534356414,0.9478906442379422
SmoothGauss,4,Lat-RpvRS,10,1.425755145498689E-5,8.006518266657166E-6,0.6944020220667518,16.292948924853622,1.272781605485789E-7,8.654748344607151E-8,1.4706165388146386,0.1674994458160191
SmoothGauss,4,Lat-RpvRSB,10,-7.295871468201534E-6,8.662602620646048E-6,1.7505388197444607,56.783162814071574,1.375411084767342E-7,1.6877466102502732E-8,8.149393258525842,0.9111252756990945
SmoothGauss,4,Sob-LMS-RDS,10,-5.217585665830742E-6,1.2205113707002861E-7,0.04285491048635248,2.9759840169008394,1.9643491042488793E-9,2.9863330632021385E-9,0.6577796456978505,-0.1819195694332876
SmoothGauss,4,Lat-RvRS,12,1.2417521962043264E-5,1.7844465912854913E-6,3.247420390941981,116.582338132646,2.8475911464794696E-8,6.727797177758461E-9,4.232575791513707,0.6266047436366065
SmoothGauss,4,Lat-RvRSB,12,7.70543353094553E-6,3.0310943664263877E-6,3.6382988680944206,158.18795893820084,4.8167171435895776E-8,1.3565354175571361E-9,35.50749269977466,1.5503200064301126
SmoothGauss,4,Lat-RpvRS,12,-1.0313586967031183E-6,1.914532174217565E-6,0.7728608405642619,59.35086312936549,3.0387424351557195E-8,1.1535602933088296E-8,2.6342293964015555,0.4206535919064765
SmoothGauss,4,Lat-RpvRSB,12,8.357147112463174E-6,2.843812024902848E-6,2.8470831163074797,175.99912079693075,4.520520133167456E-8,1.5126263117876259E-9,29.885240643639822,1.475456757234586
SmoothGauss,4,Sob-LMS-RDS,12,5.672118967045685E-7,7.082312661605463E-9,0.01967354558950134,3.086915880896259,1.1272814886495847E-10,1.8154046936322476E-10,0.6209532742774443,-0.20694107854636173
SmoothGauss,4,Lat-RvRS,14,3.6918822230537194E-6,4.5735903846183187E-7,1.1950284629409944,426.02215790856155,7.272571304793118E-9,8.651708244529077E-10,8.40593683841794,0.924586122425353
SmoothGauss,4,Lat-RvRSB,14,-8.763346642534987E-7,5.890289473976242E-7,1.3075916539019317,604.23444504872,9.349498827568922E-9,1.0658436754347908E-10,87.71923165707176,1.9430948189863866
SmoothGauss,4,Lat-RpvRS,14,-1.2679898405105186E-8,4.4686817938768586E-7,0.743723107344678,141.4363653419736,7.092436550775809E-9,1.4159917530717595E-9,5.0088120466732535,0.6997347352981884
SmoothGauss,4,Lat-RpvRSB,14,-8.070911037780244E-6,5.123384039957479E-7,9.535998723641775,811.1382145658797,8.196681988397991E-9,1.0575528592056098E-10,77.50612101370518,1.8893360020869954
SmoothGauss,4,Sob-LMS-RDS,14,-1.4017238686884274E-7,3.954590822052127E-10,0.026099960008027407,3.002594504806465,6.296148874183241E-12,9.353849473949655E-12,0.6731077821722415,-0.17191538829494918
SmoothGauss,4,Lat-RvRS,16,-1.4335727073702516E-6,9.560363245316455E-8,22.794583365684552,1620.6912373383184,1.5194213543568285E-9,9.940449402697843E-11,15.285238049141489,1.1842722067273697
SmoothGauss,4,Lat-RvRSB,16,-8.318198409422651E-7,7.499996307705162E-8,41.98750939251033,3289.5601805653496,1.1910484810849903E-9,9.083395683849699E-12,131.1237033527756,2.1176812066008988
SmoothGauss,4,Lat-RpvRS,16,7.986361810669787E-7,1.3276600864080424E-7,1.4604096866912082,476.10771434755736,2.107824042605902E-9,1.6891665832340874E-10,12.47848532836975,1.096161872729989
SmoothGauss,4,Lat-RpvRSB,16,3.2751841651443603E-6,7.025148371089658E-8,29.893829288728067,1836.9993585340776,1.1257182370699854E-9,9.290397501398188E-12,121.17008307777647,2.0833954056548363
SmoothGauss,4,Sob-LMS-RDS,16,6.518006779369053E-9,2.6700752858255055E-11,0.013380447979576045,3.0832021139899335,4.2382157620553825E-13,6.429738482147654E-13,0.6591583427262097,-0.1810102468446138
SmoothGauss,8,Lat-RvRS,10,-1.4722941220995483E-5,7.769306699692732E-6,0.05283906431777946,6.9349552368202625,1.2352676133189152E-7,1.2578390061875512E-7,0.9820554198449857,-0.00786400319703336
SmoothGauss,8,Lat-RvRSB,10,3.5002648661413836E-5,1.2622445781942649E-5,0.1520917638461035,11.239349579253073,2.01561432038147E-7,8.272059477564465E-8,2.436653563539083,0.38679378682179344
SmoothGauss,8,Lat-RpvRS,10,1.561371945182484E-5,9.395205886064644E-6,0.18650971034780453,5.434220131876431,1.4935912736966058E-7,1.6792222442457302E-7,0.8894541975100468,-0.05087641102108945
SmoothGauss,8,Lat-RpvRSB,10,-5.114533302018383E-5,8.615926304234151E-6,0.024009313416414227,14.442641552641206,1.393629040040904E-7,6.685773944091672E-8,2.08446928013843,0.3189954990954781
SmoothGauss,8,Sob-LMS-RDS,10,2.577049917445811E-7,6.771023882640831E-7,0.04607335312261089,2.995971052695294,1.0746648602739861E-8,1.6261560850282072E-8,0.6608620600250344,-0.17988918018394484
SmoothGauss,8,Lat-RvRS,12,-1.80520999589893E-5,2.013464512305158E-6,0.23321561349046643,25.976919314238064,3.2282436501086915E-8,2.1116493453194156E-8,1.5287782781096053,0.18434450334826813
SmoothGauss,8,Lat-RvRSB,12,1.231906827304304E-6,2.9744382750678697E-6,0.28010585864187976,35.06174626834825,4.721010221729406E-8,1.3052825728409578E-8,3.616849194158848,0.5583304010729182
SmoothGauss,8,Lat-RpvRS,12,1.619413492846318E-5,2.1933480694448007E-6,0.5211176768621312,11.181422633787841,3.507381722255518E-8,3.0058060442267284E-8,1.1668689431881905,0.06702208102703791
SmoothGauss,8,Lat-RpvRSB,12,-1.2744801384760001E-5,2.049111099462258E-6,0.34947027703996913,43.79362938422078,3.268475041237368E-8,1.0689930113699058E-8,3.057527043183233,0.4853703069686048
SmoothGauss,8,Sob-LMS-RDS,12,-2.2820073766340376E-6,6.588836167585984E-8,0.05509298127121773,3.0943129493642605,1.0509499836938733E-9,1.6223439569356046E-9,0.6477972683912111,-0.18856088763971182
SmoothGauss,8,Lat-RvRS,14,-1.204981935918993E-5,4.94055533876796E-7,2.9600983692490557,81.20228804543075,7.986565262833683E-9,3.6824849015630386E-9,2.168797829814256,0.33621907000023954
SmoothGauss,8,Lat-RvRSB,14,-1.0854366899754654E-5,7.123616994808781E-7,1.595615522573432,142.48787998996414,1.1424015111126714E-8,1.5237381792169663E-9,7.497360942283011,0.8749084194053276
SmoothGauss,8,Lat-RpvRS,14,2.173057222763903E-6,6.08987695039495E-7,1.49141373129628,41.45571507647599,9.670226880391676E-9,5.285019360932102E-9,1.82974294320961,0.2623900808849897
SmoothGauss,8,Lat-RpvRSB,14,-1.657362954794883E-5,6.922753829696172E-7,0.97468472436364,142.77242964564576,1.126208448895328E-8,1.3054853427929577E-9,8.626741426954021,0.9358467809369205
SmoothGauss,8,Sob-LMS-RDS,14,2.2496392108820003E-6,1.0934051938868604E-8,0.0503412583021546,3.3029592263639986,1.7859990092318092E-10,2.2775225253439747E-10,0.7841850033786469,-0.10558146733060511
SmoothGauss,8,Lat-RvRS,16,-1.2820983696549452E-7,1.4266093863049842E-7,1.5667166294614754,351.8336035605003,2.2642493351692055E-9,5.229593586851569E-10,4.329685084634611,0.6364563095221635
SmoothGauss,8,Lat-RvRSB,16,3.3195445628574826E-6,3.139561626676464E-7,4.313619177721947,387.999801381728,4.9939521864441554E-9,1.9435900162192893E-10,25.694473344530202,1.409839720448573
SmoothGauss,8,Lat-RpvRS,16,7.617487669872521E-7,1.6783069515711436E-7,1.9301657697192547,180.7565014100145,2.66429315146335E-9,8.772256699966371E-10,3.037181015773927,0.4824706766100691
SmoothGauss,8,Lat-RpvRSB,16,2.7947211640892898E-6,1.719284177936077E-7,16.19185164118801,727.8900702142708,2.7365600687949823E-9,1.5761720115950317E-10,17.36206485500068,1.239601374170281
SmoothGauss,8,Sob-LMS-RDS,16,-3.268661691398786E-8,8.344890503407331E-10,0.004723370890837046,2.93168058156795,1.3245601771047488E-11,2.0793142589881476E-11,0.6370177915046458,-0.19584843792463427
SmoothGauss,16,Lat-RvRS,10,6.683873578452361E-6,8.151746736551624E-6,0.003250737411110144,3.8269467000283077,1.2942454022756777E-7,1.6463665680276255E-7,0.7861222569808407,-0.10450990764601698
SmoothGauss,16,Lat-RvRSB,10,2.780531122470023E-5,1.3044470711614344E-5,0.0013333605786395352,4.970580278444389,2.0780752048378155E-7,1.653463283901618E-7,1.2568015419938785,0.09926670487646
SmoothGauss,16,Lat-RpvRS,10,1.5129097476486752E-5,1.0293274175938697E-5,0.044664908939879594,3.6154008317261113,1.6359785543999435E-7,2.3156868844102317E-7,0.7064765817061666,-0.15090222957529584
SmoothGauss,16,Lat-RpvRSB,10,-5.0569242877659875E-5,9.6192704917128E-6,0.11650740677983792,5.304119138812557,1.5522881284369005E-7,1.1651364237901165E-7,1.3322801491240002,0.1245955569857842
SmoothGauss,16,Sob-LMS-RDS,10,-3.668540091324591E-5,1.3668347754049078E-6,0.0794769335349937,2.9712342413221453,2.3039439146949195E-8,3.7778716623738994E-8,0.6098523508993927,-0.2147752976963472
SmoothGauss,16,Lat-RvRS,12,1.92597636439054E-5,2.0187960442415366E-6,0.1621225564466181,6.839943370243735,3.24121157120812E-8,3.21994205557253E-8,1.0066055585064895,0.002859324255071378
SmoothGauss,16,Lat-RvRSB,12,8.787012691167014E-7,3.3090561861977567E-6,0.2647852248938365,11.880316878197743,5.252022101400188E-8,2.1641147000429603E-8,2.4268686411565565,0.3850462699599712
SmoothGauss,16,Lat-RpvRS,12,3.8390428884267595E-6,2.4497702065279586E-6,0.12504811903937912,5.136270936118605,3.8896091099621496E-8,4.475011222969959E-8,0.8691842134377281,-0.06088817015540601
SmoothGauss,16,Lat-RpvRSB,12,1.1689146746663455E-5,2.488199561061994E-6,0.20199887579659906,12.165341910280713,3.96279177565204E-8,1.877158673092471E-8,2.111058501582955,0.32450026862865067
SmoothGauss,16,Sob-LMS-RDS,12,-6.217377409646075E-6,2.852166265531677E-7,0.011152371410094791,2.902957627949269,4.565451097576395E-9,7.265240733639171E-9,0.6283963966173428,-0.2017663139784854
SmoothGauss,16,Lat-RvRS,14,5.767812391346462E-6,4.893052507371367E-7,0.21613334575454082,17.40977717765895,7.79924099648118E-9,6.042461279595275E-9,1.2907390938223064,0.1108384641373881
SmoothGauss,16,Lat-RvRSB,14,-1.0623608442880966E-5,8.56201846604672E-7,0.28727904884647915,30.53410009969525,1.3702007507458947E-8,3.8913425612591275E-9,3.5211517083773187,0.5466847369962735
SmoothGauss,16,Lat-RpvRS,14,1.1906807038102926E-7,5.783728601672277E-7,0.2573090507041651,10.706438212868218,9.179617715002384E-9,8.34460198855961E-9,1.1000665732874468,0.04141896837323334
SmoothGauss,16,Lat-RpvRSB,14,5.620375723742856E-6,6.519605615746018E-7,0.2822583420664176,42.51481640057622,1.0379134107695789E-8,3.602283644841807E-9,2.881265089315748,0.45958321715954736
SmoothGauss,16,Sob-LMS-RDS,14,-9.58751678639147E-7,5.248305235938906E-8,0.02313613884602086,2.907179202405726,8.339002215138826E-10,1.3094468674641496E-9,0.6368339504517646,-0.1959737918457197
SmoothGauss,16,Lat-RvRS,16,3.9747702645108085E-6,1.2423217197216677E-7,1.8520767327881256,75.19720828035395,1.9875408423853146E-9,9.832428585123092E-10,2.0214139621543286,0.3056552611004119
SmoothGauss,16,Lat-RvRSB,16,-6.210355522665114E-7,2.2555009713823613E-7,0.05120615312297412,119.72469895674372,3.58018794116547E-9,7.069252187597092E-10,5.064450731361461,0.7045323505306367
SmoothGauss,16,Lat-RpvRS,16,5.73417186701498E-6,1.5760158714085496E-7,0.42381320483721274,35.23513178242957,2.5342430600503212E-9,1.4433660784283116E-9,1.7557867667292493,0.2444717714471148
SmoothGauss,16,Lat-RpvRSB,16,-1.5034847696781513E-6,1.874746531907E-7,0.5367001266094427,132.5645488852098,2.977751033522193E-9,5.717729567468477E-10,5.20792562569655,0.7166647734517978
SmoothGauss,16,Sob-LMS-RDS,16,-2.6041732637148407E-7,1.3362195083361042E-8,0.017155895892494413,2.491456478695906,2.121449420069333E-10,3.511884708575107E-10,0.6040771825137956,-0.21890756833525865
SmoothGauss,32,Lat-RvRS,10,2.8245864275532576E-5,8.13952882254226E-6,0.02682165599618706,3.2294845833708377,1.299837791607354E-7,1.984392619720585E-7,0.6550305512577342,-0.18373844362161762
SmoothGauss,32,Lat-RvRSB,10,-2.151011337236891E-5,1.3048757952378664E-5,0.026460816831554382,3.550537218039493,2.075651147643307E-7,3.0656403377791207E-7,0.6770693620070893,-0.16936683797085988
SmoothGauss,32,Lat-RpvRS,10,1.980528035358194E-5,1.0012898455361074E-5,0.005700799412917113,3.2867842724776355,1.593112517571147E-7,2.2893064494661536E-7,0.69589308060642,-0.1574574817538567
SmoothGauss,32,Lat-RpvRSB,10,5.670307189321283E-5,9.956821337024347E-6,0.061336173855534665,3.7532298422969137,1.612442170111847E-7,2.0297770611792551E-7,0.7943937297109143,-0.0999641924616896
SmoothGauss,32,Sob-LMS-RDS,10,-1.5904780405847725E-5,3.936103431678559E-6,0.010759124280014663,2.969245347258144,6.272454650539937E-8,9.991264434055851E-8,0.6277938785365226,-0.20218292331385254
SmoothGauss,32,Lat-RvRS,12,-2.6953642469050312E-5,2.0403091065314987E-6,0.08026078111789485,3.7028910707266163,3.310911909029932E-8,4.16803558228781E-8,0.7943578800286039,-0.0999837918995282
SmoothGauss,32,Lat-RvRSB,12,-1.0415062695747446E-5,3.423261437047733E-6,0.0736966626482929,4.718259066283682,5.444052291038537E-8,4.7701514714828524E-8,1.1412745116343643,0.057390118168405384
SmoothGauss,32,Lat-RpvRS,12,1.4867835105423241E-5,2.5417526326538617E-6,0.02335590650417116,3.4956794013806496,4.0562297876128345E-8,5.387257471979009E-8,0.7529303748169992,-0.12324518214035682
SmoothGauss,32,Lat-RpvRSB,12,-7.2888590442425215E-6,2.411179371270927E-6,0.013695768656284812,5.129562304038155,3.8321988630195405E-8,2.895281216285645E-8,1.323601604384346,0.12175728491184534
SmoothGauss,32,Sob-LMS-RDS,12,-7.063394874794168E-6,1.2159983817585096E-6,0.0024684963704833945,2.4954582184843352,1.9349523006210186E-8,3.106457072053294E-8,0.6228807466964484,-0.20559509300243392
SmoothGauss,32,Lat-RvRS,14,-1.9626811982006795E-6,4.875361329798674E-7,0.04587681374853474,5.873724607301553,7.741747028066238E-9,8.102693564698883E-9,0.9554535126189165,-0.019790438597692122
SmoothGauss,32,Lat-RvRSB,14,4.987711627897127E-7,8.749084745503325E-7,0.09252803610315302,9.835863581266276,1.3886296133035965E-8,5.873894334877897E-9,2.364069787667473,0.3736602928316924
SmoothGauss,32,Lat-RpvRS,14,2.9877842743843047E-6,6.469565108169769E-7,0.010407985261479926,5.431356026100933,1.0277050905122564E-8,1.26837931582011E-8,0.810250591202492,-0.0913806434109807
SmoothGauss,32,Lat-RpvRSB,14,7.4674381253645E-6,6.33971503710207E-7,0.015223833988689702,11.091184084927045,1.0117796069613862E-8,4.726399984153408E-9,2.1406982277286377,0.33055544951331944
SmoothGauss,32,Sob-LMS-RDS,14,-7.508647239151978E-7,8.158083240395554E-8,0.00727430993462234,2.9026834669104833,1.295368152130686E-9,2.150128628550929E-9,0.602460771383568,-0.22007122647309907
SmoothGauss,32,Lat-RvRS,16,1.3717730889062002E-6,1.3232011683084502E-7,0.3929419068663778,15.48183799194524,2.1019910442512875E-9,1.5886490272025913E-9,1.3231311688476757,0.12160290018371193
SmoothGauss,32,Lat-RvRSB,16,5.416013115972056E-6,2.0368946342081722E-7,0.853594892589514,29.83316153608659,3.2621759675084952E-9,1.0709839187986594E-9,3.045961671551271,0.4837244341482468
SmoothGauss,32,Lat-RpvRS,16,3.6738701293435566E-6,1.511625351568973E-7,0.34735038077384583,10.308329518658041,2.412662701146039E-9,2.0452049030530445E-9,1.1796679626302775,0.07175978502681185
SmoothGauss,32,Lat-RpvRSB,16,-2.2939919750307593E-6,1.552325481410794E-7,0.15572141754164684,33.66336714786962,2.4690246989634944E-9,9.60872294745253E-10,2.569565916788228,0.4098597630720587
SmoothGauss,32,Sob-LMS-RDS,16,2.7334343515623306E-7,1.3892649683193657E-8,0.030628788767981995,2.9238295975124964,2.205709137482309E-10,3.2774104574038124E-10,0.673003630808438,-0.17198259278075426
PieceLinGauss,2,Lat-RvRS,10,6.223118559608712E-5,2.806687928278E-5,4.441406257120716,142.92155643658307,4.493341902202458E-7,8.272589844512496E-8,5.431602420350928,0.7349279731710209
PieceLinGauss,2,Lat-RvRSB,10,-1.2169556954291778E-5,2.8754580962569504E-5,2.5441615827845907,196.06365155344395,4.565243759652454E-7,7.454085755395046E-9,61.244851608371505,1.7870695867173756
PieceLinGauss,2,Lat-RpvRS,10,-1.0610035858064763E-4,3.599921738714678E-5,0.2758626688566433,89.70211013143951,5.826162934783717E-7,1.3998080873573854E-7,4.162115498119877,0.6193141276536372
PieceLinGauss,2,Lat-RpvRSB,10,1.2451868951735992E-5,4.0238253050784655E-5,1.4615285936961842,120.59879898776796,6.387936081749876E-7,1.387818266749227E-8,46.02862085619276,1.6630279624343107
PieceLinGauss,2,Sob-LMS-RDS,10,-4.674543876811657E-6,1.393064498331193E-7,0.19017978522543752,3.4264168878010692,2.2328437285218884E-9,3.2594262161636053E-9,0.6850419615112441,-0.16428282544970718
PieceLinGauss,2,Lat-RvRS,12,7.592279046040309E-6,8.937726087908461E-6,7.760850108841596,625.5609516496397,1.419121238963458E-7,7.814744885597122E-9,18.159533801019577,1.2591046949425795
PieceLinGauss,2,Lat-RvRSB,12,-1.3139455745038444E-5,5.399418151603206E-6,2.5559478765894212,778.3100122759101,8.586912481772099E-8,4.222256421703677E-10,203.3725956962909,2.308292431675679
PieceLinGauss,2,Lat-RpvRS,12,-3.597005596974194E-5,6.3927348398614466E-6,4.745543221154437,224.61694760815453,1.0275567931341018E-7,1.352889054625204E-8,7.595277599601615,0.8805436515065025
PieceLinGauss,2,Lat-RpvRSB,12,4.512870574957707E-5,1.0106029589977483E-5,3.607737321642534,413.08255408080237,1.6243372686070313E-7,7.141716718263062E-10,227.4435311125147,2.3568735892552652
PieceLinGauss,2,Sob-LMS-RDS,12,7.519319755121451E-7,7.673971128303995E-9,0.23575294399542815,3.5612894678494427,1.2236228631787958E-10,1.648430192622895E-10,0.7422958331234104,-0.12942297735192096
PieceLinGauss,2,Lat-RvRS,14,7.19516541900312E-6,1.7127100365083548E-6,14.772147479532205,1482.3802097717737,2.7234925413417993E-8,6.859757968921255E-10,39.7024582161765,1.5988173973593285
PieceLinGauss,2,Lat-RvRSB,14,-7.548735152757603E-6,1.2315230459900073E-6,8.970741293730045,1601.4699931811167,1.9603013460905025E-8,1.8380436255054006E-11,1066.5151353801436,3.0279670230910605
PieceLinGauss,2,Lat-RpvRS,14,1.4013871092371503E-5,4.1872153570650725E-6,15.997986276814572,1228.4601988127306,6.665347803584069E-8,1.2776282722301259E-9,52.169695587195875,1.7174183025995695
PieceLinGauss,2,Lat-RpvRSB,14,-1.3540731027218403E-5,1.588171944874955E-6,23.003600510082894,1973.36846152962,2.5389908978981117E-8,3.2874079510126776E-11,772.3382481678253,2.8878075427458088
PieceLinGauss,2,Sob-LMS-RDS,14,-9.395919512281356E-8,4.011367804150575E-10,0.24085051858550316,3.486184491880746,6.3754420880785395E-12,9.306693018608716E-12,0.6850383992821999,-0.16428508379375975
PieceLinGauss,2,Lat-RvRS,16,-5.943184245608113E-6,3.746859023252532E-7,27.782372316326004,1806.2662070209976,5.982121974453763E-9,5.866374644807235E-11,101.97306405837861,2.0084854690590577
PieceLinGauss,2,Lat-RvRSB,16,5.4943606814786645E-6,3.0677497797599894E-7,91.62022220087991,8879.741163202918,4.8991451497458195E-9,1.0203535149118593E-12,4801.4193886214225,3.6813696418594453
PieceLinGauss,2,Lat-RpvRS,16,-8.330968022148497E-6,3.171542686800319E-7,12.008711719636217,1125.0138253336845,5.103096349664853E-9,1.165838508692411E-10,43.77189732211212,1.6411953718053711
PieceLinGauss,2,Lat-RpvRSB,16,-5.315213179172587E-6,1.6887387510248554E-7,33.82930206455968,2251.9691843143755,2.7085211374094992E-9,1.7694400453731768E-12,1530.7221877858367,3.1848963773347045
PieceLinGauss,2,Sob-LMS-RDS,16,7.144816043603217E-9,2.0500727046306537E-11,0.361865376992163,3.9237625080853316,3.2542687337410494E-13,4.3321039243378006E-13,0.7511982146731377,-0.12424545290185769
PieceLinGauss,4,Lat-RvRS,10,-7.264499172678829E-5,3.768255276436475E-5,0.03427191799901707,15.932794038402976,6.033532394116884E-7,3.953964059121185E-7,1.5259451790408807,0.18353893147750983
PieceLinGauss,4,Lat-RvRSB,10,-3.060554371336121E-5,4.9033203083454705E-5,1.1125151121518357,39.13643427865039,7.791636796733929E-7,1.1095230647313532E-7,7.022509981458118,0.8464923651593546
PieceLinGauss,4,Lat-RpvRS,10,1.14163701571267E-5,4.7323009475976584E-5,0.08228062933511192,10.558555069743907,7.512140981905644E-7,5.512905857366424E-7,1.3626463386578267,0.13438315363406014
PieceLinGauss,4,Lat-RpvRSB,10,-3.987872222674144E-6,4.483913875073805E-5,0.6361144921150959,28.426797494298615,7.116770910115783E-7,2.255397840899872E-7,3.1554392671034446,0.49905982570373625
PieceLinGauss,4,Sob-LMS-RDS,10,2.6295609297715126E-6,2.2842315829296315E-6,0.08028020555327635,2.962853805271819,3.626093299975225E-8,5.658041027501975E-8,0.6408743383708098,-0.19322711791051403
PieceLinGauss,4,Lat-RvRS,12,-6.17557737196314E-6,8.795989405438792E-6,0.12802267914948048,70.56422199083765,1.3964305531934134E-7,5.28388296076638E-8,2.6428112877634096,0.4220661530639679
PieceLinGauss,4,Lat-RvRSB,12,1.953251163264555E-5,1.1520912972175534E-5,0.7683829657639913,170.43422702378706,1.8323486632620827E-7,1.4512599388953923E-8,12.62591637895518,1.101262908682243
PieceLinGauss,4,Lat-RpvRS,12,-6.890139806721041E-6,1.15990878888622E-5,1.0945004420794435,42.013406778263146,1.841415689483548E-7,7.935364222026129E-8,2.3205181740396297,0.36558497411433205
PieceLinGauss,4,Lat-RpvRSB,12,2.084895774371981E-5,1.1242569645148453E-5,0.828346873986854,110.64565954975441,1.7887032012128414E-7,2.5072125234358063E-8,7.134230483029249,0.8533471358252748
PieceLinGauss,4,Sob-LMS-RDS,12,-6.383531604804705E-7,2.3789441103476748E-7,0.0327161606474379,3.286474704990798,3.776131647037877E-9,5.522383806100716E-9,0.6837865276343686,-0.1650794601812656
PieceLinGauss,4,Lat-RvRS,14,-8.842253749508682E-6,2.18455091614015E-6,0.4264029049657537,152.99594788920587,3.4750129277537944E-8,7.022755980168426E-9,4.9482182458950446,0.6944488463527253
PieceLinGauss,4,Lat-RvRSB,14,1.6570297328358527E-5,2.7373476019043337E-6,2.9301669410252233,713.6028894811149,4.372019169234613E-8,1.9075400715851236E-9,22.9196714363204,1.3602083875355013
PieceLinGauss,4,Lat-RpvRS,14,6.690161635015982E-6,2.906987488677224E-6,0.506643858407528,119.93223915469176,4.6182802547279714E-8,1.033496765096333E-8,4.4685967200850385,0.6501711624149862
PieceLinGauss,4,Lat-RpvRSB,14,2.0032664993903155E-5,4.493868264763751E-6,1.7691650372703411,379.3051249995502,7.172541684036549E-8,2.7269090555143385E-9,26.30282689307984,1.4200024267441103
PieceLinGauss,4,Sob-LMS-RDS,14,-2.1969322431140355E-6,1.6445281187929578E-8,0.024074956555822327,2.917574289166499,2.658366169921164E-10,4.129296815258914E-10,0.6437818081029566,-0.19126129971024972
PieceLinGauss,4,Lat-RvRS,16,-7.810257284953752E-6,9.043912961466828E-7,16.77410540860348,1252.011833151597,1.4414981976270954E-8,7.519480972384276E-10,19.170182129871463,1.2826262389929517
PieceLinGauss,4,Lat-RvRSB,16,-2.348617280176966E-6,1.9158633872247928E-7,3.665541206986756,640.7893224743924,3.046264893424096E-9,1.8119948198514717E-10,16.81166447083881,1.225610713719948
PieceLinGauss,4,Lat-RpvRS,16,-2.1036060868225888E-6,8.076136891796992E-7,3.3961439477627753,484.66119925549384,1.2822408139692028E-8,1.1871105380966956E-9,10.801359880310981,1.0334784361662366
PieceLinGauss,4,Lat-RpvRSB,16,-4.224791947939436E-6,4.131563144623438E-7,0.6930301356699505,378.01583258237116,6.575229800827143E-9,2.794871596829506E-10,23.526053247977703,1.371549075650641
PieceLinGauss,4,Sob-LMS-RDS,16,1.573954093235296E-6,2.05823079459905E-9,0.009391758836914536,3.183571846860319,3.514439452760564E-11,5.0684355510943487E-11,0.6933972854802791,-0.15901786285735992
PieceLinGauss,8,Lat-RvRS,10,9.87517401608823E-5,4.292034366639455E-5,0.03918096964633505,5.374738008280822,6.909590749471501E-7,7.560074659324013E-7,0.9139580044953319,-0.03907375922782573
PieceLinGauss,8,Lat-RvRSB,10,3.302244240948167E-5,5.3204685489091306E-5,0.21957553766382273,11.951703101512296,8.455248471081224E-7,2.4139085823130025E-7,3.5027210777714792,0.5444055557568663
PieceLinGauss,8,Lat-RpvRS,10,4.157506127975404E-5,5.3129042098699403E-5,0.026402951270601518,4.209462221169004,8.449622824583444E-7,1.1392198237695886E-6,0.741702579983581,-0.12977021030911176
PieceLinGauss,8,Lat-RpvRSB,10,6.349380357208894E-5,5.043344955927445E-5,0.17158247332937693,8.44425921004302,8.044823553828211E-7,5.304407367385346E-7,1.516630039256143,0.18087965362468678
PieceLinGauss,8,Sob-LMS-RDS,10,-2.2679520309833974E-7,5.159326423974051E-6,0.07279301311777854,2.986489249366883,8.188593225085232E-8,1.3235127330964184E-7,0.6187015070061052,-0.2085188261431823
PieceLinGauss,8,Lat-RvRS,12,2.6894414847636505E-5,1.1374291522529137E-5,0.13975237317812636,13.32733591081019,1.8124956500042349E-7,1.5514330755405413E-7,1.168271889119507,0.06754392685428652
PieceLinGauss,8,Lat-RvRSB,12,-4.1408382681371116E-5,1.3433131430420327E-5,0.36193387078928874,41.18854397795211,2.149176401448152E-7,3.703467935132064E-8,5.803145697740497,0.7636634743953756
PieceLinGauss,8,Lat-RpvRS,12,3.3067615961324407E-5,1.3890595804573142E-5,0.05869982062291125,9.143963926773193,2.2155706635223365E-7,2.0358030236694273E-7,1.0883030616237555,0.03674985093498119
PieceLinGauss,8,Lat-RpvRSB,12,-4.8890840855537204E-5,1.265623313678988E-5,0.23956611743889003,25.946710653668546,2.032628145334694E-7,7.709513577082458E-8,2.636519314755406,0.4210309572570776
PieceLinGauss,8,Sob-LMS-RDS,12,4.54725685121138E-6,7.516338528746125E-7,0.03912211482751071,3.1023331943299244,1.1950180552637953E-8,1.9469396123954836E-8,0.6137930769169898,-0.2119780143624975
PieceLinGauss,8,Lat-RvRS,14,2.7550695482477797E-5,2.703248144353832E-6,0.12694402408098213,50.350190228227135,4.36634506555269E-8,2.56970072111629E-8,1.6991648208963142,0.23023550796495498
PieceLinGauss,8,Lat-RvRSB,14,-1.937499200802527E-5,3.0659844884303694E-6,1.8236850871262391,151.04054360263052,4.903694412454162E-8,6.117169204272297E-9,8.01628048645339,0.9039729045795358
PieceLinGauss,8,Lat-RpvRS,14,6.212399323578355E-6,3.714931308391359E-6,0.9717287673659339,32.27875216514783,5.8999860814252746E-8,3.854661334153783E-8,1.5306107514943341,0.18486475962603663
PieceLinGauss,8,Lat-RpvRSB,14,-2.9370296397765264E-5,3.5242380193270238E-6,1.0272026966037866,90.79657977638983,5.6797306302954344E-8,1.2999362315124568E-8,4.3692378846054245,0.6404056906603552
PieceLinGauss,8,Sob-LMS-RDS,14,-6.752947600846742E-6,1.4847255319055248E-7,0.02959505492768516,2.991101715054459,2.4020738240812647E-9,3.6917193103048208E-9,0.6506653464623583,-0.18664232257448293
PieceLinGauss,8,Lat-RvRS,16,-1.2754829435626109E-5,6.419984428907439E-7,3.974221057689226,185.13827790254865,1.0352118103240722E-8,3.988674486580029E-9,2.5953780229674344,0.41420062281341474
PieceLinGauss,8,Lat-RvRSB,16,6.936770390426089E-6,5.483824922002228E-7,11.40354053184724,819.5526204095792,8.751732338227313E-9,1.2369252651980842E-9,7.075392980048629,0.8497505663626737
PieceLinGauss,8,Lat-RpvRS,16,-9.597449575513166E-6,8.281690370195963E-7,0.14152268299325546,100.94619122268821,1.3236336754479826E-8,6.15525804860154E-9,2.1504113474961604,0.33252154310641496
PieceLinGauss,8,Lat-RpvRSB,16,-6.330713556832009E-6,5.507583120498468E-7,4.161116320320968,199.95935124703954,8.781399143958367E-9,1.8460730246736669E-9,4.756799447579095,0.6773148414249887
PieceLinGauss,8,Sob-LMS-RDS,16,1.4918294442445695E-6,2.2129176378473246E-8,0.030550652116881957,3.0291814437837896,3.534471973261976E-10,5.447267125119999E-10,0.6488523312842152,-0.18785413063499606
PieceLinGauss,16,Lat-RvRS,10,-1.003634220765009E-4,4.48189846061716E-5,0.0701459413099858,3.5438972067497323,7.214141293117151E-7,1.0250297717577244E-6,0.7037982204893736,-0.15255183558639487
PieceLinGauss,16,Lat-RvRSB,10,-4.85884312150144E-5,5.6123525364665364E-5,0.13360981474247965,5.30556792040514,8.931213596499821E-7,5.958066004703156E-7,1.4990121944687644,0.17580516584958208
PieceLinGauss,16,Lat-RpvRS,10,1.3259989367624716E-4,5.6400575764885715E-5,0.13893330998513825,3.400139474228578,9.12740441442781E-7,1.282481536946027E-6,0.7116986990832551,-0.14770382802087573
PieceLinGauss,16,Lat-RpvRSB,10,-1.0104377411150007E-4,5.496758800161836E-5,0.05468999624302289,4.858229244813357,8.826239909980958E-7,8.979704816115645E-7,0.9829098050239615,-0.007486332602829691
PieceLinGauss,16,Sob-LMS-RDS,10,-2.9877557295659733E-6,9.376850214179618E-6,0.05223180249330534,2.99773167489249,1.4883293508363606E-7,2.1309005237988508E-7,0.6984508822509696,-0.15586412973220257
PieceLinGauss,16,Lat-RvRS,12,2.474917256380729E-5,1.1240710436777777E-5,0.047554337750624766,5.301795260788711,1.7901865433202327E-7,1.979839108687152E-7,0.9042080921955928,-0.04373161057294067
PieceLinGauss,16,Lat-RvRSB,12,9.040030056610915E-6,1.4655167812667274E-5,0.13668668659942407,12.224120282247936,2.3268017128447215E-7,6.499158606500439E-8,3.5801583769896945,0.5539022391386474
PieceLinGauss,16,Lat-RpvRS,12,2.2120466844409208E-5,1.4348789134006879E-5,0.01769731643671586,4.4751673059880686,2.2822509688029521E-7,2.8553098348463584E-7,0.7993006366420329,-0.0972898411149325
PieceLinGauss,16,Lat-RpvRSB,12,-1.282755136076584E-5,1.3659322913108187E-5,0.007933599211950877,8.266135100996827,2.1695751402338733E-7,1.4636392214657162E-7,1.4823155244919028,0.17094065705801778
PieceLinGauss,16,Sob-LMS-RDS,12,-2.6495305698050637E-5,1.7176252494518197E-6,0.0043620070922023,2.9884649572289335,2.7963167683189896E-8,4.2534189573452356E-8,0.6574280117621675,-0.18215179539500487
PieceLinGauss,16,Lat-RvRS,14,2.2914862446311437E-5,2.628520428092167E-6,0.1428788687887188,9.748464417511716,4.2243465143939044E-8,4.101441683343821E-8,1.0299662510256349,0.012822994381417456
PieceLinGauss,16,Lat-RvRSB,14,-3.554729961741007E-5,3.3421567093213956E-6,0.9617389634075968,37.74157935187114,5.4308411996605216E-8,9.444911534346588E-9,5.750018070482896,0.759669209541574
PieceLinGauss,16,Lat-RpvRS,14,-1.3219749751173086E-5,3.595957490518709E-6,0.13682021458159882,8.007209632802416,5.724774424014487E-8,6.276940790392555E-8,0.9120325673259161,-0.03998965338495499
PieceLinGauss,16,Lat-RpvRSB,14,-2.560259358130374E-5,3.3167009768430465E-6,0.10723487705049309,25.771005910786304,5.329627544484119E-8,2.3634732054105315E-8,2.254998081756705,0.35314617677591625
PieceLinGauss,16,Sob-LMS-RDS,14,3.2729832661771234E-6,3.7819834331108297E-7,0.01936879278132851,3.1405038341423572,6.01326041115515E-9,8.71751568828008E-9,0.6897906039032933,-0.1612827257423941
PieceLinGauss,16,Lat-RvRS,16,1.8132764253719533E-5,6.651676125882726E-7,1.580664806856406,49.47676526454209,1.088595739070341E-8,7.126923481919177E-9,1.5274413171855719,0.18396453406218669
PieceLinGauss,16,Lat-RvRSB,16,-8.908349272869948E-6,9.297027029722752E-7,1.930580855313218,144.68780392012934,1.4835068729655982E-8,1.610328413651779E-9,9.212449214638244,0.9643751067435622
PieceLinGauss,16,Lat-RpvRS,16,1.6846642936730351E-6,7.844534773330358E-7,0.3334929011615895,14.595741550207208,1.2453235426882415E-8,1.1608347760661794E-8,1.0727827666469267,0.030511788323912572
PieceLinGauss,16,Lat-RpvRSB,16,-1.7301585424143225E-6,8.702479053835716E-7,0.9497649949046997,98.88428088199244,1.3815070918312574E-8,3.80812477411624E-9,3.6277884097215978,0.5596419489585949
PieceLinGauss,16,Sob-LMS-RDS,16,2.94149818365979E-6,6.347627891120076E-8,0.04348948054152369,2.953737106668142,1.0161116382836745E-9,1.5953683141096481E-9,0.6369135135109861,-0.19591953651080318
PieceLinGauss,32,Lat-RvRS,10,1.302856011173364E-4,4.6438004766811306E-5,0.07482676849312378,3.095917782756704,7.540118135146108E-7,1.1313988889049995E-6,0.6664420664619577,-0.17623759765213382
PieceLinGauss,32,Lat-RvRSB,10,4.674935566985078E-6,5.7790441880934906E-5,0.14780796288809467,3.3955539591102073,9.172387254471081E-7,1.3026140862356836E-6,0.7041523158234533,-0.15233338806436258
PieceLinGauss,32,Lat-RpvRS,10,3.989524515820142E-5,5.9376962073056877E-5,0.09674314664670751,3.2126853692740345,9.439888429171786E-7,1.3481471497618306E-6,0.700212022911555,-0.15477043650255282
PieceLinGauss,32,Lat-RpvRSB,10,5.903403823206742E-5,5.658221491515032E-5,0.08752102065747898,3.616463917107007,9.01525600109014E-7,1.2187412497273702E-6,0.739718623875809,-0.13093344694000653
PieceLinGauss,32,Sob-LMS-RDS,10,-8.651217198165109E-5,2.2203548278147297E-5,0.026095361348384204,2.9556303561150816,3.5988638642986345E-7,5.657683250012927E-7,0.6361020412887928,-0.19647321074474378
PieceLinGauss,32,Lat-RvRS,12,3.562436179512858E-5,1.1484274752480314E-5,0.03524194749136025,3.7103685886401347,1.8354094158196207E-7,2.6480811872205033E-7,0.693109193433044,-0.15919834061220323
PieceLinGauss,32,Lat-RvRSB,12,-1.5872105368259416E-5,1.3974574675053313E-5,0.03084714606720747,4.945163965318039,2.2204838750002446E-7,1.5098958394643668E-7,1.4706205666398537,0.16750063528983727
PieceLinGauss,32,Lat-RpvRS,12,1.7582964691418937E-5,1.4791809685074646E-5,0.08661252695843862,3.577073266190987,2.350763115061673E-7,3.44160486878412E-7,0.6830427096333609,-0.16555213968863736
PieceLinGauss,32,Lat-RpvRSB,12,-1.2962933003327534E-5,1.4138399866420604E-5,0.11573352906792084,4.461994207463675,2.2456464122623866E-7,2.1681552873713787E-7,1.0357405787963445,0.01525099160067735
PieceLinGauss,32,Sob-LMS-RDS,12,-8.440913922017518E-6,6.7124288931626125E-6,0.036160514166960256,2.591788664311825,1.0660708474646266E-7,1.9652111275358986E-7,0.5424714080473029,-0.26562314716517754
PieceLinGauss,32,Lat-RvRS,14,-1.7686351332854363E-5,2.8882554915993118E-6,0.1505554357727123,5.371517455757114,4.615354775442395E-8,5.187378968927181E-8,0.8897277031596772,-0.050742886736366476
PieceLinGauss,32,Lat-RvRSB,14,1.691414306097529E-5,3.5434589193335495E-6,0.0872791095241488,11.2152195967237,5.6525843369481045E-8,1.7581194617075287E-8,3.2151309737838725,0.5071986693389402
PieceLinGauss,32,Lat-RpvRS,14,8.83979200777762E-6,3.6483320049361572E-6,0.09000832075986814,4.37689389726539,5.7982382743941784E-8,7.985040819935363E-8,0.7261375871640333,-0.13898108221342168
PieceLinGauss,32,Lat-RpvRSB,14,-3.7472015248159916E-5,3.5086945991612848E-6,0.04578520489919374,8.487740969078377,5.7092147636303865E-8,4.3486069458367924E-8,1.312883604965998,0.11822622497623463
PieceLinGauss,32,Sob-LMS-RDS,14,-8.896506429117846E-7,5.876244748656187E-7,0.006910707284987867,2.88487023691452,9.327231357919326E-9,1.4410173980946759E-8,0.6472670885342441,-0.1889164749090687
PieceLinGauss,32,Lat-RvRS,16,-6.232253522748598E-6,6.934267573324766E-7,0.24366258597841234,11.917981789735384,1.1044514232491547E-8,1.0264793203318948E-8,1.0759607148169814,0.03179641477863134
PieceLinGauss,32,Lat-RvRSB,16,-6.151708295692883E-6,9.430684324625871E-7,0.29757425245171537,33.072052754599724,1.5005686778754357E-8,2.478064619762367E-9,6.055405762660588,0.7821432498044556
PieceLinGauss,32,Lat-RpvRS,16,8.554139277549437E-6,8.733129543722062E-7,0.17430288636335767,7.987906647641842,1.3933897474601445E-8,1.4699895225143866E-8,0.9478909380774226,-0.023241628606980546
PieceLinGauss,32,Lat-RpvRSB,16,9.601409881558661E-6,8.640111250292484E-7,0.136037914531065,27.59353656301176,1.3805277927535049E-8,6.797252822025301E-9,2.031008451355741,0.3077117305783796
PieceLinGauss,32,Sob-LMS-RDS,16,-6.848040274535891E-7,8.52188380875504E-8,0.028354887165971374,3.0665730826710518,1.3530136582027092E-9,2.153852534145058E-9,0.6281830518818546,-0.20191378486441558
IndSumNormal,2,Lat-RvRS,10,1.6847653729295379E-4,8.362465708812975E-5,5.076563372110172,235.3720237141259,1.3556271154026833E-6,2.5027959226395515E-7,5.416450870564721,0.7337148082709494
IndSumNormal,2,Lat-RvRSB,10,-7.712893145702913E-5,7.558009066287466E-5,3.1885134692637926,159.26200548564344,1.205512882445614E-6,3.793514854172987E-7,3.1778256545364822,0.502130066770116
IndSumNormal,2,Lat-RpvRS,10,-4.441539313874694E-5,5.99921710882396E-5,0.9467066219197812,123.40566313059202,9.541341854195866E-7,2.497750072926995E-7,3.8199746073932928,0.582060476025419
IndSumNormal,2,Lat-RpvRSB,10,-4.174402588373515E-5,7.8581772469192E-5,1.0234350167179138,90.69328595096283,1.248947552458015E-6,4.777247527697401E-7,2.6143664217039193,0.41736645691384666
IndSumNormal,2,Sob-LMS-RDS,10,5.781224792948625E-6,5.576913425213971E-6,0.050525737779559286,3.0062590056597,8.854700563743121E-8,2.535588271962779E-7,0.3492168133783316,-0.45690485493883654
IndSumNormal,2,Lat-RvRS,12,2.7827123230444308E-5,1.8887414038926412E-5,21.832268667829865,1386.651172635645,3.0054459160510006E-7,2.5249398478653184E-8,11.903039664853484,1.0756578808127784
IndSumNormal,2,Lat-RvRSB,12,8.603024823044679E-5,2.9452870799751506E-5,4.269669296839384,405.3511775505647,4.7486033873236265E-7,4.4335802114717554E-8,10.710539024503849,1.0298113279258732
IndSumNormal,2,Lat-RpvRS,12,2.0987445947821867E-5,1.7080305409609365E-5,13.438957173538636,517.6399951560712,2.7152932017421283E-7,3.221130092014186E-8,8.429629118283279,0.9258084672194836
IndSumNormal,2,Lat-RpvRSB,12,-1.4121750208283387E-5,1.6737557466903327E-5,3.9638567913066396,390.2444617868439,2.6584837162508224E-7,6.627077052597993E-8,4.011547919468697,0.603311984382595
IndSumNormal,2,Sob-LMS-RDS,12,-2.617212707052443E-6,6.49599576427978E-7,0.021471378532915412,3.005675694511363,1.0316923079660866E-8,2.1931396237348915E-8,0.47041797831782656,-0.32751608885576106
IndSumNormal,2,Lat-RvRS,14,-7.7136482539255E-6,1.1614343051788695E-6,11.820445921618038,795.2412384070594,1.849312198443849E-8,3.108592299458997E-9,5.9490342260890685,0.7744464675228574
IndSumNormal,2,Lat-RvRSB,14,-1.65942634883026E-5,5.69038058948082E-6,9.718990446678001,1330.6104776154918,9.058983865090766E-8,5.43686171306365E-9,16.662156117239302,1.2217311993055449
IndSumNormal,2,Lat-RpvRS,14,2.76123158812692E-6,3.1117512037716196E-6,4.071041318639241,1128.5629585092584,4.93955613626014E-8,3.829091106031433E-9,12.90007471611095,1.110592225702406
IndSumNormal,2,Lat-RpvRSB,14,2.6337510736037462E-5,4.404168774756198E-6,18.01722458004174,628.8052530149331,7.059411459682997E-8,8.947549899350775E-9,7.889770427762824,0.8970643665292776
IndSumNormal,2,Sob-LMS-RDS,14,-1.1218513789256205E-6,8.18041765099108E-8,0.02160716826326509,2.930167543301697,1.2996076948379818E-9,2.3288036247260845E-9,0.5580580865811915,-0.2533205943083819
IndSumNormal,2,Lat-RvRS,16,-1.1783167296894349E-5,1.1344556516833272E-6,49.764801252396026,3288.6802705633154,1.814427487469198E-8,3.048682306822847E-10,59.51513817653519,1.7746274462383653
IndSumNormal,2,Lat-RvRSB,16,3.501561707011206E-6,3.021466608538082E-7,25.594435421294907,1286.3480860613033,4.807760080224877E-9,7.234949630646673E-10,6.645188046451059,0.8225072751779993
IndSumNormal,2,Lat-RpvRS,16,5.6204727260750465E-6,2.2039100486716457E-6,22.56929425671408,2745.4666016152005,3.501079062901025E-8,4.172851736363804E-10,83.90135293787942,1.9237689640315365
IndSumNormal,2,Lat-RpvRSB,16,1.6300103154012482E-5,1.605592832406371E-6,52.75890359806256,3431.9876489855587,2.574874531716685E-8,1.0885735046322226E-9,23.65365793637071,1.373898312039491
IndSumNormal,2,Sob-LMS-RDS,16,-5.29810363300652E-7,1.0165001692944972E-8,0.030505637959042264,3.134748827286066,1.6161379731908742E-10,2.5464551766334034E-10,0.6346618577938311,-0.1974576013353595
IndSumNormal,4,Lat-RvRS,10,-3.201174395704614E-5,6.603856335187957E-5,0.040786716249091345,27.133147591240913,1.0491510929502887E-6,7.744870582999301E-7,1.3546399280748103,0.13182387230902837
IndSumNormal,4,Lat-RvRSB,10,1.3019528729293228E-4,9.470277463499237E-5,0.5975782781690677,21.13514408656082,1.5200191359686678E-6,1.0456945727898167E-6,1.4535976139891373,0.16244420142697164
IndSumNormal,4,Lat-RpvRS,10,1.0775761027960339E-4,8.882817700704734E-5,0.06280987952989198,15.916749132252027,1.4214417690707364E-6,9.9309191328572E-7,1.4313295174942957,0.1557396275789511
IndSumNormal,4,Lat-RpvRSB,10,8.573398304593123E-5,8.76058845809502E-5,0.3353667263391052,15.467505132117806,1.3977808554122866E-6,1.4579290604398752E-6,0.9587440797637704,-0.018297304799274907
IndSumNormal,4,Sob-LMS-RDS,10,2.5507787292954813E-5,2.970828659976283E-5,0.014355974200629786,2.9416603424293473,4.72163595960247E-7,7.912690901397429E-7,0.5967168461955971,-0.22423170120984165
IndSumNormal,4,Lat-RvRS,12,5.175290448045047E-5,1.89286335568056E-5,2.40165827343235,154.52536116070112,3.031028185737487E-7,1.139546281720248E-7,2.659855272540468,0.4248580065381979
IndSumNormal,4,Lat-RvRSB,12,2.228513104295673E-5,2.4958553747220384E-5,0.8709108129490596,74.07501661472102,3.96624530110771E-7,1.729226987230807E-7,2.29365221014696,0.3605275658473279
IndSumNormal,4,Lat-RpvRS,12,5.794070111948027E-6,1.995267795577663E-5,0.40005961948197905,37.39639733258844,3.167110742322884E-7,1.5358964906608505E-7,2.0620600161409124,0.3143013012479411
IndSumNormal,4,Lat-RpvRSB,12,2.574197558399595E-5,2.1339342927964088E-5,0.0801039805727884,50.009732994839105,3.3934850634936854E-7,2.489636578378712E-7,1.3630443466988154,0.13450998585175208
IndSumNormal,4,Sob-LMS-RDS,12,1.176267010544788E-5,4.949642664933869E-6,0.03367853356124365,3.084435202014808,7.869626041860287E-8,1.2247725760074186E-7,0.6425377409669091,-0.19210135793863223
IndSumNormal,4,Lat-RvRS,14,-1.3493677550801849E-5,4.563222354305351E-6,10.005258634395457,460.58866944320977,7.260693698574853E-8,1.7179371460106702E-8,4.226402412588473,0.6259708455904771
IndSumNormal,4,Lat-RvRSB,14,-7.811304503926699E-6,6.003001368608239E-6,6.651554815840304,364.7038418052641,9.53372239141067E-8,3.367006064257422E-8,2.8315132819676965,0.4520186031413403
IndSumNormal,4,Lat-RpvRS,14,-2.2456385246529376E-5,6.951682130089234E-6,1.1817746803485005,457.5293150171225,1.1083741561732825E-7,2.4066724864025455E-8,4.605421645178077,0.6632693977883065
IndSumNormal,4,Lat-RpvRSB,14,9.711411892080594E-7,5.212720237336575E-6,0.4144177894532936,227.57186075400543,8.273426002493703E-8,4.793767320109961E-8,1.7258714180361854,0.23700843650230224
IndSumNormal,4,Sob-LMS-RDS,14,5.45163494920014E-6,8.588591434977294E-7,0.00290789322083782,3.1735407430936515,1.3661041872561876E-8,2.0944531234968438E-8,0.65224863327348,-0.18558682225059753
IndSumNormal,4,Lat-RvRS,16,1.2412694519511554E-5,1.5793849311356298E-6,31.856374352662865,1642.4852106541543,2.52211701065445E-8,2.622396422627174E-9,9.617603917136746,0.9830668875076025
IndSumNormal,4,Lat-RvRSB,16,-3.92481261739717E-7,1.3875207655669949E-6,1.7901369635710715,1042.7997828405628,2.2022090763611265E-8,5.711628581821207E-9,3.8556587579420847,0.5860985900387043
IndSumNormal,4,Lat-RpvRS,16,2.6152112198198902E-5,4.221470489932706E-6,27.995543194015927,2083.5390324251393,6.768470031978772E-8,3.799825655387319E-9,17.812580486114058,1.2507268397158828
IndSumNormal,4,Lat-RpvRSB,16,-3.467074847797582E-5,1.292023439403098E-6,14.822733468858425,795.1580296914979,2.1708318531120803E-8,8.457173315276393E-9,2.5668527440378397,0.40940095465267434
IndSumNormal,4,Sob-LMS-RDS,16,3.6556754765433432E-6,1.549492655584613E-7,0.004702039488190468,2.992614200799794,2.4726301636962357E-9,4.072806381031587E-9,0.6071072210091047,-0.2167346015435267
IndSumNormal,8,Lat-RvRS,10,-2.7519556457049478E-5,7.533783789145487E-5,0.08439883021863387,6.150460070883811,1.1964764388076836E-6,1.6132552215950044E-6,0.7416535355296994,-0.1297989286127932
IndSumNormal,8,Lat-RvRSB,10,-6.130861895704789E-5,9.747072268109373E-5,0.03350055072713225,6.415095747234437,1.5507583595969224E-6,1.57425263777968E-6,0.9850759162672302,-0.0065302986948027695
IndSumNormal,8,Lat-RpvRS,10,8.951524485772879E-5,9.536482500084583E-5,0.11506024143291751,4.3758774318606095,1.5215889872896494E-6,1.8823935693425207E-6,0.8083267028058896,-0.09241307418957535
IndSumNormal,8,Lat-RpvRSB,10,2.4926805951539412E-5,9.674358441720971E-5,0.13558268976612164,5.27438053847469,1.5360802354766597E-6,1.7482288761411224E-6,0.8786493899284287,-0.056184388174604354
IndSumNormal,8,Sob-LMS-RDS,10,-9.648462707047366E-6,4.144892370668651E-5,0.03592931612895176,2.986731769615403,6.579467248058765E-7,1.0832847809201259E-6,0.6073626588264505,-0.21655191239162525
IndSumNormal,8,Lat-RvRS,12,1.803708416794931E-5,1.9119415963717827E-5,0.28769565908554057,15.944318852391799,3.0377778120086035E-7,3.289869964539405E-7,0.923373216799438,-0.03462272667128126
IndSumNormal,8,Lat-RvRSB,12,-4.294924395706057E-5,2.3473787694016086E-5,0.6630568471750214,14.972132392457265,3.7440718224293834E-7,3.2770343086151843E-7,1.1425183473320304,0.05786318299228536
IndSumNormal,8,Lat-RpvRS,12,8.387058101001807E-5,2.3784938499239312E-5,0.020422419879047266,6.299917523509844,3.8453522682545623E-7,4.896131852308785E-7,0.7853857666111004,-0.10491697362616899
IndSumNormal,8,Lat-RpvRSB,12,8.12905573813823E-5,2.4374739948688162E-5,0.14753741485606078,12.443584360318146,3.9347009876212655E-7,3.565332926844424E-7,1.1035998792695523,0.042811644296663884
IndSumNormal,8,Sob-LMS-RDS,12,-5.593752520705767E-5,8.461768427590482E-6,0.02154001833441688,2.983947767519376,1.3742935991276203E-7,2.154409786346339E-7,0.6378979560143399,-0.19524878943617613
IndSumNormal,8,Lat-RvRS,14,-1.2645288878925614E-5,4.7000962011393126E-6,0.9012296024740329,25.260580242957566,7.475714446605686E-8,6.58271622212731E-8,1.1356580162876577,0.055247570812249736
IndSumNormal,8,Lat-RvRSB,14,-1.6496607238298855E-5,6.495262969761002E-6,1.302937293024947,51.78561121670113,1.0336124032758146E-7,6.438025720416861E-8,1.6054803881847313,0.2056050047918562
IndSumNormal,8,Lat-RpvRS,14,1.8764566071344213E-5,6.0950748195118575E-6,0.05504642117230857,19.55540853953014,9.708965357524117E-8,9.264100788278782E-8,1.0480202643961074,0.02036968019572617
IndSumNormal,8,Lat-RpvRSB,14,1.6154166290985706E-5,5.5907501736039805E-6,1.8475572641345581,37.56854788809285,8.899414912961427E-8,8.870990391933871E-8,1.0032042105527925,0.0013893462697413938
IndSumNormal,8,Sob-LMS-RDS,14,4.7253165898237466E-6,1.8676292590095783E-6,0.028637668680957278,2.898079900127684,2.9664272999154656E-8,4.90562897330702E-8,0.6046986667880255,-0.21846098890562105
IndSumNormal,8,Lat-RvRS,16,5.448583191385878E-6,1.254210698081432E-6,7.926681463312606,388.2966358663806,1.9935802566914467E-8,1.2332889008277287E-8,1.616474660035815,0.20856890097177885
IndSumNormal,8,Lat-RvRSB,16,1.1816075867168786E-5,1.5591324391480536E-6,1.1997100166454482,189.40616946763427,2.4885278790234223E-8,1.4009895298120425E-8,1.77626443743465,0.24950762088498127
IndSumNormal,8,Lat-RpvRS,16,-1.8742563660119072E-5,1.441173883523034E-6,0.10607031459632803,26.524637741351494,2.3224772043897768E-8,1.743834304424457E-8,1.3318221797203935,0.12444624321155517
IndSumNormal,8,Lat-RpvRSB,16,-1.2751892881782088E-5,1.53669209713248E-6,4.037641371189994,185.99974775903357,2.455210962798538E-8,1.9848127385822794E-8,1.2369987934238353,0.09236927601584186
IndSumNormal,8,Sob-LMS-RDS,16,4.188207214825895E-6,3.936305819096945E-7,0.01762280594101948,2.9295688726020566,6.265020743983898E-9,1.000829086728496E-8,0.6259830801343873,-0.2034374052936878
IndSumNormal,16,Lat-RvRS,10,7.589841229294764E-5,7.561557042812112E-5,0.008508728843400449,3.2637646034084855,1.2058876939263412E-6,1.8947606612827222E-6,0.6364327266062062,-0.19624749618596696
IndSumNormal,16,Lat-RvRSB,10,1.9257787292960692E-5,1.0198459107347188E-4,0.011634467335777065,3.790822773041502,1.619012014980382E-6,2.097916143224707E-6,0.7717238938310463,-0.1125380530760415
IndSumNormal,16,Lat-RpvRS,10,3.1120885431044904E-5,9.920817851930568E-5,0.007097310589451713,3.163854373120053,1.5755440285807068E-6,2.2992240707202535E-6,0.6852503192901738,-0.16415075343030525
IndSumNormal,16,Lat-RpvRSB,10,7.866016989899758E-5,9.928896690112414E-5,0.021186108684556795,3.6090871329236958,1.5820451684306667E-6,2.0162604088254485E-6,0.7846432740065906,-0.1053277436905305
IndSumNormal,16,Sob-LMS-RDS,10,2.0431638104294789E-4,4.7537929413974096E-5,0.030934251057134175,2.9570484301005435,7.962400346899902E-7,1.3473463314076338E-6,0.5909690894828222,-0.22843523420861558
IndSumNormal,16,Lat-RvRS,12,-4.39746345820515E-5,1.913179055322756E-5,0.1312577714870121,3.8982807150389256,3.055826156957081E-7,4.0527682167184694E-7,0.7540096036953692,-0.122623122558153
IndSumNormal,16,Lat-RvRSB,12,-6.931643145705173E-5,2.608530163013861E-5,0.14712776276946726,6.284862375961554,4.188157692568543E-7,4.2426365129681223E-7,0.9871592062546348,-0.005612799891632673
IndSumNormal,16,Lat-RpvRS,12,-2.042488745807205E-5,2.5007656735482355E-5,0.06708901752292323,3.6357593824511087,3.9732441364368774E-7,5.685305604860782E-7,0.6988620159732244,-0.15560856333432693
IndSumNormal,16,Lat-RpvRSB,12,4.0266910968564794E-5,2.361292327684809E-5,0.09545033276628867,5.173362298645054,3.763922492700679E-7,4.2886205434222813E-7,0.8776534213253341,-0.05667694983546085
IndSumNormal,16,Sob-LMS-RDS,12,6.684545105451873E-6,1.134241586483072E-5,0.011717887305903646,3.0380890732391834,1.8006502636936582E-7,2.6843270251721683E-7,0.6708013765864341,-0.17340605482671698
IndSumNormal,16,Lat-RvRS,14,1.3105443542948168E-5,4.831287663916909E-6,0.14157944531657804,6.463947007738184,7.685118971633864E-8,9.861308435667412E-8,0.7793204138953327,-0.10828394749239607
IndSumNormal,16,Lat-RvRSB,14,1.612668377732265E-5,6.156152871848393E-6,0.13116695687864882,13.886442726997483,9.796701050999039E-8,8.369770423170561E-8,1.1704862326782843,0.06836630986774384
IndSumNormal,16,Lat-RpvRS,14,-1.1572886611835104E-5,6.053558243198767E-6,0.08179903461602908,5.779516976097368,9.621254896444224E-8,1.188301192509968E-7,0.809664667265199,-0.09169481236833589
IndSumNormal,16,Lat-RpvRSB,14,-1.8288469490401286E-5,6.120326876851888E-6,0.5030156918837747,13.705534618245041,9.747279897605058E-8,1.0197691842245893E-7,0.9558319714295623,-0.019618446944314256
IndSumNormal,16,Sob-LMS-RDS,14,1.2244847839823003E-5,2.581508338253178E-6,0.023716446820648284,2.9968606233955692,4.1122161495752996E-8,6.635519343355298E-8,0.6197278520019999,-0.20779898521394233
IndSumNormal,16,Lat-RvRS,16,-4.750391417988533E-6,1.264127279206229E-6,0.35824966932634406,18.23572526218588,2.0086072035740104E-8,2.1472567171497885E-8,0.9354294656673293,-0.028988954103398974
IndSumNormal,16,Lat-RvRSB,16,-1.8258997375016378E-5,1.575301784126644E-6,1.118944594482934,47.956759798187676,2.5335680730350876E-8,1.8399589010735164E-8,1.3769699266417788,0.13892445526334987
IndSumNormal,16,Lat-RpvRS,16,-7.216879056927952E-6,1.4295112368954618E-6,0.2003334622662623,7.116121171717302,2.2740468831763154E-8,2.8887835101821603E-8,0.7871987897884806,-0.10391558224514584
IndSumNormal,16,Lat-RpvRSB,16,-1.77120067101137E-5,1.4135123902540791E-6,0.6189930927989803,29.961983171496826,2.2748176118446E-8,2.431004360133218E-8,0.9357521727027841,-0.02883915583338074
IndSumNormal,16,Sob-LMS-RDS,16,-3.4045662226729127E-6,7.082401423400503E-7,0.021460234650970324,3.028994931606587,1.1252373901733078E-8,1.7749834706761806E-8,0.6339424613033992,-0.19795015832083082
IndSumNormal,32,Lat-RvRS,10,6.232419354295374E-5,7.606588158205479E-5,0.018822233146634657,3.0227611826990386,1.2111585113531063E-6,1.957584095750971E-6,0.618700628995701,-0.20851944245870735
IndSumNormal,32,Lat-RvRSB,10,1.1261716229293191E-4,1.0429935998017262E-4,0.030680170453417234,3.140872988845392,1.6680624672139382E-6,2.659263965763959E-6,0.6272647201214316,-0.202549138235753
IndSumNormal,32,Lat-RpvRS,10,1.015666888889161E-4,9.772435888117895E-5,0.03622392824721587,3.1864446232680446,1.5613409739631411E-6,2.248579216981085E-6,0.6943677866325645,-0.1584104353146181
IndSumNormal,32,Lat-RpvRSB,10,4.272324327665665E-5,1.0060157600851978E-4,0.032175750319900644,3.2730589641349956,1.5985160033084402E-6,2.2071265486470613E-6,0.7242520843620448,-0.14011024624414295
IndSumNormal,32,Sob-LMS-RDS,10,1.0363278729293466E-4,5.9755412100887485E-5,0.00889815254546283,2.9891972291471425,9.591435095176168E-7,1.602255564747888E-6,0.5986208009635069,-0.22284819630519165
IndSumNormal,32,Lat-RvRS,12,-6.487307208204898E-5,1.956129002325511E-5,0.003473265823897717,3.2497867255330157,3.1467413285045454E-7,4.908867354758763E-7,0.6410320550735651,-0.19312025286263454
IndSumNormal,32,Lat-RvRSB,12,6.815915448044452E-5,2.5918376243690325E-5,0.02747754499804269,3.7282502949618372,4.1600732757863126E-7,5.945000272821339E-7,0.6997599806352998,-0.1550508985010643
IndSumNormal,32,Lat-RpvRS,12,-1.674441908836594E-5,2.5379766449372057E-5,0.05928979617018996,3.310284778551481,4.030935259313548E-7,5.726424247484702E-7,0.7039183764779762,-0.1524776969663674
IndSumNormal,32,Lat-RpvRSB,12,5.0213710294211945E-5,2.5128688655635186E-5,0.03931537665161815,3.556721772096758,4.013496037930923E-7,5.508695945496664E-7,0.7285746168677071,-0.1375259634074665
IndSumNormal,32,Sob-LMS-RDS,12,-3.9599861445443024E-6,1.5546535746385165E-5,0.031927401314573604,2.931250210574397,2.467614131221781E-7,4.0315850900621305E-7,0.6120704576729529,-0.21319858174773895
IndSumNormal,32,Lat-RvRS,14,-4.04529060664205E-5,4.814864963431651E-6,0.02616820806074587,3.9452243218421152,7.805522295739813E-8,1.0495189058781758E-7,0.7437238388010371,-0.1285882977194289
IndSumNormal,32,Lat-RvRSB,14,-3.03088630976741E-5,6.53699365585033E-6,0.16757196879214728,5.955286885787888,1.0467005506298379E-7,1.0139511168301572E-7,1.0322988290619601,0.013805434720019289
IndSumNormal,32,Lat-RpvRS,14,-2.537483225450142E-5,6.288590919896269E-6,0.0011524091574156182,3.425871549878626,1.0045280371201201E-7,1.4497860050663314E-7,0.692880213776212,-0.15934184041359817
IndSumNormal,32,Lat-RpvRSB,14,5.590109965241657E-6,6.365298153458965E-6,0.05844931715611672,5.13520935804699,1.0105762430789365E-7,1.1388564777956938E-7,0.8873604907924401,-0.05189991189714139
IndSumNormal,32,Sob-LMS-RDS,14,1.085324627732711E-5,2.898534747584408E-6,0.004462096300940271,2.9637866534202444,4.612168016284599E-8,7.651542529967942E-8,0.6027762373692149,-0.21984387676689449
IndSumNormal,32,Lat-RvRS,16,-1.250025207048906E-6,1.1537674716477703E-6,0.1127726578826561,5.681431009733567,1.8313500577313586E-8,2.4094284230281317E-8,0.7600765560114655,-0.11914266274697996
IndSumNormal,32,Lat-RvRSB,16,-1.2053247863300253E-5,1.5931742075997946E-6,0.1734482406179222,12.210057063817795,2.5431231421816603E-8,2.265889210632264E-8,1.1223510532856273,0.050128718469807154
IndSumNormal,32,Lat-RpvRS,16,-4.95425368871707E-6,1.5755348019658074E-6,0.08876427304923905,5.444221525196624,2.5030532700812344E-8,3.587920385074177E-8,0.6976334481929944,-0.15637270522943614
IndSumNormal,32,Lat-RpvRSB,16,-8.47456889994862E-6,1.607161789831436E-6,0.10806055091584049,10.393210980589823,2.557977186807891E-8,2.7139480127934923E-8,0.9425299138928388,-0.025704857321183164
IndSumNormal,32,Sob-LMS-RDS,16,1.932958191384962E-6,6.698135817383422E-7,1.0571558871831985E-4,2.9696811552016817,1.0634634746102473E-8,1.6836155240598546E-8,0.6316545906192534,-0.19952034322964124
