model,s,method,k,mean,variance,abs-skewness,kurtosis,MSEAr,MSEMr,MSEratio,log-ratio
SmoothPerB4,2,Lat-RS,10,-4.433771011765783E-12,1.2422500094241054E-19,0.002173934103232907,2.3437981287515233,1.1311710911049893E-20,1.9714809860778796E-20,0.5737671826880629,-0.2412642953808333
SmoothPerB4,2,Lat-RSB,10,1.7155435857494204E-11,5.025265496652547E-16,0.00581839611841837,1.4906419501210457,4.567995767355112E-17,1.6463726943186546E-16,0.27745818326059885,-0.556802461722001
SmoothPerB4,2,Sob-RDS,10,4.195521912509204E-9,1.821130777700272E-13,0.03316161231394882,2.3767369373586806,1.657168117341382E-14,2.8262285667251345E-14,0.5863531834799935,-0.23184071259608074
SmoothPerB4,2,Sob-RDSB,10,-7.260006726533647E-7,1.0138527270129516E-8,0.011948477282945702,2.1235419983677013,9.22119205831466E-10,1.2767416170809616E-9,0.7222441827655971,-0.14131594744565587
SmoothPerB4,2,Sob-NUS,10,2.237243982093528E-6,2.3488206824181637E-8,0.006181982059163772,3.325617326780803,2.1400832609535246E-9,3.1210692873422958E-9,0.6856891225173292,-0.1638727399442369
SmoothPerB4,2,Lat-RS,12,-3.4971155162979155E-15,1.1660318972937368E-24,0.012414982652318727,1.7846901935446091,1.06004529280935E-25,3.096832861992132E-25,0.34229980759356954,-0.4655933449786129
SmoothPerB4,2,Lat-RSB,12,6.316095893955805E-13,6.858268473746753E-20,0.009060598188383548,1.4960985400048412,6.2345649733092155E-21,2.216831455676165E-20,0.28123766276167284,-0.5509265199456372
SmoothPerB4,2,Sob-RDS,12,-1.301781858316818E-10,1.413851451828039E-16,0.0018871590887451087,2.767575125871235,1.2868856057183301E-17,2.0295910832838706E-17,0.6340615192475886,-0.1978686030431925
SmoothPerB4,2,Sob-RDSB,12,2.1248637736347988E-9,3.1795444011919395E-12,0.0013727838074513651,2.0097379242825215,2.890251011144038E-13,3.980025020509085E-13,0.7261891561612208,-0.1389502404885438
SmoothPerB4,2,Sob-NUS,12,1.5550147350992917E-7,4.4347935282656616E-10,0.009613279519169956,3.373249281281158,4.033645388019862E-11,5.7111021742287595E-11,0.7062814260654643,-0.15102221476446787
SmoothPerB4,2,Lat-RS,14,2.0713171552567287E-18,6.069521705908206E-30,0.03398584369650496,2.5857238802953773,5.517238134218136E-31,9.1166414867618E-31,0.6051831853023586,-0.2181131471257975
SmoothPerB4,2,Lat-RSB,14,3.987482020768105E-16,2.777115255524852E-26,0.009831955584011037,1.889388805728936,2.5245567674007502E-27,6.533046156501869E-27,0.3864287358337796,-0.4129305858020506
SmoothPerB4,2,Sob-RDS,14,-2.3170011536341878E-10,1.3374939087710492E-16,0.005252370047018537,2.716244430125832,1.2211504574188259E-17,2.022527254726197E-17,0.6037745373098278,-0.21912520621688134
SmoothPerB4,2,Sob-RDSB,14,-2.5326253249910645E-8,3.1649684721737766E-12,0.01608043272465974,2.0177167350309095,2.8833705322427493E-13,3.669699716765716E-13,0.7857238343152511,-0.1047300726733624
SmoothPerB4,2,Sob-NUS,14,7.4174733823085935E-9,7.882253514583982E-12,0.00415228222287356,3.3040671828331534,7.165518633870612E-13,1.0039931575343884E-12,0.7137019391115902,-0.14648312327344912
SmoothPerB4,2,Lat-RS,16,-5.2813983781366536E-18,3.1309251905650452E-30,0.05164040791109199,3.3948353594790506,2.846289929911912E-31,3.85621495137886E-31,0.738104583328315,-0.1318820978728699
SmoothPerB4,2,Lat-RSB,16,1.320401340463496E-17,8.710284027278379E-31,0.022872857719567947,3.263553466495641,7.935082777795025E-32,1.1067446769996823E-31,0.7169750117350059,-0.1444959802522983
SmoothPerB4,2,Sob-RDS,16,2.3029261864777342E-10,1.3076461020922629E-16,0.04914785139108089,2.7684834697317555,1.1939537758222319E-17,1.9592830646885695E-17,0.6093829918404425,-0.21510967130291395
SmoothPerB4,2,Sob-RDSB,16,1.1434140398070493E-9,3.1560420601295083E-12,8.069759523825809E-4,2.0223532180148833,2.868855306614388E-13,3.7731240671878826E-13,0.7603395105829509,-0.11899244107669497
SmoothPerB4,2,Sob-NUS,16,5.514034523257855E-9,1.4498200532106898E-13,0.022513512645940297,3.2407860839098097,1.320926886040885E-14,1.9108977849043193E-14,0.6912598342391324,-0.16035867713330926
SmoothPerB4,4,Lat-RS,10,-4.318185473532736E-10,9.052154064332985E-14,0.12228686546026092,2.4052657665581854,8.228594511736522E-15,1.4281776673226315E-14,0.5761604245753583,-0.23945657593900183
SmoothPerB4,4,Lat-RSB,10,-1.5059000468170257E-8,1.3987771914860016E-12,0.045145177399229984,2.4591825756628443,1.273756202011779E-13,2.134276395352876E-13,0.596809393940366,-0.22416434956964357
SmoothPerB4,4,Sob-RDS,10,1.080510673427266E-7,5.9236362244280394E-9,0.007566671982174444,2.534102982832645,5.384702078336628E-10,8.979866794351652E-10,0.5996416429833472,-0.22210821456644897
SmoothPerB4,4,Sob-RDSB,10,-5.9090645449987594E-6,2.5932794205597493E-7,0.036052630798607245,2.001059189033133,2.360782697668508E-8,5.6320957802564314E-8,0.41916593569738986,-0.37761401834247316
SmoothPerB4,4,Sob-NUS,10,-4.787652085176705E-6,3.7182630500521646E-7,0.03649645472728605,5.695554039079945,3.382193273746287E-8,3.4039796093554233E-8,0.9935997455597974,-0.002788528381253213
SmoothPerB4,4,Lat-RS,12,2.8501763013389604E-10,5.367623861725857E-15,0.0090170771540241,1.5526357679329834,4.879982440803675E-16,1.664669840742519E-15,0.2931501683617323,-0.532909852055509
SmoothPerB4,4,Lat-RSB,12,3.86583829377043E-9,2.9243489006178466E-14,0.014742841624670216,2.4213732222085795,2.673177856375205E-15,4.82725133362567E-15,0.5537681118350688,-0.25667205626974365
SmoothPerB4,4,Sob-RDS,12,1.9435934534781016E-7,5.437985266764472E-10,0.12576736584972623,2.5873967802847346,4.946906163001308E-11,8.30591872791945E-11,0.5955880770146254,-0.2250540049067408
SmoothPerB4,4,Sob-RDSB,12,-3.7180768901797512E-6,1.9296266251893389E-7,0.02405154243842082,1.253221441072552,1.755413011873238E-8,1.0335400113571265E-7,0.16984470776010216,-0.7699479808892861
SmoothPerB4,4,Sob-NUS,12,-3.988561811298929E-7,8.536671060726247E-9,0.0022619895548787565,3.57086798803907,7.761424856732414E-10,1.056684394711614E-9,0.7345073794574805,-0.13400383657683723
SmoothPerB4,4,Lat-RS,14,-1.0335912349568902E-11,5.245981888600376E-18,0.004377859144834208,1.5498955021469878,4.769665847578723E-19,1.6382015360342516E-18,0.29115256839064513,-0.535879374427793
SmoothPerB4,4,Lat-RSB,14,1.1586824538076E-9,5.281973064462216E-15,0.02907923502193876,1.5224401633708147,4.814738965883771E-16,1.7250935398949182E-15,0.27910016787710273,-0.5542399022857243
SmoothPerB4,4,Sob-RDS,14,-4.670798178281243E-9,2.7726366797244856E-12,0.020001135046999304,2.001283716577699,2.52054490542578E-13,6.265630464508573E-13,0.40228113031933677,-0.39547033827234906
SmoothPerB4,4,Sob-RDSB,14,6.682209004545218E-6,1.798933180723194E-7,0.03151782968260588,1.006883035158868,1.6396954529954263E-8,1.667950836999576E-7,0.0983059822041891,-1.0074200532846675
SmoothPerB4,4,Sob-NUS,14,1.0334723645830653E-7,2.3052354293346418E-10,0.054268481368656626,3.4038348308080444,2.0965270703935464E-11,2.963520103230376E-11,0.7074448619762133,-0.1503074032561479
SmoothPerB4,4,Lat-RS,16,-4.423662619793179E-14,1.1274186938350008E-21,0.001819188023752981,1.8890054835629584,1.0248431614869895E-22,2.670357407538682E-22,0.3837850164153144,-0.4159119848250755
SmoothPerB4,4,Lat-RSB,16,-1.488509492589412E-12,9.423957208239872E-20,0.008742410193324935,1.5457280917533607,8.568592762799572E-21,2.964451225635165E-20,0.2890448218106088,-0.5390348065318089
SmoothPerB4,4,Sob-RDS,16,-8.346157479913652E-10,1.9200414241363828E-14,0.04373497722904979,2.4205613648400512,1.7460142379867672E-15,3.1847843582974335E-15,0.5482362513611991,-0.2610322507272
SmoothPerB4,4,Sob-RDSB,16,-1.958510656090916E-8,3.3032610551359923E-12,0.0038937801860986785,2.140768265125817,3.0065000631086385E-13,3.807117313180269E-13,0.7897051274727239,-0.10253504214917473
SmoothPerB4,4,Sob-NUS,16,-4.248663453106849E-9,6.066059585422546E-12,0.021196788900095565,3.7168140450071303,5.514228674560472E-13,7.415201396822802E-13,0.7436384232157415,-0.12863817866417318
SmoothPerB4,8,Lat-RS,10,-3.6933642150731645E-7,1.7480402042314343E-9,0.32393458691204974,2.9057731540327745,1.5903326395688922E-10,2.4082841025658216E-10,0.6603592316515017,-0.18021974645605773
SmoothPerB4,8,Lat-RSB,10,-2.866352427428376E-7,1.815191063517451E-8,5.343790243252731E-4,2.1457355671350733,1.6500908364997452E-9,3.544226254324666E-9,0.46557152904284926,-0.3320135858273415
SmoothPerB4,8,Sob-RDS,10,-4.624741316524766E-6,7.122664088623375E-7,0.056400721294303534,2.4364686908861413,6.476640479783126E-8,1.1554294929303501E-7,0.5605396538180233,-0.25139365902761945
SmoothPerB4,8,Sob-RDSB,10,9.409104817241584E-7,6.370131894029453E-7,0.061269878272437565,2.6836066399624445,5.790538422926234E-8,9.496343485323737E-8,0.6097650566110321,-0.2148374670743308
SmoothPerB4,8,Sob-NUS,10,-6.1744400369833355E-6,1.6305819017322579E-6,0.008679667138162034,3.431387636422806,1.482580185772325E-7,1.985843092488976E-7,0.7465746872851463,-0.12692673897272436
SmoothPerB4,8,Lat-RS,12,-4.7873404809855637E-8,5.141889809989103E-10,0.1485752935392401,2.1467725220838725,4.674207023568904E-11,9.693947556175653E-11,0.4821778740272987,-0.31679272222135796
SmoothPerB4,8,Lat-RSB,12,6.420889302896702E-8,6.480243027357136E-10,0.1542707666871093,2.463772052439406,5.890953190062037E-11,1.0156195135980749E-10,0.5800354474474331,-0.23654546478119107
SmoothPerB4,8,Sob-RDS,12,5.975907281765223E-7,9.488023504016592E-9,0.035726944755219085,2.2431679987403013,8.628184511935107E-10,1.886246941298731E-9,0.45742603065505166,-0.33967912471357664
SmoothPerB4,8,Sob-RDSB,12,-4.52403486742324E-7,2.3158741327022848E-7,0.01871951631708036,1.7680790483303424,2.105150053517859E-8,7.009015832861096E-8,0.3003488797454366,-0.522373983564412
SmoothPerB4,8,Sob-NUS,12,2.3811729286666702E-6,5.056969958906898E-8,0.06706959780804854,3.5284198145790824,4.602455677162585E-9,6.362000810552351E-9,0.7234289674293516,-0.14060410527463704
SmoothPerB4,8,Lat-RS,14,-2.7104150215826393E-10,2.3032121098620583E-14,0.33780450586954086,2.5608753767315027,2.093693271360503E-15,3.7588630856251E-15,0.5570017379370235,-0.25414344975395214
SmoothPerB4,8,Lat-RSB,14,1.4802894892865241E-8,5.680340031062681E-12,0.05729264678438646,2.233459728418299,5.16562034520807E-13,9.23051105686562E-13,0.5596245227793645,-0.2521032629535993
SmoothPerB4,8,Sob-RDS,14,-9.002392078611855E-9,1.1620645286386002E-9,0.03764283275835874,2.519387014502448,1.0563174669631192E-10,1.820073101406727E-10,0.5803709016669142,-0.23629437011832355
SmoothPerB4,8,Sob-RDSB,14,-1.8396275178776175E-6,1.9419149993958057E-7,0.016287028906281333,1.2846078671435615,1.7655391573912408E-8,1.0274736770976992E-7,0.1718330305432595,-0.764893350377571
SmoothPerB4,8,Sob-NUS,14,3.9477229149115606E-7,2.275753396568697E-9,0.006471090182950105,3.571808986282066,2.070218289102237E-10,2.8920000871963793E-10,0.7158430935972722,-0.1451821607264552
SmoothPerB4,8,Lat-RS,16,4.982394382942675E-10,5.544730853491136E-15,0.008183144809373032,1.7044911047055902,5.042642771202161E-16,1.548409869088291E-15,0.32566588936631397,-0.4872277275750659
SmoothPerB4,8,Lat-RSB,16,-5.623597931330431E-10,7.271138094350925E-15,0.01990040005208189,2.125301897325218,6.612627013134317E-16,1.39296249329579E-15,0.4747168028543718,-0.32356539592481476
SmoothPerB4,8,Sob-RDS,16,1.2082681214660068E-7,3.0376844086973906E-10,0.009966843869320516,1.241366056180762,2.762715039359279E-11,1.7121851172624039E-10,0.16135609470642737,-0.7922146258759387
SmoothPerB4,8,Sob-RDSB,16,9.043339311321741E-8,6.064176858814406E-10,0.024500181190712338,1.640618952994268,5.513154584521293E-11,1.8479779037539834E-10,0.29833444292390443,-0.5252966041361548
SmoothPerB4,8,Sob-NUS,16,-8.518664918886832E-9,1.0324695705095913E-10,0.009142545781021,4.418144445197198,9.385220963584185E-12,1.1648787511588835E-11,0.8056822183636937,-0.09383622125323936
SmoothPerB4,16,Lat-RS,10,1.0432178718285479E-6,1.1897158283363749E-7,0.09252453270227255,2.9632300018981343,1.081560518310575E-8,1.696290661367187E-8,0.6376032969720248,-0.19544944592020103
SmoothPerB4,16,Lat-RSB,10,4.954690264097204E-6,4.931345361759988E-7,0.11806400509103701,2.8667358035653105,4.485047829401143E-8,6.951016509993395E-8,0.6452362504035263,-0.19028124123973036
SmoothPerB4,16,Sob-RDS,10,-1.7065026753589158E-6,1.5237648040905865E-6,0.03457287196579307,2.641224220318227,1.3851313284321534E-7,2.3272725548403225E-7,0.595173661783327,-0.22535629586818479
SmoothPerB4,16,Sob-RDSB,10,3.900814060125174E-5,7.661493921515424E-6,0.10540746044278605,2.234102977984368,6.979514324989191E-7,1.552087682356991E-6,0.44968556894866546,-0.34709104933782925
SmoothPerB4,16,Sob-NUS,10,-4.045977029252698E-6,3.1449225109694015E-6,0.06901964190268493,3.099177498568178,2.858898261772399E-7,4.200801773106565E-7,0.6805601445121736,-0.16713348798375732
SmoothPerB4,16,Lat-RS,12,-5.136681482735174E-7,6.763588009572652E-9,0.2006559495664661,2.807842514210423,6.150740050367048E-10,9.86833929872659E-10,0.6232801552699692,-0.20531670046873957
SmoothPerB4,16,Lat-RSB,12,1.494101614581411E-6,1.7411257223139192E-8,0.074686242974219,2.604577357603428,1.5849156212180473E-9,2.6304748954002064E-9,0.6025207174527756,-0.22002801544067854
SmoothPerB4,16,Sob-RDS,12,-3.0035040455875066E-6,3.932120284998801E-8,0.012754290843592725,2.772015398482525,3.5833183756157705E-9,5.707495080189481E-9,0.6278268005965253,-0.2021601491285704
SmoothPerB4,16,Sob-RDSB,12,7.163922159569624E-6,8.286242524083554E-7,0.012810350044932993,2.487690404609318,7.537326632462787E-8,1.3101524099925327E-7,0.575301512631324,-0.24010448408926946
SmoothPerB4,16,Sob-NUS,12,5.994171812416397E-6,1.7815675739655032E-7,0.04010652168671344,3.2012678089909707,1.6230379343063192E-8,2.3282522598033104E-8,0.6971057055662141,-0.1567013627006145
SmoothPerB4,16,Lat-RS,14,7.705015987100869E-8,4.9867188630370024E-11,0.026243439881586762,2.7997955767222695,4.538864173636784E-12,7.154155541525709E-12,0.6344374465010327,-0.19761119150253567
SmoothPerB4,16,Lat-RSB,14,-1.7655244767249544E-8,3.378667390497083E-9,0.004113423226522742,2.2655758206919177,3.071211775038526E-10,5.214562820761337E-10,0.5889682185457155,-0.22990813964857953
SmoothPerB4,16,Sob-RDS,14,-1.0273494313303392E-6,4.662444106564523E-9,0.02138964919937809,2.561794503654065,4.2487161614076996E-10,7.43183358532018E-10,0.571691509589239,-0.24283825761242592
SmoothPerB4,16,Sob-RDSB,14,6.6933105866118636E-6,2.0899793158567465E-7,0.0364378716162896,1.5625530184898866,1.9042712387746677E-8,7.876268221762279E-8,0.24177328465187742,-0.6165916892869193
SmoothPerB4,16,Sob-NUS,14,-1.8028137921846822E-6,1.4463643969774617E-8,0.06259767130305074,6.681817041039981,1.317995374421804E-9,1.1090843560965227E-9,1.1883635065059919,0.07494930657287252
SmoothPerB4,16,Lat-RS,16,2.726049013224973E-9,1.9506181440832835E-12,0.0046344537997312935,2.4198613201583563,1.7731862064039298E-13,3.222278824765898E-13,0.5502895009505435,-0.25940877307425375
SmoothPerB4,16,Lat-RSB,16,-2.361875802728163E-8,1.1036048371756989E-11,0.40723885845850993,2.5346549362607274,1.0037346427234617E-12,1.8825271905359827E-12,0.5331846720565475,-0.2731223441361689
SmoothPerB4,16,Sob-RDS,16,-3.6656121165615785E-7,6.667183809232692E-10,0.013456983880758434,2.2307882622185806,6.0739067947816E-11,8.536298521468109E-11,0.7115387049206643,-0.14780147101711397
SmoothPerB4,16,Sob-RDSB,16,-5.752583025908256E-7,1.0527244266420323E-9,0.02031629688622107,2.5478623222121373,9.602357249646042E-11,1.676084182526319E-10,0.5729042341520492,-0.24191796800684542
SmoothPerB4,16,Sob-NUS,16,1.893065733654104E-7,6.236794749576525E-10,0.030269465118504514,3.526287369680409,5.6728301252369964E-11,7.624116621941432E-11,0.7440639232761954,-0.12838975217781423
SmoothPerB4,32,Lat-RS,10,2.5707717453099483E-6,2.3110598220418705E-7,0.09933739108454354,2.991725503632194,2.101414264972709E-8,3.1887273163707094E-8,0.6590134735523451,-0.18110570615012103
SmoothPerB4,32,Lat-RSB,10,6.856300859466241E-6,1.0237738523579985E-6,0.15447021445646714,2.9913248008903235,9.31080520408176E-8,1.430739951316363E-7,0.6507685198498361,-0.18657346370410222
SmoothPerB4,32,Sob-RDS,10,-7.714580295936121E-6,2.7635457859196125E-6,0.05058369547007613,2.8580791647392174,2.5126582668923526E-7,3.9101681312885404E-7,0.6425959658323801,-0.19206200524300665
SmoothPerB4,32,Sob-RDSB,10,3.326539431140147E-5,1.1713559312482277E-5,0.06435439173946327,2.5776472935375576,1.065869127963332E-6,1.842480771579031E-6,0.5784967443920013,-0.23769908078581428
SmoothPerB4,32,Sob-NUS,10,-1.7594960683770376E-5,6.410310556946395E-6,0.10049506230661895,3.2418746528112385,5.830068122678907E-7,8.7651108211181E-7,0.6651448272202459,-0.17708378204353675
SmoothPerB4,32,Lat-RS,12,5.407076581417993E-8,2.1218856908981602E-8,0.05590544085929276,2.9056596041853466,1.928797016674143E-9,2.97645204406792E-9,0.6480188452954392,-0.1884123640540812
SmoothPerB4,32,Lat-RSB,12,1.3144176192142948E-6,5.4914135334945916E-8,0.07089827261276684,2.945030148536869,4.993422595624285E-9,7.572384103264126E-9,0.6594254236881404,-0.1808343129486739
SmoothPerB4,32,Sob-RDS,12,-4.814928896605405E-7,9.180205074732903E-8,0.012440034630115447,2.8696879414099112,8.345038248335004E-9,1.326772651952536E-8,0.6289727359132768,-0.2013681795134632
SmoothPerB4,32,Sob-RDSB,12,1.1194267704267387E-5,1.0063785512020259E-6,7.909123553924398E-4,2.669851612887699,9.160512193369894E-8,1.4876014248732958E-7,0.6157907649322215,-0.21056682853618341
SmoothPerB4,32,Sob-NUS,12,-2.2956599798297646E-6,3.622467873597163E-7,0.07951825003654683,3.0746246888472886,3.2933503025741205E-8,4.983160041757273E-8,0.6608959525636159,-0.1798669078128351
SmoothPerB4,32,Lat-RS,14,4.5745957498678635E-7,8.251416329168385E-10,0.027993836066372152,2.821617238526162,7.521464369488771E-11,1.1917451410408137E-10,0.631130273618727,-0.1998809873894356
SmoothPerB4,32,Lat-RSB,14,1.0465389441316675E-6,7.98171199915105E-9,0.04599107660741956,2.859269812393407,7.266328644844148E-10,1.1151493341989317E-9,0.6516013974096052,-0.18601799298441568
SmoothPerB4,32,Sob-RDS,14,-3.1703781462019435E-6,2.110335722353629E-8,0.02315702918364526,2.5952810868373386,1.928346469209364E-9,3.1709269271020287E-9,0.6081333671639406,-0.2160011669908533
SmoothPerB4,32,Sob-RDSB,14,5.5104406173777725E-6,3.0894860336117065E-7,0.03615718333582728,2.257192011465065,2.8113793001328058E-8,5.63034333951241E-8,0.4993264407879382,-0.30161543617949493
SmoothPerB4,32,Sob-NUS,14,-9.716295323364094E-7,2.875937983150291E-8,0.03083320612347631,4.091131424852217,2.615171690631723E-9,3.050565804481562E-9,0.8572743085200112,-0.06688019136154327
SmoothPerB4,32,Lat-RS,16,1.380048341038627E-9,1.7294688985426598E-11,0.018038082855847442,2.7755589391134867,1.5720891333087014E-12,2.490368453338983E-12,0.6312676869966407,-0.1997864405446764
SmoothPerB4,32,Lat-RSB,16,-1.1605946366541838E-7,1.0458325564426274E-10,0.003059363770318703,2.7436936468020305,9.520087737169786E-12,1.5372520249029834E-11,0.6192925807185456,-0.20810412291679128
SmoothPerB4,32,Sob-RDS,16,-2.2867672885776154E-7,1.122387200930542E-9,0.045310637937716725,2.706305952152884,1.0207728961090736E-10,1.6013794647137057E-10,0.6374334869415645,-0.19556512502933288
SmoothPerB4,32,Sob-RDSB,16,-3.1112968341587224E-7,6.1881079422580504E-9,0.014455314467355165,2.757889590261938,5.625958136311593E-10,9.210517004431692E-10,0.61081892944822,-0.21408751250048663
SmoothPerB4,32,Sob-NUS,16,-1.2552280042706763E-7,1.815722104246467E-9,0.03517504518598238,3.1592075756063007,1.650648952494309E-10,2.4406609811670787E-10,0.6763122634529107,-0.16985273751678256
SumUeU,2,Lat-RS,10,1.6084177917381566E-5,1.1554248284145987E-6,0.006659291685139719,2.457292432890538,1.0528681768216502E-7,1.712468649198848E-7,0.6148247895307271,-0.21124863021041718
SumUeU,2,Lat-RSB,10,8.962665934163071E-11,8.040315125084415E-13,0.43557201281398816,2.5343475081344184,7.308647251995539E-14,1.499178238024907E-13,0.48751022837846947,-0.3120162680029255
SumUeU,2,Sob-RDS,10,-1.7454330657801635E-6,1.1786258042735292E-6,0.014281634646155903,2.4056500030793058,1.0714013214505092E-7,1.7756777879577394E-7,0.6033759777345417,-0.2194119844245511
SumUeU,2,Sob-RDSB,10,1.15730838825276E-8,7.945844762729686E-13,0.4354042964610193,2.5766977063505987,7.236166516376485E-14,1.3887296323145156E-13,0.5210637368136506,-0.2831091503023116
SumUeU,2,Sob-NUS,10,8.891506173860775E-8,1.3648941331223845E-9,0.007697201519458482,3.055726305843428,1.2407678258902874E-10,1.8309252475229618E-10,0.677672574327602,-0.16898009007076017
SumUeU,2,Lat-RS,12,5.834688370408436E-6,7.283894499848813E-8,0.01993680730176257,2.387017748592957,6.655103688742351E-9,1.1411607848615175E-8,0.5831872052587194,-0.23419201271904289
SumUeU,2,Lat-RSB,12,-2.311399211791044E-10,3.1398077120850186E-15,0.4522844192216052,2.5988959000641447,2.8546194669169087E-16,5.695531719652208E-16,0.5012033305103291,-0.29998605176916443
SumUeU,2,Sob-RDS,12,2.2340813146169463E-6,7.437655127347928E-8,0.010086299389558798,2.4195857174969015,6.765819630079587E-9,1.1278825272758038E-8,0.5998691766616157,-0.22194345303118648
SumUeU,2,Sob-RDSB,12,9.510861399869637E-10,3.186209179397935E-15,0.44341047985393306,2.5269541242683324,2.905309792529475E-16,5.803007874324144E-16,0.5006558418409602,-0.3004607119574265
SumUeU,2,Sob-NUS,12,-1.834633534024318E-8,2.1577669152343382E-11,0.03128349861675521,2.998530480176281,1.96174671396843E-12,2.9993023234201566E-12,0.6540676805569291,-0.18437731012894645
SumUeU,2,Lat-RS,14,1.376695765932772E-6,4.491027692781247E-9,0.007105422527119752,2.427250544665317,4.1012970850575257E-10,6.71789651733946E-10,0.6105031648629493,-0.21431208032032364
SumUeU,2,Lat-RSB,14,1.0827767522026295E-11,1.2468134827276228E-17,0.4407035732833688,2.53351717749731,1.1334706963489202E-18,2.3573819982463474E-18,0.4808175752559862,-0.31801966601116105
SumUeU,2,Sob-RDS,14,-9.659932956275966E-7,4.565401447972747E-9,0.0129135433913567,2.419939966774214,4.1592813466792017E-10,7.058707701969189E-10,0.5892411929054484,-0.22970689993838525
SumUeU,2,Sob-RDSB,14,1.856033669178063E-11,1.1950309721624557E-17,0.4582294731492725,2.5925344996411543,1.0866276397937846E-18,2.1275519065517915E-18,0.5107408361918302,-0.29179941681891025
SumUeU,2,Sob-NUS,14,-1.0744248641433111E-9,3.406568337612817E-13,0.03974877067139835,3.101751768976688,3.09668605776892E-14,4.4155491331450735E-14,0.701313916886083,-0.15408754286813342
SumUeU,2,Lat-RS,16,1.279759392545282E-9,2.853973919153548E-10,0.010796494870683257,2.385465213175212,2.594262456288985E-11,4.342959646496094E-11,0.5973489664777428,-0.22377188337875312
SumUeU,2,Lat-RSB,16,1.3710200938109626E-12,4.778236350436949E-20,0.44786143518479854,2.564151883522693,4.34529653864482E-21,8.581190867323472E-21,0.5063745354029336,-0.2955281422720133
SumUeU,2,Sob-RDS,16,4.387456111731624E-8,2.921546139206099E-10,0.010474951376927803,2.3874501272491235,2.6558779382496677E-11,4.440261627500917E-11,0.5981354616134315,-0.22320044883937082
SumUeU,2,Sob-RDSB,16,1.4219756822912509E-12,4.6695923204040243E-20,0.42786600788265733,2.5828310070190104,4.246681434088286E-21,8.556358825031423E-21,0.4963187637321522,-0.30423930563827567
SumUeU,2,Sob-NUS,16,-1.1242105199782992E-9,5.334525231058561E-15,0.009718953724873705,2.9440549478515297,4.861721927964531E-16,7.351544621424119E-16,0.661319787653378,-0.1795884823767638
SumUeU,4,Lat-RS,10,-2.8451940102410334E-6,2.3307710421850627E-6,0.02544817805466472,2.6960559528053922,2.118751828635781E-7,3.4003798495809984E-7,0.6230926903348336,-0.20544734353879804
SumUeU,4,Lat-RSB,10,6.571961520062422E-9,1.609025037318866E-12,0.3521595741026266,2.8509398168068047,1.4630356657050612E-13,2.405521831868336E-13,0.6081988724121209,-0.21595438936394798
SumUeU,4,Sob-RDS,10,-5.341257330798134E-7,2.34065385723741E-6,0.009217963536117394,2.7438393449456644,2.127657209131793E-7,3.300466009040132E-7,0.6446535741631756,-0.19067360512742562
SumUeU,4,Sob-RDSB,10,5.295796100185504E-9,1.6017060823529567E-12,0.3204730131002739,2.788705411177841,1.4562312834221852E-13,2.329327300822889E-13,0.6251724619840834,-0.20400016032616117
SumUeU,4,Sob-NUS,10,2.1259436260066878E-7,2.854602692871565E-9,0.00812301053994905,3.0149873711310193,2.595285811450348E-10,3.8347099565159923E-10,0.676788033744352,-0.1695473286403384
SumUeU,4,Lat-RS,12,-1.4216169332887457E-6,1.453633888512651E-7,0.017796771382080284,2.6775064461217513,1.3215553041285012E-8,2.2015595582495965E-8,0.6002814228560939,-0.22164509671730237
SumUeU,4,Lat-RSB,12,9.351212952976002E-11,6.198288886776765E-15,0.3176139684422833,2.7919724459625357,5.634332043263771E-16,9.57328101506019E-16,0.5885476499018604,-0.2302183701158689
SumUeU,4,Sob-RDS,12,9.779170447860347E-7,1.462860212218155E-7,0.006624936580440305,2.7156363370157677,1.3298355650809511E-8,2.1229193170667838E-8,0.6264183261181926,-0.20313554530582223
SumUeU,4,Sob-RDSB,12,8.748587596490258E-10,6.385346618674057E-15,0.3491909278576424,2.810888118779799,5.811933854868063E-16,9.725049045239294E-16,0.5976251459331386,-0.22357113724645897
SumUeU,4,Sob-NUS,12,-4.489523998915562E-8,4.3321442330752915E-11,0.008436412064675018,3.0176993841856268,3.9399346904391234E-12,5.805821371399374E-12,0.6786179660724704,-0.16837464680871728
SumUeU,4,Lat-RS,14,7.920194101876987E-7,9.234821707278864E-9,0.014973040724100335,2.755617154294993,8.400725879377627E-10,1.3233139204514685E-9,0.6348248703158501,-0.19734606737818533
SumUeU,4,Lat-RSB,14,-2.887624531632391E-11,2.419311867122171E-17,0.3474119191537529,2.882763860448304,2.1999883247576222E-18,3.615564588102297E-18,0.6084771191744444,-0.21575574808816567
SumUeU,4,Sob-RDS,14,-9.573453710435998E-7,9.31001359833886E-9,0.00923864931555349,2.6700110383753577,8.47196746248461E-10,1.3865717436260587E-9,0.6110010175405244,-0.2139580664974345
SumUeU,4,Sob-RDSB,14,-3.196820231629421E-11,2.3666667954347865E-17,0.3475529128991061,2.858793194457641,2.1523220830095567E-18,3.503258733427029E-18,0.6143771404814479,-0.2115649517451937
SumUeU,4,Sob-NUS,14,2.19531286431808E-9,6.867270291754099E-13,0.011935232796186546,3.0188735995557545,6.242830635061699E-14,9.448789591365251E-14,0.6607016247633127,-0.17999462519580878
SumUeU,4,Lat-RS,16,1.562002371787043E-7,5.900412232047975E-10,0.001953128045990525,2.6713913878674234,5.365914570341077E-11,8.816209054997607E-11,0.6086419386005059,-0.21563812579439046
SumUeU,4,Lat-RSB,16,-1.5420251610114918E-12,9.554458206744578E-20,0.3481697591743028,2.8737744223579864,8.687380351528013E-21,1.4125090140888768E-20,0.6150318521777158,-0.21110239175823423
SumUeU,4,Sob-RDS,16,5.985569124190662E-8,5.72786976573062E-10,0.01822027654496942,2.715078935002001,5.206991887426538E-11,8.180264607616108E-11,0.6365309848997609,-0.19618045101509354
SumUeU,4,Sob-RDSB,16,-2.536439798262415E-12,9.39600840602604E-20,0.3141521523093611,2.798775351464047,8.54740516792788E-21,1.4016178665093254E-20,0.6098242161549252,-0.21479533376919507
SumUeU,4,Sob-NUS,16,1.4510623653018097E-9,1.0577524239519506E-14,0.02848359243497837,3.0523637139766504,9.636025353603186E-16,1.4247705066884934E-15,0.6763212256547623,-0.16984698246954882
SumUeU,8,Lat-RS,10,-2.4063168047533395E-5,4.72260791019243E-6,0.024640884179523086,2.9374212224515515,4.2986409509297573E-7,6.678707510495036E-7,0.6436336587842482,-0.19136125257480924
SumUeU,8,Lat-RSB,10,1.1895652951259015E-10,3.2226914390099393E-12,0.24745115600490072,2.9392544041952156,2.9294266595665943E-13,4.542467055456466E-13,0.6448977227138569,-0.19050915665631898
SumUeU,8,Sob-RDS,10,4.588553900087332E-5,4.678261991834095E-6,0.03251471802037182,2.820700694324169,4.273594977471199E-7,6.867267248964425E-7,0.6223137708985553,-0.20599058860402109
SumUeU,8,Sob-RDSB,10,-1.4393309092088035E-8,3.1917478773850186E-12,0.2050134297127205,2.7890116249384094,2.903370494009186E-13,4.674980419033498E-13,0.6210444181089054,-0.20687733726346436
SumUeU,8,Sob-NUS,10,-2.497921483504313E-7,5.585775437188625E-9,0.00868349820270644,2.993102579407536,5.078093833578235E-10,7.523640326264986E-10,0.6749517006881148,-0.17072730402102795
SumUeU,8,Lat-RS,12,5.036370294529185E-7,2.9218591095979385E-7,0.002649314097249555,2.851698932294695,2.65599529565027E-8,4.194316522029286E-8,0.6332367339709621,-0.19843389971910647
SumUeU,8,Lat-RSB,12,3.6360511277313767E-10,1.2287951952939136E-14,0.2293454834781275,2.826355005464798,1.1171070412002024E-15,1.756934386589344E-15,0.6358274103615167,-0.19666075369058045
SumUeU,8,Sob-RDS,12,4.530585165227972E-6,2.9487270631999604E-7,0.020898746113826194,2.8379116311911776,2.682445520642702E-8,4.18609829796117E-8,0.640798502497942,-0.19327851183898784
SumUeU,8,Sob-RDSB,12,-9.623739394241977E-10,1.2499483019631172E-14,0.21367129953905667,2.877247127611734,1.1371291700837565E-15,1.836304535359315E-15,0.619248685709558,-0.2081349064856737
SumUeU,8,Sob-NUS,12,-1.7005721478608208E-7,8.652818295715444E-11,0.061552850762234435,2.9820670801470825,7.894331287106139E-12,1.1658528275690682E-11,0.6771293168767014,-0.16932838265487296
SumUeU,8,Lat-RS,14,5.797448415186978E-7,1.827011432300524E-8,0.003578543147122377,2.887358088384996,1.6610894960424436E-9,2.5359604567718156E-9,0.6550139579687885,-0.183749445345262
SumUeU,8,Lat-RSB,14,6.245172215430784E-11,4.887202758104807E-17,0.24055984610424114,2.8810153244494185,4.446367524717309E-18,6.791754513608398E-18,0.6546714130801223,-0.18397662259200015
SumUeU,8,Sob-RDS,14,-1.5924719769454544E-6,1.828421949454375E-8,0.03246791056248959,2.9160341500364555,1.6645715190513836E-9,2.5441532046515757E-9,0.6542733024127564,-0.18424080070328125
SumUeU,8,Sob-RDSB,14,7.821945977254817E-11,4.7324506240043133E-17,0.2167754429605316,2.923682406441763,4.3079159011070294E-18,6.689573721309488E-18,0.6439746507889224,-0.19113122773206148
SumUeU,8,Sob-NUS,14,2.009480205873846E-9,1.3374893011216803E-12,0.008464782393162304,3.0235810781815435,1.2158181548265856E-13,1.8411781297472334E-13,0.6603479235295389,-0.18022718346425443
SumUeU,8,Lat-RS,16,3.6636449515796914E-8,1.1843486045036762E-9,0.012418150718122741,2.904876649402179,1.0765863037881728E-10,1.7212334440458876E-10,0.6254737307785377,-0.20379092548694105
SumUeU,8,Lat-RSB,16,-1.2993258464548387E-12,1.9054024601238293E-19,0.2701157902873879,2.8796634197251105,1.7321796610180873E-20,2.711153331227582E-20,0.638908777702283,-0.19456114523540002
SumUeU,8,Sob-RDS,16,-3.708451993977262E-7,1.1258963567891538E-9,0.025127451164330104,2.915915598720879,1.0248150499405043E-10,1.5120170124256345E-10,0.677780105328615,-0.16891118302417363
SumUeU,8,Sob-RDSB,16,4.157872905819923E-13,1.871307733309589E-19,0.2076843259765719,2.883462129432264,1.7010360174855172E-20,2.7654322903419315E-20,0.6151067315682471,-0.21104952014427808
SumUeU,8,Sob-NUS,16,1.0310211240105712E-9,2.1421291535886405E-14,0.002242756468599003,3.018288702461169,1.9482584051702304E-15,2.993060926236165E-15,0.65092507409136,-0.18646899880720685
SumUeU,16,Lat-RS,10,-2.2374638395991208E-5,9.30434925730494E-6,0.02100454111591972,2.923987350372921,8.462659719323705E-7,1.3439582168943825E-6,0.6296817574343354,-0.20087888849937688
SumUeU,16,Lat-RSB,10,9.276606309830555E-9,6.299480697580633E-12,0.16029243035747998,2.886394305084608,5.727088508347072E-13,8.883079181529833E-13,0.6447188403155447,-0.19062963842000286
SumUeU,16,Sob-RDS,10,4.952959999060363E-5,9.42192248969768E-6,0.019021324872526005,2.877057733484832,8.589059355887484E-7,1.3262196379989465E-6,0.6476347589639829,-0.1886698504357248
SumUeU,16,Sob-RDSB,10,6.067641405215603E-9,6.445767618898927E-12,0.1195930025388736,2.9739377964211413,5.859570928301348E-13,8.810228601595038E-13,0.665087274493707,-0.1771213616983019
SumUeU,16,Sob-NUS,10,-1.7131073364295813E-6,1.1236030558967124E-8,0.04093263568207636,2.99596877017152,1.0242899145562403E-9,1.5607612516209457E-9,0.6562758483992684,-0.18291357791575025
SumUeU,16,Lat-RS,12,-3.14192483221047E-6,5.89797054792115E-7,0.007860857515139064,2.988661710391777,5.3622423972254514E-8,8.251213765006156E-8,0.6498731641115651,-0.18717139643636815
SumUeU,16,Lat-RSB,12,-9.434750552442058E-10,2.472984532414574E-14,0.1396084607216107,3.0054492018096535,2.248833085144716E-15,3.3312434113135925E-15,0.6750731806349584,-0.17064914535677173
SumUeU,16,Sob-RDS,12,1.5157219233678111E-5,5.821397228616341E-7,0.01648256415887487,2.936797585283675,5.314624210302032E-8,8.1930287029679E-8,0.648676381223567,-0.18797191475824793
SumUeU,16,Sob-RDSB,12,1.1093864959819643E-9,2.4711785589752157E-14,0.13971216372690723,2.887101080962382,2.247532048505938E-15,3.4082031342676924E-15,0.6594477969661444,-0.1808195782629922
SumUeU,16,Sob-NUS,12,1.4439723041430015E-7,1.717903044207977E-10,0.05629274887175858,3.004263333620407,1.563658923200183E-11,2.3834761104067753E-11,0.6560413659582774,-0.18306877580570427
SumUeU,16,Lat-RS,14,-1.0165699202312183E-6,3.610252125629221E-8,0.001818571082237456,2.9622649425097847,3.2827525965996806E-9,4.866931999577548E-9,0.6745014306517176,-0.1710171248304942
SumUeU,16,Lat-RSB,14,1.1734281244500376E-10,9.583647662155818E-17,0.15514026372638007,2.939392671448813,8.725305060532141E-18,1.3320740885962214E-17,0.6550164990993198,-0.18374776050051414
SumUeU,16,Sob-RDS,14,-1.843248282438268E-6,3.689529538151068E-8,0.020424928440381532,2.9161577107612118,3.3571799144100324E-9,5.227522628259621E-9,0.642212411718957,-0.1923213052955745
SumUeU,16,Sob-RDSB,14,-8.317854872824382E-11,9.646488177180864E-17,0.15135526244864342,2.868734595893296,8.775576424025943E-18,1.4126427090402144E-17,0.6212169834499973,-0.20675667960511326
SumUeU,16,Sob-NUS,14,1.172765298489735E-9,2.696349454000389E-12,0.02444671362047628,2.97118894703957,2.450995407470807E-13,3.7818113611123904E-13,0.6481009160514727,-0.18835736469741438
SumUeU,16,Lat-RS,16,4.3003037456422037E-7,2.22537900543513E-9,0.0018332656532726304,2.881352172220269,2.0247187771710122E-10,3.1872817246097E-10,0.635249391836848,-0.19705574205410217
SumUeU,16,Lat-RSB,16,1.1777259222045784E-12,3.85203352642439E-19,0.15865196181973212,2.850784401046628,3.501637179354554E-20,5.48054377830433E-20,0.6389214868087331,-0.1945525063810003
SumUeU,16,Sob-RDS,16,4.938436609451517E-7,2.2837311437112948E-9,0.012388167019315124,2.940992901759647,2.0783504252481241E-10,3.134854336198828E-10,0.6629814984540018,-0.17849859109967484
SumUeU,16,Sob-RDSB,16,-1.3567868847065464E-12,3.620432972896494E-19,0.150805954857824,3.0011775186405973,3.2911576594279645E-20,4.9721315457435094E-20,0.6619208742064406,-0.17919392287051356
SumUeU,16,Sob-NUS,16,-2.1858942507323968E-9,4.201810613908728E-14,0.04721704014161141,3.0027635020402577,3.824223981718418E-15,5.604457257979839E-15,0.6823540274615071,-0.16599024076835828
SumUeU,32,Lat-RS,10,-1.9608081419129366E-5,1.887799046772418E-5,0.04123242279628964,2.996829718989591,1.7163938103730672E-6,2.6653654799150384E-6,0.6439618968981992,-0.1911398290010821
SumUeU,32,Lat-RSB,10,-3.323019086225239E-8,1.3060184846752028E-11,0.1274289404098826,3.005639627314165,1.1882750481545011E-12,1.7978530990497161E-12,0.6609411240454423,-0.1798372252965078
SumUeU,32,Sob-RDS,10,2.5243271532142137E-5,1.861572283879322E-5,0.021793659172264987,2.98179732473834,1.6928064288039492E-6,2.5147296975979073E-6,0.6731564153479133,-0.17188401091764127
SumUeU,32,Sob-RDSB,10,-1.5686779431075762E-8,1.2738102886189286E-11,0.08951295817701066,2.9185436386356454,1.1581396274035253E-12,1.760650226437609E-12,0.6577908604520692,-0.1819121650321545
SumUeU,32,Sob-NUS,10,-1.2596853807925119E-6,2.23910398606729E-8,0.03560088205296668,2.922908313758911,2.0369323305937487E-9,3.18298443011995E-9,0.6399441704202704,-0.1938579127911445
SumUeU,32,Lat-RS,12,1.2770829465509264E-5,1.1958122944385439E-6,0.03295661303353384,2.9042270670015156,1.0886243164970075E-7,1.6317361401608063E-7,0.6671570787110987,-0.1757719016366952
SumUeU,32,Lat-RSB,12,-1.102508287387543E-9,4.993219378544396E-14,0.11342753163770908,3.03295570966533,4.5400519396206144E-15,6.9544575517363304E-15,0.6528261774330756,-0.18520243929280258
SumUeU,32,Sob-RDS,12,-1.6698398620638148E-5,1.1779508349562211E-6,0.02418345862896898,3.0080151196940186,1.0735456741401425E-7,1.631228982861374E-7,0.6581207699344656,-0.18169440288547892
SumUeU,32,Sob-RDSB,12,-4.013321490052024E-9,4.9546848349944655E-14,0.1409613646419378,3.0445823720743057,4.519915264392483E-15,6.741557386877372E-15,0.6704556536432699,-0.173629942666892
SumUeU,32,Sob-NUS,12,-1.4721283983906743E-7,3.4849842754950915E-10,0.020172550448955735,3.0715779552830837,3.170017868446387E-11,4.882113821209387E-11,0.6493125692143565,-0.187546190092588
SumUeU,32,Lat-RS,14,1.4939260663232573E-7,7.368928734448647E-8,0.031587110030205104,2.9518702839480655,6.698378537764738E-9,1.031574184068002E-8,0.6493356116522568,-0.18753077836864585
SumUeU,32,Lat-RSB,14,-7.833543671512535E-13,1.9909450385308408E-16,0.12699430868003156,2.9592487419621962,1.8097691013889405E-17,2.6820460791436968E-17,0.674771815242917,-0.17084306588746148
SumUeU,32,Sob-RDS,14,3.932262539161265E-6,7.450026657039671E-8,0.032320892394348905,2.946953589263945,6.787536919925952E-9,1.032180388943469E-8,0.6575921217485653,-0.18204339848141918
SumUeU,32,Sob-RDSB,14,1.44160559579885E-10,1.9374203237699378E-16,0.11649948559923132,3.0419063894902303,1.763193301000712E-17,2.679593826373394E-17,0.6580076740164186,-0.18176904139584657
SumUeU,32,Sob-NUS,14,-1.8776807081367316E-8,5.382562888042927E-12,0.0018659611911355238,3.017259391158418,4.896275350072729E-13,7.450687320962325E-13,0.6571575398550386,-0.18233050488757296
SumUeU,32,Lat-RS,16,-4.6069031112852766E-7,4.610886910099308E-9,0.010184642420851701,2.905878570170082,4.1934185569079483E-10,6.639554656461929E-10,0.6315812993310801,-0.19957073762124172
SumUeU,32,Lat-RSB,16,5.905043032528695E-12,7.544071993841709E-19,0.1510979661632325,3.0263158975789217,6.861048395723716E-20,1.0274824211955939E-19,0.6677533604652912,-0.17538391771638318
SumUeU,32,Sob-RDS,16,4.154754894621824E-7,4.624666876540619E-9,0.052851986367681195,2.9598973390408023,4.2055483895988615E-10,6.399451454984523E-10,0.6571732622994063,-0.18232011454928052
SumUeU,32,Sob-RDSB,16,-6.067614851147987E-12,7.639164936858446E-19,0.09965334962411032,2.974699217070754,6.947682522602514E-20,1.0507552123871849E-19,0.6612084756466015,-0.17966158809672195
SumUeU,32,Sob-NUS,16,-9.849812451995446E-10,8.43004911351221E-14,0.0017336328404822085,3.0576556114200097,7.663884832235995E-15,1.1644895981916962E-14,0.6581325281167844,-0.18168664371981383
MC2,2,Lat-RS,10,2.6197790603887705E-6,1.1586852877920684E-7,0.02893911973361146,2.669103999736665,1.0539312508355152E-8,1.7090764735320268E-8,0.6166671106632405,-0.20994921362714714
MC2,2,Lat-RSB,10,1.4154335809249654E-8,2.3630737845307456E-12,4.3014004190698626E-4,2.4926644096141874,2.1500375223604579E-13,3.5398884313317093E-13,0.6073743746640093,-0.2165435350663893
MC2,2,Sob-RDS,10,4.86723479808408E-6,7.157399532252754E-8,0.005245691079862938,2.3691192759816064,6.529766149397434E-9,1.085898937369357E-8,0.6013235601110459,-0.22089177997992893
MC2,2,Sob-RDSB,10,-1.1102035957539938E-16,3.760349068664014E-36,0.028921788243801996,3.0304291747020327,1.2325862055981314E-32,1.232315436227E-32,1.0002197240764592,9.541447190299236E-5
MC2,2,Sob-NUS,10,-1.4999806416143554E-7,1.3846454799646623E-10,0.011242414077796189,3.0698408950732716,1.260892683213096E-11,1.8279802747385603E-11,0.6897736811702906,-0.1612933804826504
MC2,2,Lat-RS,12,2.8297475484091026E-7,6.854725240894919E-9,0.06030031228832285,2.82640465148306,6.231745991092253E-10,9.564300815990755E-10,0.6515631524965491,-0.18604348409328159
MC2,2,Lat-RSB,12,-7.248011533696521E-13,2.921174157388604E-15,0.0021995087279711835,2.775769567480298,2.655347314319608E-16,4.3139437192634784E-16,0.6155266473371972,-0.21075314087889674
MC2,2,Sob-RDS,12,-4.230774647519901E-7,4.358680729963135E-9,0.009911418571167428,2.4078947076420727,3.963830728948299E-10,6.551913405812922E-10,0.6049882657837861,-0.218253048743849
MC2,2,Sob-RDSB,12,-1.1104296708891012E-16,9.442436998467402E-37,0.05911094697632995,3.107694875177505,1.2330626371661092E-32,1.233473070404852E-32,0.999667253993143,-1.4453380250992336E-4
MC2,2,Sob-NUS,12,1.0195089468945901E-8,2.3708827275501983E-12,0.015380588021377923,3.0255989701973514,2.1561717978359283E-13,3.2533909234321335E-13,0.6627459928981715,-0.17865288942281846
MC2,2,Lat-RS,14,-9.837512132378463E-8,4.251382762564235E-10,0.03184539947918491,2.737653643541521,3.8654746976204363E-11,6.17574674754129E-11,0.625912113245151,-0.20348664348645218
MC2,2,Lat-RSB,14,-6.345496715945385E-11,1.6796477576184312E-17,0.03445423599338944,2.688493134098025,1.5308263445323612E-18,2.4107114795368175E-18,0.6350101858006196,-0.19721930840641128
MC2,2,Sob-RDS,14,1.9134747742408614E-7,2.7813357328488857E-10,0.0050089890931772005,2.4384841861878472,2.531895566871293E-11,4.1357463210510476E-11,0.6121979856414027,-0.2131081037263722
MC2,2,Sob-RDSB,14,-1.1103369110663437E-16,2.3409325040788956E-37,0.006716881913838943,3.1022795540503902,1.2328501839839958E-32,1.2328244650899223E-32,1.000020861764835,9.060054846546599E-6
MC2,2,Sob-NUS,14,1.3980517677118434E-9,3.941796391691492E-14,0.005077561353588165,3.0005751908852822,3.585047468792769E-15,5.266310765430301E-15,0.6807512181632223,-0.16701157284353635
MC2,2,Lat-RS,16,-2.240744899713038E-8,3.427481254284869E-11,0.07888351728143116,2.773655369331622,3.1160825539155055E-12,5.051807272990134E-12,0.6168253034069361,-0.20983781896390136
MC2,2,Lat-RSB,16,4.113305092657891E-12,4.614818791582775E-19,0.003875453086306895,2.2503082833863792,4.19656220942727E-20,8.462281508124845E-20,0.4959138035526291,-0.3045938031359818
MC2,2,Sob-RDS,16,-1.4675823593371893E-8,1.7067706366722184E-11,0.026670985472418474,2.421456108100455,1.5516698885331905E-12,2.5765741675095308E-12,0.6022220932351449,-0.22024331592039134
MC2,2,Sob-RDSB,16,-1.1101646618334967E-16,5.773729768810255E-38,0.006265034846008847,2.975931884198892,1.2324661012159181E-32,1.2324339489096045E-32,1.0000260884620567,1.1329927322998683E-5
MC2,2,Sob-NUS,16,-1.3197142025312164E-10,6.784510720044357E-16,0.034695126257964934,3.029465024609834,6.168861890096684E-17,9.450616811324563E-17,0.6527470125235222,-0.1852551071687762
MC2,4,Lat-RS,10,1.6377174933827844E-7,3.917961501090988E-8,0.024071755744034758,2.787446036324924,3.56145382567759E-9,5.618818847909457E-9,0.633843859729108,-0.1980177124803884
MC2,4,Lat-RSB,10,1.1714397237768182E-9,4.549943459089664E-12,0.016235502739260728,2.5234122889770716,4.1359123270227693E-13,6.965963748273488E-13,0.5937315318426476,-0.22640988598782544
MC2,4,Sob-RDS,10,7.722642174004503E-7,2.6506497164842404E-8,0.014662398803952216,2.6658998915009353,2.410036984305652E-9,3.94823704761634E-9,0.6104083810673571,-0.21437951203496255
MC2,4,Sob-RDSB,10,6.097989935987615E-10,2.1503931421559315E-14,0.010609059183706799,2.029703538451084,1.9550792210323353E-15,2.592185478523269E-15,0.754220420271051,-0.12250171339024925
MC2,4,Sob-NUS,10,-4.768486358879161E-9,6.775785343483599E-11,0.01642046672146258,3.0169639420410146,6.159211615688746E-12,9.003943320198244E-12,0.6840571288217678,-0.16490762679451504
MC2,4,Lat-RS,12,7.963287034349965E-7,2.6084272702842977E-9,0.05737599492075829,2.938540359233244,2.3774017827275716E-10,3.720603841836085E-10,0.6389827790841458,-0.1945108461444303
MC2,4,Lat-RSB,12,-3.2547082850541325E-10,3.364805674773367E-14,9.194580235186743E-4,1.8211546873177373,3.0587142896291983E-15,8.506681997069069E-15,0.35956607884049996,-0.4442212859801332
MC2,4,Sob-RDS,12,-3.1044541670423613E-7,1.6617180321975151E-9,0.0012052976002102824,2.7265590139840588,1.511465454835068E-10,2.420766163365089E-10,0.6243748271555445,-0.20455461465481317
MC2,4,Sob-RDSB,12,1.564781149892674E-9,2.076477788790908E-14,0.010943360127317614,1.9914902668955436,1.889966850057995E-15,2.7839678022435012E-15,0.6788752544246157,-0.16821002143711983
MC2,4,Sob-NUS,12,1.5546105425455983E-8,1.7222914285692344E-12,0.022461561803846668,3.0269234171772803,1.5679797225084278E-13,2.297109620605859E-13,0.6825881135332479,-0.16584127871760052
MC2,4,Lat-RS,14,-1.303848625574432E-7,1.8222205019577581E-10,0.0771137956158701,2.834403093812575,1.658098457518014E-11,2.6222519860624983E-11,0.6323185057465699,-0.1990641077233766
MC2,4,Lat-RSB,14,-1.6881465006374796E-10,4.516615199277345E-16,6.195593134466859E-4,2.32989868844334,4.108453054750721E-17,6.642401903771181E-17,0.6185191914416038,-0.20864682051686267
MC2,4,Sob-RDS,14,4.4758862606792314E-8,1.0252501703934613E-10,0.011668518053929712,2.7165657270291956,9.321527404658416E-12,1.4771312804583508E-11,0.631056123986892,-0.19993201436300972
MC2,4,Sob-RDSB,14,4.9185295416515E-12,1.6097939113816692E-19,0.024334610387913642,1.0760260851394792,1.4657218587311475E-20,1.2029463177770979E-19,0.12184432813590781,-0.9141946824547097
MC2,4,Sob-NUS,14,-1.8920134196991452E-9,2.7203638390361854E-14,0.02475302503590374,3.2275805942827134,2.476390444464214E-15,3.4922133274233667E-15,0.7091177463352017,-0.14928164586363482
MC2,4,Lat-RS,16,5.692638972758538E-8,1.4299972310040273E-11,0.006451503596065272,2.9144466092437877,1.3031080968300779E-12,2.0280129317410244E-12,0.6425541358414196,-0.1920902767020914
MC2,4,Lat-RSB,16,-2.2393819712868505E-12,1.3500483134189882E-18,4.56541986230299E-4,2.1291869607908147,1.2272440652139938E-19,2.7112877470861116E-19,0.4526425004254689,-0.3442446708105905
MC2,4,Sob-RDS,16,-1.4654079908847503E-8,6.1329991428288265E-12,0.018372242167519204,2.7051545858222186,5.577043641411152E-13,8.907201390027345E-13,0.6261274891185581,-0.20333722879684996
MC2,4,Sob-RDSB,16,-2.2204827603235894E-16,2.0442124605039325E-37,0.017994949618002874,2.8570775607407755,4.930545547083394E-32,4.930463715889617E-32,1.0000165970583077,7.207951023633986E-6
MC2,4,Sob-NUS,16,5.880351576690112E-11,3.9650653230049623E-16,0.021986481430998496,3.1916738253468826,3.604590163958165E-17,5.103345852534168E-17,0.7063190048482084,-0.15099910807749664
MC2,8,Lat-RS,10,1.4914237088958454E-6,1.496586465293833E-8,0.032237436325624154,2.8767729980446393,1.3626214416315509E-9,2.0691585926904182E-9,0.6585389087357513,-0.18141856033768206
MC2,8,Lat-RSB,10,2.8529727486915854E-8,6.638149483257556E-12,0.07128028860495461,2.0231260628446837,6.042217333785895E-13,1.4958946312999809E-12,0.40391998255485495,-0.39370466106957747
MC2,8,Sob-RDS,10,1.0733712483043807E-6,1.1379532411896508E-8,0.0035264478467278227,2.812101408586498,1.035551622078079E-9,1.7092203622638967E-9,0.605861973646552,-0.21762630473027536
MC2,8,Sob-RDSB,10,4.5336706739230727E-7,1.279106570055117E-9,0.02230303888193455,1.2273825946614807,1.1647632891580606E-10,7.311337139962432E-10,0.15930920252489486,-0.7977591363749711
MC2,8,Sob-NUS,10,-1.3511217626431105E-7,1.294545697944553E-10,0.06463716023449821,3.0177709926271197,1.1785675694490866E-11,1.7826975511895817E-11,0.6611147071260836,-0.1797231814373454
MC2,8,Lat-RS,12,5.19251070112819E-7,1.0252616779330376E-9,0.0360119353146994,2.9639365697473843,9.346590819792642E-11,1.4590306123240013E-10,0.6406027907053318,-0.19341117371889346
MC2,8,Lat-RSB,12,9.681559285204871E-10,2.7476815769819784E-14,0.03189709812082695,2.657674306951699,2.4985798793785473E-15,4.159315027380425E-15,0.6007190758407583,-0.22132857680769732
MC2,8,Sob-RDS,12,-2.1782785038279287E-7,7.018300736145516E-10,0.014764954871588173,2.861054225493168,6.384380266396513E-11,9.733722297630556E-11,0.655903268161928,-0.1831602051382832
MC2,8,Sob-RDSB,12,-6.798991703092498E-10,9.941811670821805E-14,0.009192061617272701,1.1446582279317896,9.037569071658806E-15,6.558291969090356E-14,0.13780370124193067,-0.8607391176434896
MC2,8,Sob-NUS,12,7.517813460730677E-9,1.4689675514282905E-12,0.02300948407658512,2.9282906097627146,1.3358566794406192E-13,2.0164136398933848E-13,0.6624913921487116,-0.17881976020866688
MC2,8,Lat-RS,14,-4.886882026774654E-8,1.0200819977552016E-10,0.0017720352733120455,3.0033761834726405,9.274933521189145E-12,1.4314312076930527E-11,0.647948254260641,-0.18845967589853393
MC2,8,Lat-RSB,14,-1.693180130557962E-10,1.225856902266436E-15,0.006005364140024714,2.6261424498844246,1.1145906100556421E-16,1.854122990422133E-16,0.601141680359554,-0.22102315903420308
MC2,8,Sob-RDS,14,-7.013282158352124E-8,4.47555127896E-11,0.028943730591240627,2.804728021603055,4.073194725237906E-12,6.317362482116143E-12,0.6447619139741839,-0.1906006241796474
MC2,8,Sob-RDSB,14,2.6885059839035155E-10,1.6402641473379504E-15,0.019356031245407846,1.363548744013321,1.4917229163727452E-16,7.641948114486977E-16,0.19520191632089984,-0.7095159231267696
MC2,8,Sob-NUS,14,-4.4807949247883825E-9,5.984286240534832E-14,0.012122070184622098,4.449124827134399,5.4597937158041716E-15,5.432592727356749E-15,1.005006999385477,0.002169086417108722
MC2,8,Lat-RS,16,-4.178902082900211E-8,6.484073066193176E-12,0.07986082074529831,2.9649066668750774,5.911485639788064E-13,9.004904202616486E-13,0.6564740175770453,-0.182782458068358
MC2,8,Lat-RSB,16,-3.3444674680708626E-12,9.628193383423693E-18,0.012245907778589825,2.2147491189384003,8.752139640158587E-19,1.865657516617308E-18,0.4691182364503541,-0.32871768400910706
MC2,8,Sob-RDS,16,1.0180955118948566E-9,2.688819320371795E-12,0.020970589674262928,2.9156512666699497,2.444147127402675E-13,3.71996507449155E-13,0.657034966312619,-0.18241151739221692
MC2,8,Sob-RDSB,16,6.626344681218442E-11,1.2269050672447638E-16,0.023275965532492494,1.7874516583338933,1.1156957905638334E-17,2.8217198743016465E-17,0.3953956594787636,-0.40296810253567056
MC2,8,Sob-NUS,16,5.814202525918192E-11,1.840726354231585E-15,0.06236317977534306,3.0888966221161023,1.6732540609475233E-16,2.474829051075191E-16,0.6761089458767171,-0.16998331769619845
MC2,16,Lat-RS,10,-3.24466271647947E-7,7.846895606430814E-9,0.008651743920691525,2.9431770628823166,7.13388088985998E-10,1.1346015376613414E-9,0.6287564975951335,-0.20151751389604575
MC2,16,Lat-RSB,10,2.316905987778698E-8,2.5624852814326097E-11,0.010756925094524554,2.636897724944001,2.3298359261578628E-12,3.828716783711455E-12,0.6085161315847925,-0.21572790426152957
MC2,16,Sob-RDS,10,-1.840621651184196E-7,5.1798956367515855E-9,0.0196253203974589,2.9242228129604,4.708863922613472E-10,7.198601026487097E-10,0.6541359779889605,-0.18433196367590365
MC2,16,Sob-RDSB,10,1.442346236196537E-8,6.094708302830908E-10,0.01400011544141317,2.197102210331842,5.5401106508999466E-11,9.089684890868698E-11,0.6094942473160343,-0.21503038909513614
MC2,16,Sob-NUS,10,1.3323434386571437E-8,8.744588608088474E-11,0.010008498657145069,3.1155747458628897,7.949008558656276E-12,1.1540883946660456E-11,0.6887694734125155,-0.16192610926386952
MC2,16,Lat-RS,12,-1.5053184443227856E-7,1.038828343168294E-9,0.03965672554762819,2.8697296995057564,9.44521562301861E-11,1.4469326492966544E-10,0.652775070602621,-0.18523643958883285
MC2,16,Lat-RSB,12,2.6471051401566236E-8,1.7815657017202746E-11,0.00181532786052124,2.278070821746749,1.620143939426034E-12,2.5337110661612976E-12,0.6394351593848604,-0.19420348769675763
MC2,16,Sob-RDS,12,-5.188925134240469E-8,3.3301735586301005E-10,0.02108269697448369,2.917450724733483,3.0273970142352484E-11,4.79833894418284E-11,0.6309260453360525,-0.20002154405977784
MC2,16,Sob-RDSB,12,5.4602263474727746E-9,2.678275152108274E-13,0.01525641104482264,1.1249439067373155,2.4375335204429845E-14,1.837796148006638E-13,0.13263350905849108,-0.8773467401793376
MC2,16,Sob-NUS,12,9.583843513058566E-9,7.612522912212222E-12,0.006219602323135529,2.9912847156055253,6.920701827765738E-13,1.0161099651842881E-12,0.6810977221850744,-0.16679057213863216
MC2,16,Lat-RS,14,1.486073548032117E-7,5.4778567122344953E-11,0.008452602395032168,3.029419677362102,5.001455897322764E-12,7.678707634600181E-12,0.6513408421472192,-0.18619168865680705
MC2,16,Lat-RSB,14,-7.98800179604291E-10,1.0958242175524905E-14,0.031887597896229095,2.6815584605937164,9.967422954821497E-16,1.5945140210793398E-15,0.6251072629687173,-0.20404545510629646
MC2,16,Sob-RDS,14,-4.549534287926031E-8,2.040741769351178E-11,0.0326886739588912,2.9269806386838675,1.8571040945639223E-12,2.8172516386901813E-12,0.6591899953343684,-0.18098939263989874
MC2,16,Sob-RDSB,14,-2.1211358005889914E-10,1.288922708771505E-15,0.03630362793033625,2.704916001017773,1.172080663981752E-16,1.8821366512383362E-16,0.6227394080076977,-0.2056936505163526
MC2,16,Sob-NUS,14,-3.41402116458075E-10,3.2517627505560533E-13,0.011582803523157919,3.7270871979592215,2.955863995795965E-14,1.5910794133231625E-14,1.85777276171419,0.26899259105212353
MC2,16,Lat-RS,16,1.5228666693724328E-8,3.5263575324791976E-12,0.027448726056171793,3.0113080697583436,3.207778119916276E-13,4.855702218087899E-13,0.6606208486111511,-0.1800477244776325
MC2,16,Lat-RSB,16,-5.390850002555054E-11,1.0842102476425543E-16,0.026722464827087896,2.7609475748499235,9.858377277445823E-18,1.600417235125278E-17,0.6159879474600962,-0.21042778524268652
MC2,16,Sob-RDS,16,-1.1346787451310657E-10,1.3536235706683751E-12,0.012403647010842055,2.957390718044831,1.2304439544871382E-13,1.8136356239078637E-13,0.6784405523728548,-0.16848820092616876
MC2,16,Sob-RDSB,16,-7.06114251172073E-11,1.5064833379732973E-16,0.0029236987433201855,2.4243628800715666,1.3698919515534355E-17,2.4766517881371185E-17,0.5531225496111576,-0.2571786359223208
MC2,16,Sob-NUS,16,4.1071018173344217E-10,6.577195659329116E-15,0.008439536371790912,3.08598752433696,5.980357682863961E-16,8.46589428051745E-16,0.7064059016926953,-0.1509456810869646
MC2,32,Lat-RS,10,5.155089167956225E-7,3.382388468357952E-9,0.03700409743303061,2.9919078305813187,3.0772486121703366E-10,4.6055742463747777E-10,0.6681574213232054,-0.17512120345628646
MC2,32,Lat-RSB,10,-1.398090983849504E-7,5.920433108197505E-11,0.018447032163840377,2.2070280927474117,5.401220279342745E-12,1.1407253814022775E-11,0.4734899711535393,-0.32468921522206656
MC2,32,Sob-RDS,10,-2.0992487509838366E-7,3.1015420754972905E-9,0.036671335544851184,2.9701249674276777,2.819742431158888E-10,4.2527893853474884E-10,0.6630336411377427,-0.17846443571312484
MC2,32,Sob-RDSB,10,-4.100446516053709E-7,5.545236408144856E-9,0.0347205259134754,1.9132889596367368,5.042301261166775E-10,1.2153574229487658E-9,0.4148821709528766,-0.38207522803715144
MC2,32,Sob-NUS,10,-2.599491360131037E-7,1.25760664840021E-9,0.012899905919663366,2.655115228136314,1.1438401789289305E-10,1.887445453682285E-10,0.6060255551742552,-0.2175090619110125
MC2,32,Lat-RS,12,7.823899120658102E-8,2.7574314782947315E-10,0.006068965413675634,2.996272768580949,2.507117347744413E-11,3.7658326465874976E-11,0.6657537875498263,-0.17668635413076292
MC2,32,Lat-RSB,12,-1.2667665051708698E-8,1.310634643177159E-12,0.002466436485118675,2.524293666373479,1.1929715880266602E-13,1.9328382430320274E-13,0.6172123261361259,-0.2095654093758221
MC2,32,Sob-RDS,12,2.806700679239569E-7,1.756487493404052E-10,0.0426564633766421,2.9195358479593234,1.604524700207127E-11,2.5330658141386748E-11,0.6334319034472928,-0.19830006672636752
MC2,32,Sob-RDSB,12,-4.242886606479074E-8,2.169073527374646E-11,6.050609671524049E-5,1.9476830393687534,1.973488045059097E-12,4.60731498868784E-12,0.4283379907613274,-0.3682134048322378
MC2,32,Sob-NUS,12,-8.167459936922614E-8,4.952825099994651E-10,0.008289579666405464,2.0366023672796887,4.5027850899133504E-11,5.705221421023839E-11,0.789239322652844,-0.10279128481657242
MC2,32,Lat-RS,14,3.8518942881482046E-8,2.326453566162799E-11,0.012608105020548576,2.962020302453536,2.116230000602691E-12,3.1253683086411433E-12,0.677113796396941,-0.1693383372319362
MC2,32,Lat-RSB,14,-9.588998075932296E-10,1.986114677558846E-14,0.012605106265562256,2.5474998507326365,1.8062977307419933E-15,2.9854611732965235E-15,0.6050313924355925,-0.21822209111967622
MC2,32,Sob-RDS,14,-8.261553642393261E-9,1.0140315879054473E-11,0.0017699180459178157,2.959625829380703,9.218229666746379E-13,1.4292933264868E-12,0.6449501649465311,-0.19047384183741745
MC2,32,Sob-RDSB,14,-5.071627843941741E-9,1.2370591599591095E-12,0.010126794565121805,1.6648071957763895,1.124743990492705E-13,3.328751462906531E-13,0.3378876443694069,-0.4712276889007341
MC2,32,Sob-NUS,14,-2.3099299789995524E-9,1.7593866696951054E-13,0.0016234867727883573,2.987862470410521,1.5998160604036388E-14,2.373132596402567E-14,0.6741368193369393,-0.17125195234766877
MC2,32,Lat-RS,16,1.4399956943589643E-8,1.8536073131015654E-12,0.012704049166977323,2.90902652894988,1.6870026352090953E-13,2.5748898272015457E-13,0.6551746864612734,-0.18364289046399698
MC2,32,Lat-RSB,16,-3.135808515150193E-11,2.9101943176931847E-16,0.010220324280287369,2.5913743295279184,2.6454649677335414E-17,4.558220101751244E-17,0.5803723621676733,-0.23629327721959176
MC2,32,Sob-RDS,16,-3.46516362411498E-9,6.318111710931078E-13,0.02283265446986614,3.0035513618083756,5.744364281130539E-14,8.219584342718204E-14,0.6988631105439678,-0.1556078831347299
MC2,32,Sob-RDSB,16,3.042797738305746E-11,7.263014190263818E-17,0.011965092076701697,2.745778661392603,6.603005760757435E-18,1.1083544813049189E-17,0.5957485508592341,-0.2249370053887301
MC2,32,Sob-NUS,16,-3.610094073520654E-10,1.0157857476142906E-14,0.01435093651564479,3.216300749348989,9.234795723735869E-16,1.342502717740401E-15,0.6878791083029745,-0.16248788038397258
SmoothGauss,2,Lat-RS,10,-2.0467106028689393E-6,2.017461350966581E-7,0.05556935318050826,2.708261666838485,1.8342912704578118E-8,2.9825360188698294E-8,0.6150106013314397,-0.21111739794805814
SmoothGauss,2,Lat-RSB,10,2.700376847860437E-6,1.528789293230505E-8,0.03362486145000489,3.1140912557352807,1.3969615026669897E-9,2.0384241144102234E-9,0.6853144508993273,-0.16411011032521883
SmoothGauss,2,Sob-RDS,10,-5.027939415179703E-6,1.4725857454217107E-7,0.05693979077811097,2.589891030435983,1.3411084600646067E-8,2.1733878584510923E-8,0.6170589638889278,-0.20967333439777058
SmoothGauss,2,Sob-RDSB,10,5.328002847261393E-7,2.438619873178347E-7,0.6971555818395438,3.277788376650106,2.216733852333458E-8,3.75422627101039E-8,0.5904635715355695,-0.22880689088552536
SmoothGauss,2,Sob-NUS,10,-7.200022380621871E-7,1.1037961740696567E-8,0.19391160575064562,3.4517950317443837,1.0038691254521325E-9,1.3965381012638346E-9,0.7188268795127424,-0.14337569143257098
SmoothGauss,2,Lat-RS,12,2.7913380567218737E-7,1.265002292102406E-8,0.03732222540363632,2.7341659611654934,1.149964999202556E-9,1.794971178915118E-9,0.6406593112528948,-0.19337285749632016
SmoothGauss,2,Lat-RSB,12,4.093056300604172E-7,6.219533480202719E-10,0.2771911534974233,3.876100432750483,5.670309043384187E-11,7.227828540091033E-11,0.784510729873065,-0.10540111212446801
SmoothGauss,2,Sob-RDS,12,-1.3100880103436443E-6,9.287256381508508E-9,0.05845278282603333,2.495483991248914,8.459279356739696E-10,1.4015475922188624E-9,0.6035670428677612,-0.2192744824342863
SmoothGauss,2,Sob-RDSB,12,-1.0258654820212158E-6,4.629182979724624E-9,0.06342732591036376,2.5609465504590605,4.218451328441709E-10,7.061260375480143E-10,0.597407701193127,-0.22372918319804136
SmoothGauss,2,Sob-NUS,12,-1.6608442145364246E-7,5.090816163248695E-10,0.18581431871076637,3.9049257506282213,4.630310295898023E-11,5.917149055408977E-11,0.7825238560900151,-0.10650241364052332
SmoothGauss,2,Lat-RS,14,-1.7885250118124576E-7,7.773806396247273E-10,0.07027980683445008,2.7310106416884294,7.06958883590665E-11,1.1391125270035286E-10,0.6206225169433811,-0.2071724717314521
SmoothGauss,2,Lat-RSB,14,-4.3666557739877255E-8,1.9792193028880452E-11,0.48191190067138023,5.6841620953249485,1.801017114590083E-12,1.8017399276426366E-12,0.999598824979419,-1.7426305504575178E-4
SmoothGauss,2,Sob-RDS,14,8.198629392387704E-8,6.079972202322328E-10,0.04410163387670143,2.471040453868886,5.5273669071501336E-11,9.365495488412727E-11,0.5901841407097743,-0.22901246493902797
SmoothGauss,2,Sob-RDSB,14,-1.803521315014646E-8,2.4677640414430806E-11,0.34517010412251947,4.961577590341086,2.2435227825851312E-12,2.74583035314324E-12,0.8170653296249344,-0.0877432174439494
SmoothGauss,2,Sob-NUS,14,-1.0092401441069416E-8,2.3101766696413912E-11,0.17905723737945184,3.531577796685727,2.1000524492708725E-12,2.8202840436774624E-12,0.7446244480157197,-0.1280627088320828
SmoothGauss,2,Lat-RS,16,1.1339421158437491E-7,6.978197207168973E-11,0.07705922647386607,2.742507719368478,6.356039508537439E-12,1.0005096260989517E-11,0.635280195485977,-0.1970346833475985
SmoothGauss,2,Lat-RSB,16,-6.305438339467566E-9,1.8080429560227882E-12,0.551353974850457,3.8900641099504516,1.6439086325512425E-13,2.5918733162670615E-13,0.6342550086201271,-0.1977360945319401
SmoothGauss,2,Sob-RDS,16,-1.2326958060341696E-7,3.7737187161099035E-11,0.01820309851225608,2.4849037847556876,3.4455057024460444E-12,5.672068912043812E-12,0.6074513120124502,-0.21648852558430268
SmoothGauss,2,Sob-RDSB,16,-5.119733367432566E-8,2.1345536034291426E-11,0.6380137574913984,4.654571115969379,1.9429303924924505E-12,2.6716906340297353E-12,0.7272288070127008,-0.13832892615728654
SmoothGauss,2,Sob-NUS,16,-1.0761345171763002E-9,1.1609730130957275E-12,0.21475432426942004,4.125770994958304,1.0553360495590069E-13,1.3042744887041984E-13,0.8091364652907435,-0.09197822607044423
SmoothGauss,4,Lat-RS,10,-2.93223353129131E-5,8.974212993746485E-7,0.0916307434979053,3.0117463027212197,8.243539546135845E-8,1.280785165858473E-7,0.6436317163784795,-0.191362563223139
SmoothGauss,4,Lat-RSB,10,-1.8474730051955036E-6,2.3489535884442685E-7,0.116482787082996,2.6115515202168997,2.1355401275463327E-8,3.730477778469765E-8,0.5724575387826938,-0.24225672096407316
SmoothGauss,4,Sob-RDS,10,7.0768366872439475E-6,2.72724182304438E-7,0.07157262431331515,2.873211868125675,2.4840709788971334E-8,3.90645526125014E-8,0.6358887566274556,-0.1966188538618374
SmoothGauss,4,Sob-RDSB,10,-1.1294794059774047E-5,6.949602582268038E-7,0.053879394030943335,2.4027559157857517,6.329945984566917E-8,1.1473991397030036E-7,0.5516777697955552,-0.25831451586034154
SmoothGauss,4,Sob-NUS,10,9.576091698433296E-7,1.2110215211252083E-7,0.004106728805990821,2.997048730808911,1.1009102642350313E-8,1.657119357640131E-8,0.6643518218282204,-0.17760186970771502
SmoothGauss,4,Lat-RS,12,-6.436805552261288E-6,7.809349676506734E-8,0.03278872574934063,2.9717207507533683,7.140131321662243E-9,1.0895075175290373E-8,0.6553540206731016,-0.18352403177944382
SmoothGauss,4,Lat-RSB,12,-2.596177732719381E-6,5.104885961562829E-8,0.038999339072982635,1.9306212132139267,4.6470814778804796E-9,1.1521272747683874E-8,0.4033479268872169,-0.39432017088602483
SmoothGauss,4,Sob-RDS,12,-8.569437221115066E-7,1.7886654764302398E-8,0.09708426706222965,2.861074584132423,1.6266312706179544E-9,2.550128217498282E-9,0.6378625433248634,-0.19527289981683285
SmoothGauss,4,Sob-RDSB,12,9.146169098622757E-6,3.424895940800479E-7,0.2656139507674739,2.2021312026421174,3.121595651105696E-8,6.656480928686721E-8,0.468955846872916,-0.32886804505064565
SmoothGauss,4,Sob-NUS,12,-5.388926245681614E-8,7.254296169603965E-9,0.020700796947754257,2.956332648279492,6.594184258696085E-10,1.0481768202496591E-9,0.62910991078065,-0.20127347303555632
SmoothGauss,4,Lat-RS,14,-2.019783919193557E-7,8.572776477780681E-9,0.022929163433655617,2.9341259069834176,7.793061771010663E-10,1.193557179805967E-9,0.6529273924084271,-0.18513511096013024
SmoothGauss,4,Lat-RSB,14,2.057033101343587E-8,3.351895769121314E-9,0.030856358967439417,2.2098285535701474,3.046877485516455E-10,6.417662728389374E-10,0.47476435183142174,-0.32352189794011377
SmoothGauss,4,Sob-RDS,14,-7.484280249080477E-7,1.1189575220023846E-9,0.08371617656597401,2.837913279050816,1.0227338325848453E-10,1.595330647738765E-10,0.6410795367308193,-0.1930880855819105
SmoothGauss,4,Sob-RDSB,14,3.7368070497595116E-7,8.641422911794994E-9,0.04078302746260869,2.6234415789866823,7.856449799514363E-10,1.3241480812149446E-9,0.5933210877975098,-0.22671021570882996
SmoothGauss,4,Sob-NUS,14,3.362718050271944E-7,4.0089624332881315E-10,0.0012403311611373367,2.911874346934267,3.655454724544536E-11,5.5951669507056376E-11,0.6533236196077271,-0.18487164047868268
SmoothGauss,4,Lat-RS,16,2.571112696653383E-7,1.5065928901181002E-9,0.035368148721201594,2.853625231894711,1.3701539991672425E-10,2.0724401312271194E-10,0.6611307986764163,-0.17971261082623805
SmoothGauss,4,Lat-RSB,16,6.445360899138148E-8,2.1058923711703384E-10,0.06478040973771407,2.434073179744402,1.914671592165039E-11,3.3786977113943373E-11,0.5666892263572414,-0.24665504389296078
SmoothGauss,4,Sob-RDS,16,5.941214672623629E-9,7.473553268083213E-11,0.04032034652707341,2.795558921782435,6.793495218719427E-12,1.0470039924101882E-11,0.6488509373379655,-0.1878550636420693
SmoothGauss,4,Sob-RDSB,16,1.8494587224897243E-9,2.7253039871895155E-10,0.06146731991422287,2.6553736661373644,2.477301666405026E-11,4.226717957185224E-11,0.5861052692654187,-0.232024374160766
SmoothGauss,4,Sob-NUS,16,6.918580660453418E-8,2.7509744478035687E-11,0.01904393644420924,2.9424826857073945,2.5054224488889642E-12,3.826784078059601E-12,0.6547070327938014,-0.18395299390748904
SmoothGauss,8,Lat-RS,10,-4.2994472581860194E-6,1.8227942521105016E-6,0.01303770521490252,2.979815161009883,1.6571048276357055E-7,2.4732627571536784E-7,0.6700075933471632,-0.17392027531397206
SmoothGauss,8,Lat-RSB,10,-1.9032241997754964E-6,8.622233644951528E-7,0.036408739583628565,3.1067304000785483,7.8379726094964E-8,1.114571946212281E-7,0.7032271569486984,-0.15290436619760658
SmoothGauss,8,Sob-RDS,10,3.7037132868922873E-6,5.535318133917115E-7,0.02843638087257171,2.936648408796088,5.032975932941808E-8,7.912823539886629E-8,0.6360530988176084,-0.19650662718037568
SmoothGauss,8,Sob-RDSB,10,-1.90366515249182E-5,1.578950239509512E-6,0.06621025752697464,2.950632473132029,1.4388897087269582E-7,2.1751471785325004E-7,0.6615137232680178,-0.17946114183512998
SmoothGauss,8,Sob-NUS,10,1.0173548130527973E-6,6.841084782531692E-7,4.247085920942476E-4,2.9331634551341876,6.218649568402873E-8,9.782703245689269E-8,0.635678034202163,-0.19676279531739538
SmoothGauss,8,Lat-RS,12,3.236256233188822E-6,2.853947267181421E-7,0.029144450717763268,2.994910195637542,2.5952854013085968E-8,3.900563394666698E-8,0.6653616769457386,-0.1769422169482551
SmoothGauss,8,Lat-RSB,12,3.724982238511951E-7,1.8955370561641517E-7,0.24817663655445404,2.99594263027688,1.7230570595458907E-8,2.702378838237555E-8,0.6376075164463761,-0.19544657189434106
SmoothGauss,8,Sob-RDS,12,-1.6777029960137695E-6,7.821531816086276E-8,0.004994184584927396,2.9825391639187515,7.112587108165258E-9,1.0991481142062118E-8,0.6470999691703845,-0.18902862086877106
SmoothGauss,8,Sob-RDSB,12,-4.095938375518541E-6,2.408415654575415E-7,0.11335946447213197,2.5608329011966493,2.1909275011266567E-8,3.923472614654776E-8,0.5584153927679281,-0.2530426188554625
SmoothGauss,8,Sob-NUS,12,4.2053755001504583E-7,6.499177968027335E-8,0.010630388791118944,2.925360346641659,5.90792962476782E-9,8.990133927651024E-9,0.6571570203861763,-0.1823308481881301
SmoothGauss,8,Lat-RS,14,6.679010129036692E-7,4.580572983757141E-8,0.029123183578234214,2.942660779916253,4.164186933998279E-9,6.2576297479227145E-9,0.6654575457074021,-0.17687964605426634
SmoothGauss,8,Lat-RSB,14,7.831203795900783E-7,9.838795348749041E-9,0.035011213807169005,3.0006593602323344,8.949597747302171E-10,1.3691868794549362E-9,0.6536432594844134,-0.1846592130030833
SmoothGauss,8,Sob-RDS,14,-2.902382113072535E-7,1.4545121211723342E-8,0.0032891933657822462,2.417772987515828,1.3222357563649547E-9,2.5876513192703787E-9,0.5109791054606909,-0.2915968583166619
SmoothGauss,8,Sob-RDSB,14,-1.6213436087521774E-6,4.802007159789133E-8,0.07647646270798975,2.761264349064173,4.367653263345964E-9,7.127728136970859E-9,0.6127693396008407,-0.2127029731001451
SmoothGauss,8,Sob-NUS,14,9.93611768745654E-8,1.0950403364228612E-8,0.012919504403062056,2.9587635255294074,9.954015384518506E-10,1.5271978361124645E-9,0.6517829680702534,-0.1858969923976454
SmoothGauss,8,Lat-RS,16,-9.32463101923874E-7,8.399010991020456E-9,0.012341068241615178,2.94449307501453,7.64339586520209E-10,1.1777898483409392E-9,0.648960922525249,-0.18778145365048288
SmoothGauss,8,Lat-RSB,16,8.658608663384108E-7,1.7688081819181654E-9,0.0333703518208893,3.013722883576078,1.6153437877621751E-10,2.436946503254543E-10,0.662855662036439,-0.17858102967292147
SmoothGauss,8,Sob-RDS,16,1.800815519798101E-7,8.960706160115226E-10,0.11326613774447887,2.922411617631649,8.148524836081086E-11,1.230906249539522E-10,0.661993944634648,-0.1791459831037833
SmoothGauss,8,Sob-RDSB,16,-6.22299765458812E-7,2.42425537021202E-9,0.06244523067660156,2.882166924060752,2.2075207015036273E-10,3.331155438445873E-10,0.6626891906711896,-0.1786901132630469
SmoothGauss,8,Sob-NUS,16,-2.0166338534967544E-7,8.265662448456908E-10,0.023775758144227558,2.8818655831153244,7.517553977746398E-11,1.1605603428613173E-10,0.6477520987157078,-0.18859117122646885
SmoothGauss,16,Lat-RS,10,1.466084847688735E-5,3.2020159319099454E-6,0.008712276702881624,2.995557060495398,2.912781886886763E-7,4.377086500755828E-7,0.6654613488638593,-0.17687716402494072
SmoothGauss,16,Lat-RSB,10,6.160713299907901E-6,2.059529906537646E-6,0.08586264135705689,2.934833442196931,1.872492228926357E-7,2.8354707962222226E-7,0.6603814193470555,-0.18020515465298298
SmoothGauss,16,Sob-RDS,10,2.922523032895491E-5,1.525821491267983E-6,0.07254149030724806,3.0013349191456484,1.395512876440401E-7,2.0303418440856674E-7,0.6873290231915841,-0.16283531716204883
SmoothGauss,16,Sob-RDSB,10,2.9241656786297542E-5,2.2858330679127995E-6,0.07510424978531259,2.952837878739265,2.0863730036488111E-7,3.199906118927431E-7,0.652010692222476,-0.1857452822816599
SmoothGauss,16,Sob-NUS,10,-1.1240448557614814E-5,1.4272261092875768E-6,0.061697777223885183,2.937654858482854,1.2986120101801712E-7,1.9970359443271645E-7,0.6502697229206337,-0.18690646662044233
SmoothGauss,16,Lat-RS,12,8.708226433565481E-7,7.906279524181753E-7,0.038051936889664864,2.9095865999064867,7.18688392068883E-8,1.093696996842408E-7,0.6571183738675289,-0.1823563892122892
SmoothGauss,16,Lat-RSB,12,8.875068045783596E-6,5.08889768240223E-7,0.030836343098819507,2.95047643952222,4.633684676585357E-8,7.154215249926728E-8,0.6476859466358402,-0.18863552608138603
SmoothGauss,16,Sob-RDS,12,3.018146547759948E-6,3.132184455688558E-7,0.011086512629319444,2.8618580222756833,2.8480665910792748E-8,4.537244601886241E-8,0.6277084091731059,-0.20224205323073816
SmoothGauss,16,Sob-RDSB,12,-1.4433593099769336E-6,3.971286558115556E-7,0.002929640849333499,2.9404482651652177,3.610107809936811E-8,5.585554350621061E-8,0.6463293673859607,-0.1895461105110094
SmoothGauss,16,Sob-NUS,12,6.029306671000849E-6,2.91709645871372E-7,0.036683120588387026,2.9344410278027344,2.6552759348640692E-8,4.14244353516502E-8,0.6409926682943411,-0.19314693793441282
SmoothGauss,16,Lat-RS,14,3.1629915945629943E-6,1.0289705903156455E-7,0.013917048675662028,2.9629204648090255,9.363347181796495E-9,1.4771281074921016E-8,0.6338886339177295,-0.19798703537278792
SmoothGauss,16,Lat-RSB,14,-2.859176224028096E-6,7.221414954967318E-8,0.08031648473319425,2.788619479213248,6.572441082745339E-9,1.0561289045029536E-8,0.6223142889776822,-0.2059902270519828
SmoothGauss,16,Sob-RDS,14,-3.418776036506556E-6,4.071037806711365E-8,0.08623689774665741,2.8779834731321956,3.7122613958884224E-9,5.970973538734284E-9,0.6217179446210276,-0.2064065974260811
SmoothGauss,16,Sob-RDSB,14,-1.167312492700024E-6,6.22987950331201E-8,0.04009976799897931,3.0196184594446573,5.664323086966232E-9,8.78799765647084E-9,0.6445521845121839,-0.1907419153498122
SmoothGauss,16,Sob-NUS,14,-1.0878908905705692E-6,5.3613434122990816E-8,0.023602052905493033,2.8516327297137645,4.874644668369652E-9,7.458899983807013E-9,0.6535339901262008,-0.1847318199574003
SmoothGauss,16,Lat-RS,16,-2.6454127256243895E-6,1.7564457566852942E-8,0.006552675617275336,2.919486769813675,1.6036074013158276E-9,2.3749080026077E-9,0.6752292718518075,-0.17054873888216562
SmoothGauss,16,Lat-RSB,16,-1.0638289715959292E-6,1.284586709884145E-8,0.014405092952391984,2.8853025257811047,1.1688210513654947E-9,1.6948631950710047E-9,0.6896256020926386,-0.1613866238637902
SmoothGauss,16,Sob-RDS,16,3.518918979293843E-7,3.769355679677684E-9,0.009841502228100693,2.9889060089242574,3.427582591905298E-10,5.111241829174463E-10,0.6705968346754786,-0.1735385008419101
SmoothGauss,16,Sob-RDSB,16,-7.63124051210187E-7,1.025525378776736E-8,0.029391159004279344,2.919782587443894,9.327849276255886E-10,1.43283611937393E-9,0.6510060117923073,-0.18641500086933477
SmoothGauss,16,Sob-NUS,16,5.301336197345627E-7,1.3366923589223468E-8,0.03782604460855617,2.5006204830806227,1.2153343959151862E-9,1.9878608688199997E-9,0.6113779968095113,-0.21369019537140665
SmoothGauss,32,Lat-RS,10,4.8991503850721405E-6,3.917845846440917E-6,0.01522923008487327,3.029795334018486,3.561561891159749E-7,5.230814524744689E-7,0.6808809362885191,-0.16692882528795686
SmoothGauss,32,Lat-RSB,10,1.5970114098223102E-5,2.5539476184376564E-6,0.028236069823553894,2.9900599305103115,2.324088830602932E-7,3.3231831971021764E-7,0.6993562174452324,-0.15530155978359442
SmoothGauss,32,Sob-RDS,10,1.6743558852480398E-5,3.1239297398595693E-6,0.014844085250045677,2.8647279560833523,2.842455601162814E-7,4.4610510157453406E-7,0.6371717317579036,-0.19574349999878038
SmoothGauss,32,Sob-RDSB,10,-2.6669805447130092E-5,1.053979230263496E-5,0.004241229309016014,2.497817752440113,9.587783988321057E-7,1.7032211061628363E-6,0.5629206891359657,-0.2495527893350612
SmoothGauss,32,Sob-NUS,10,4.493965423008081E-5,3.998311355132006E-6,0.029961028679881943,2.8118094820504296,3.654660747038185E-7,5.68119035312121E-7,0.6432913737928774,-0.19159227222666605
SmoothGauss,32,Lat-RS,12,2.136375750395691E-6,7.38091118035599E-7,0.03722122923026933,3.1167465225827407,6.709704673078284E-8,9.709022399784133E-8,0.6910793277423549,-0.16047209788864886
SmoothGauss,32,Lat-RSB,12,-3.1623287489068134E-6,4.9927180662994E-7,0.03610716006591108,3.0182955977430064,4.539380754577771E-8,6.976879996173098E-8,0.6506319095451943,-0.18666464102409516
SmoothGauss,32,Sob-RDS,12,1.0877826974946912E-6,4.4340847904554953E-7,0.056081213249634644,2.9256691126863426,4.0307014016437425E-8,5.857795635478415E-8,0.6880918441796321,-0.16235358973211733
SmoothGauss,32,Sob-RDSB,12,1.3061766284759942E-5,6.047416353097597E-7,0.0059003172019215285,2.9595454076739656,5.5141624388134846E-8,8.527819434632045E-8,0.6466087234938515,-0.1893584405538991
SmoothGauss,32,Sob-NUS,12,1.2507463573443918E-5,1.1960514952451286E-6,0.04261165352284199,2.4942559514951714,1.0887751756282322E-7,1.7955493770521216E-7,0.6063743996925054,-0.21725914231494026
SmoothGauss,32,Lat-RS,14,1.951122511350445E-7,1.3455703149401342E-7,0.0394549633347125,2.9347068065624473,1.2231272231596363E-8,1.8676485029703672E-8,0.6549022587571142,-0.18382351168746197
SmoothGauss,32,Lat-RSB,14,-1.4258271799777513E-6,1.1614522238003343E-7,0.045617360587532865,2.9817126950742145,1.0559633697492202E-8,1.5572857869014505E-8,0.6780793728621146,-0.16871946663672654
SmoothGauss,32,Sob-RDS,14,-5.356557668461939E-7,8.257469231216087E-8,0.017146312991831843,2.9419654754779656,7.506326458275979E-9,1.1723145932205995E-8,0.640299668850363,-0.1936167227838243
SmoothGauss,32,Sob-RDSB,14,2.009026470305152E-6,1.223121481182354E-7,0.03410464818704233,2.9696663916087864,1.1122210451305985E-8,1.717814466812762E-8,0.6474628469011654,-0.18878514747643377
SmoothGauss,32,Sob-NUS,14,-3.055355954509581E-6,8.326501112462364E-8,0.019129520869638497,2.9949459759786072,7.578124711237047E-9,1.1436734128731012E-8,0.6626126502494725,-0.17874027705487888
SmoothGauss,32,Lat-RS,16,-1.0229335211836917E-7,2.5025920333292615E-8,0.009078506182106613,2.967122384726589,2.2748666222261865E-9,3.5200440791206063E-9,0.6462608339820859,-0.18959216328028655
SmoothGauss,32,Lat-RSB,16,9.23715007947366E-7,2.429463225138987E-8,0.04828817050708853,2.97933497161885,2.2092353210672466E-9,3.3324993465146786E-9,0.662936460401048,-0.1785280948525283
SmoothGauss,32,Sob-RDS,16,6.16885790003603E-7,1.3650606918481694E-8,0.0281653803337374,2.8643181244261866,1.2412207169678945E-9,1.939329000599014E-9,0.6400258628548896,-0.19380247622201524
SmoothGauss,32,Sob-RDSB,16,6.740222587322569E-7,2.911284682280204E-8,0.024608670117043284,2.980940620379885,2.6468120821979715E-9,3.924791043681696E-9,0.674382929623458,-0.1710934313610183
SmoothGauss,32,Sob-NUS,16,-5.617483196640457E-7,1.4011129058970345E-8,0.0019122908035337876,2.9048197472206216,1.2739271926350497E-9,1.9177624035706357E-9,0.6642779054710611,-0.17765019237491142
PieceLinGauss,2,Lat-RS,10,2.956878994067491E-5,1.7012048134029707E-6,0.22311729902804806,2.900967990083521,1.5551383087688582E-7,2.3793218172859523E-7,0.653605702881662,-0.1846841671255313
PieceLinGauss,2,Lat-RSB,10,4.202506610602162E-6,8.258408577083309E-8,0.7569487264667524,3.9232447155229893,7.524554458380882E-9,1.1014836627156345E-8,0.6831290116305125,-0.16549727033274794
PieceLinGauss,2,Sob-RDS,10,1.6138096743247705E-6,5.472080674747513E-7,0.3381283833046087,2.835710996465606,4.9743817715119844E-8,8.225967146193975E-8,0.6047169509804756,-0.21844785740017153
PieceLinGauss,2,Sob-RDSB,10,1.070469389830028E-5,7.279844706522691E-7,0.20212210157901667,2.658366771930434,6.628837885374756E-8,1.0051410416704457E-7,0.6594933059701032,-0.18078960829805582
PieceLinGauss,2,Sob-NUS,10,-2.1306591559792645E-6,1.4257087678285166E-7,0.3345634985127567,3.6529713489734488,1.2964232408000172E-8,1.7376139425114366E-8,0.7460939447379489,-0.12720648470892293
PieceLinGauss,2,Lat-RS,12,6.786492693863712E-7,1.313589095538001E-7,0.20737146643713006,2.886322249016828,1.1940985443271272E-8,1.8607207763938256E-8,0.6417397814202691,-0.19264103797887586
PieceLinGauss,2,Lat-RSB,12,-1.5792438064402298E-7,6.847893874583374E-9,0.2639946867346123,3.287505296173648,6.224984933096305E-10,9.787373402597626E-10,0.6360220129584672,-0.19652785299788908
PieceLinGauss,2,Sob-RDS,12,3.1186103534613114E-6,4.198921902175183E-8,0.23094242100961332,2.6612344931310505,3.826545739613958E-9,6.368988785285517E-9,0.6008089931724409,-0.22126357524500867
PieceLinGauss,2,Sob-RDSB,12,1.4758657132582913E-7,1.3426021083179165E-8,0.01405187607758775,2.620345008086432,1.220447098257022E-9,1.927564872704295E-9,0.633154876154588,-0.1984900441182279
PieceLinGauss,2,Sob-NUS,12,-1.57556113907591E-6,7.836129291969442E-9,0.2784658736990956,3.512510437260462,7.147865455429884E-10,1.0238078775232613E-9,0.6981647252726362,-0.156042097668001
PieceLinGauss,2,Lat-RS,14,1.2854397133067508E-6,1.0221228553197212E-8,0.17523806024650823,2.750164995875449,9.307620307421728E-10,1.5086112733819868E-9,0.6169661112604584,-0.20973869025651712
PieceLinGauss,2,Lat-RSB,14,-2.4259672393768716E-7,3.723140915196149E-10,0.047316993787613185,3.465293396673465,3.390220408959829E-11,4.605259091142046E-11,0.7361627960261183,-0.13302613457861556
PieceLinGauss,2,Sob-RDS,14,5.491725365282392E-7,3.572656741709684E-9,0.1570393070370899,2.6513963498027153,3.250560882962872E-10,5.25834254659118E-10,0.6181721434390214,-0.20889056935245737
PieceLinGauss,2,Sob-RDSB,14,1.0244437817136757E-7,2.673972483922104E-10,0.4619387906564811,4.1841228335769465,2.4316904729470846E-11,3.147650732705E-11,0.7725413902124267,-0.1120782432179263
PieceLinGauss,2,Sob-NUS,14,4.145800655127482E-8,3.998106992845573E-10,0.22432034129499387,3.402918739499113,3.634451133127346E-11,4.768131504085218E-11,0.7622380234298146,-0.11790939070703073
PieceLinGauss,2,Lat-RS,16,-2.998127304176133E-9,1.0923145582447694E-9,0.17122732564302667,2.7913127942241567,9.929140233321688E-11,1.6015298597040404E-10,0.6199784645386864,-0.20762339581537395
PieceLinGauss,2,Lat-RSB,16,-3.402233388885992E-10,1.5378377942779675E-11,0.4824810648103398,4.631386073814257,1.397894670750593E-12,1.7510804231018512E-12,0.7983040940371958,-0.0978316434795392
PieceLinGauss,2,Sob-RDS,16,-2.434771957361804E-7,2.3109372744247645E-10,0.17157268781253865,2.5796914457141678,2.1065700969364666E-11,3.6325918972543906E-11,0.5799082739045551,-0.23664069486368663
PieceLinGauss,2,Sob-RDSB,16,-8.747199479187626E-8,1.2042619981511264E-10,0.53015222759448,4.017853893403588,1.095439291306661E-11,1.3685528479570785E-11,0.8004362366728398,-0.09667325857802181
PieceLinGauss,2,Sob-NUS,16,-9.31535509754543E-8,2.1000884912801032E-11,0.2518082588737425,3.7781812188123536,1.9176580226329506E-12,2.6312204236437304E-12,0.7288093408675226,-0.13738606981493653
PieceLinGauss,4,Lat-RS,10,1.3628363593050767E-5,5.7317506317612235E-6,0.06264756953849375,2.9027142519372213,5.212018647213197E-7,8.150000346477953E-7,0.6395114632682913,-0.19415166636977774
PieceLinGauss,4,Lat-RSB,10,-2.5496510693188477E-5,2.3736148657195177E-6,0.05922479375935701,2.8732742546795467,2.1641166335143203E-7,3.403185447186123E-7,0.635909111360267,-0.1966049523632363
PieceLinGauss,4,Sob-RDS,10,-2.6663701850169052E-5,2.084508680366788E-6,0.06379130837120692,3.1307912412967616,1.9019279204169573E-7,2.674267498645766E-7,0.7111958401244762,-0.1480107922744413
PieceLinGauss,4,Sob-RDSB,10,4.499322062146596E-5,3.926005588760034E-6,0.05710111940653955,2.3689335945658905,3.5889829792017904E-7,7.474500491723626E-7,0.4801635886138216,-0.3186107761066676
PieceLinGauss,4,Sob-NUS,10,4.408509751332037E-6,2.288146738089793E-6,0.07837284604110453,3.0758395655453743,2.0801197345058982E-7,3.1283787944207917E-7,0.6649193947406951,-0.17723099911957219
PieceLinGauss,4,Lat-RS,12,-7.232777123057909E-6,5.516831712697338E-7,0.01815698977811094,2.980679311331281,5.020031333333063E-8,7.623632910574878E-8,0.6584828246871236,-0.18145554832692837
PieceLinGauss,4,Lat-RSB,12,-3.6698245102320076E-6,2.6315756723710114E-7,0.12124106615818506,2.4893624940743395,2.3934490473788397E-8,4.301476491662071E-8,0.5564249977927979,-0.2545933672500804
PieceLinGauss,4,Sob-RDS,12,-3.477912730001504E-6,3.0851133628704573E-7,0.007071021970595263,2.813654533365673,2.8055776345449965E-8,4.496220913662977E-8,0.6239857178768716,-0.2048253505711798
PieceLinGauss,4,Sob-RDSB,12,-9.095535498388244E-6,2.807716146436777E-6,0.07394983267485675,1.5476650278224269,2.5530412647710544E-7,1.056816080725328E-6,0.24157857846171468,-0.6169415786118893
PieceLinGauss,4,Sob-NUS,12,-2.9390785497826567E-6,2.3033364314000632E-7,0.06866138732525336,3.034007618806514,2.0945966344148368E-8,3.1735041423505954E-8,0.6600264377986227,-0.18043866815495396
PieceLinGauss,4,Lat-RS,14,-6.637577715207582E-8,5.598250121116791E-8,0.01575662228285283,2.9767811663534887,5.088813765838955E-9,7.642140957023653E-9,0.6658884983221862,-0.17659848647154375
PieceLinGauss,4,Lat-RSB,14,-1.6019485248432741E-6,2.4280090785273845E-8,0.07703935592575512,2.7880541905939094,2.2096264914576397E-9,3.494271876567667E-9,0.6323567740321623,-0.19903782476278506
PieceLinGauss,4,Sob-RDS,14,6.924252442624161E-7,1.5238565583843127E-8,0.029636022039309522,2.9031510692334637,1.385665064290232E-9,2.099246787084024E-9,0.6600772585747298,-0.180405229595997
PieceLinGauss,4,Sob-RDSB,14,-2.5433487702431035E-6,2.579162055766825E-7,0.02558895842423538,1.463567400945848,2.3451051709887536E-8,1.1252883992179091E-7,0.208400368529404,-0.6811015173775752
PieceLinGauss,4,Sob-NUS,14,-3.5894328910878846E-6,1.6523714057377543E-8,0.0023698507683885257,3.0282871281262627,1.5148896362952423E-9,2.2942012367197168E-9,0.6603124486417129,-0.18025051504647996
PieceLinGauss,4,Lat-RS,16,-1.9596975410532083E-7,8.740591092472143E-9,0.04296403840095634,2.9572434195490516,7.945581344502419E-10,1.2389397455039754E-9,0.6413210467527877,-0.1929245072547387
PieceLinGauss,4,Lat-RSB,16,-7.110289482587575E-7,2.419662173009455E-9,0.07063812581486299,2.7323155181595493,2.2045285369182143E-10,3.6658067275361677E-10,0.6013760955695294,-0.2208538389035673
PieceLinGauss,4,Sob-RDS,16,-6.815120769706934E-7,1.6542688423168772E-9,0.10186963253900647,2.9588471023476095,1.5083749647766105E-10,2.299105546313E-10,0.6560703431799996,-0.1830495935250963
PieceLinGauss,4,Sob-RDSB,16,1.099199426728907E-6,7.496755251208086E-9,0.04538470869493608,2.5377891207761585,6.826632917145361E-10,1.0962742169083551E-9,0.6227121656110284,-0.20571264960519683
PieceLinGauss,4,Sob-NUS,16,3.310947776157604E-7,1.997937399986037E-9,0.007399161948340934,3.058192982719062,1.8172213341049516E-10,2.6926494222914106E-10,0.6748822624515742,-0.17077198602461174
PieceLinGauss,8,Lat-RS,10,-8.305228460579095E-5,1.311778551219428E-5,0.0046402802124289304,2.9076434909535314,1.1993043850367013E-6,1.860324468630364E-6,0.6446748431576945,-0.19065927672694682
PieceLinGauss,8,Lat-RSB,10,-1.1332409529257183E-5,3.407174584383353E-6,0.056005130007576114,2.9846858467358213,3.098405932261856E-7,4.672514443201585E-7,0.6631131845445603,-0.17841233701330506
PieceLinGauss,8,Sob-RDS,10,1.2469330127517757E-5,6.039570237047043E-6,0.1816313474894875,3.007960722375238,5.491524187414051E-7,8.316570921629093E-7,0.660311111293733,-0.18025139463528284
PieceLinGauss,8,Sob-RDSB,10,1.9600893183630287E-5,5.029881410543485E-6,0.0153752083030139,2.792689704228008,4.576004152319989E-7,7.280958820888641E-7,0.6284892230391007,-0.20170216493868878
PieceLinGauss,8,Sob-NUS,10,4.29087509155289E-5,5.216789499643808E-6,0.006913256423898212,2.9359943647246607,4.7604732642275305E-7,7.303172620932736E-7,0.6518363335111117,-0.18586143551923168
PieceLinGauss,8,Lat-RS,12,-4.8927844898758904E-6,2.3201836667638146E-6,0.017043732292831907,2.9626018594773713,2.1092863464889512E-7,3.263689291934337E-7,0.6462889563971975,-0.18957326511513484
PieceLinGauss,8,Lat-RSB,12,6.583131917986121E-7,8.50235483420419E-7,0.103957921054121,2.901588552208135,7.728683881917458E-8,1.1916694742374489E-7,0.6485593571877852,-0.18805027043659234
PieceLinGauss,8,Sob-RDS,12,2.0113592233525574E-7,7.778590233284154E-7,0.05015574881165071,3.0158566755275564,7.070742567621222E-8,1.0761012430455516E-7,0.6570703837874774,-0.18238810737581834
PieceLinGauss,8,Sob-RDSB,12,1.7721927265425255E-6,7.208002499408114E-7,0.10154513562920192,2.8882883833316098,6.552388338667976E-8,1.0121165890012796E-7,0.6473946193425837,-0.18883091444771155
PieceLinGauss,8,Sob-NUS,12,-6.50654480919266E-6,7.741923939291166E-7,0.009247161456243765,3.025905573919792,7.041642373351072E-8,1.0343605574868006E-7,0.680772514224657,-0.16699798694452023
PieceLinGauss,8,Lat-RS,14,2.2932896826605673E-6,4.215231094935903E-7,0.0016903409905088896,2.933066717785786,3.8321709830535955E-8,5.886366016483533E-8,0.6510249230717907,-0.18640238509484583
PieceLinGauss,8,Lat-RSB,14,5.540309210541862E-6,1.3661058861421217E-7,0.1583604178242167,2.9642801334496016,1.24485975311803E-8,1.9392170100718332E-8,0.6419393738052646,-0.19250598573972544
PieceLinGauss,8,Sob-RDS,14,-2.3874197350209796E-6,2.1206251602772532E-7,0.017743289942100997,2.6415885266663057,1.92821824799114E-8,3.31348319125464E-8,0.5819308976971228,-0.23512858327209213
PieceLinGauss,8,Sob-RDSB,14,-8.490940438005199E-6,2.431352638574654E-7,0.08636142274638965,2.720450530370199,2.217309155416536E-8,3.525189686320296E-8,0.6289900268405224,-0.2013562405999873
PieceLinGauss,8,Sob-NUS,14,1.6417959280360272E-6,1.4807729538067958E-7,0.004644483583142738,2.9033525185162907,1.3462921643973088E-8,2.079978118986642E-8,0.647262657288538,-0.18891944813631867
PieceLinGauss,8,Lat-RS,16,-2.9612998587312086E-7,9.64121904660816E-8,0.012470312894967835,2.755672177224893,8.76395580633535E-9,1.4091796865332407E-8,0.6219189710217712,-0.20626619526171616
PieceLinGauss,8,Lat-RSB,16,1.4171249893052032E-6,3.920855345315594E-8,0.1624480030142039,2.7426644812080827,3.566065752127188E-9,5.942720005982067E-9,0.6000729882170978,-0.2217959221962247
PieceLinGauss,8,Sob-RDS,16,-1.0028104617771562E-6,2.4931192177525316E-8,0.056300368168454656,2.844404297700931,2.267250997759301E-9,3.5071984410123956E-9,0.6464564340718717,-0.1894607377282323
PieceLinGauss,8,Sob-RDSB,16,-8.150811591902291E-7,2.8508588995601267E-8,0.017719405088469094,2.9504242927348345,2.592095096996222E-9,3.985928648479113E-9,0.6503114645530025,-0.18687858960548281
PieceLinGauss,8,Sob-NUS,16,-1.4265596844616034E-6,2.2564189134914498E-8,0.02265057463206326,3.065034991688548,2.0531198648970588E-9,3.0462413708180722E-9,0.6739846305566032,-0.1713500069373254
PieceLinGauss,16,Lat-RS,10,-2.0215741245865297E-6,2.1226265011666125E-5,0.034406963938278974,3.026683959918216,1.929471576322392E-6,2.8803548357367757E-6,0.669872875516341,-0.17400760729931972
PieceLinGauss,16,Lat-RSB,10,-1.5224841160603551E-6,5.2073609681356195E-6,0.024782572881511134,2.9475476650542514,4.733514299614114E-7,7.343676785278716E-7,0.6445700754563454,-0.1907298607316163
PieceLinGauss,16,Sob-RDS,10,5.641704866556853E-6,1.1132169980867982E-5,0.018660866981928988,2.886437970129044,1.011946080094701E-6,1.5697906744185152E-6,0.6446375918684495,-0.19068437231887303
PieceLinGauss,16,Sob-RDSB,10,2.7707939061875373E-6,7.0162745190041535E-6,0.008800319832995675,2.940661306956232,6.377870310763482E-7,9.585165459356131E-7,0.6653896938772204,-0.17692393013824537
PieceLinGauss,16,Sob-NUS,10,-3.532780700761471E-6,9.525406133868643E-6,0.06588527304717154,3.0106028228080506,8.658718981081393E-7,1.2945606868856659E-6,0.6688538489386493,-0.1746687694274737
PieceLinGauss,16,Lat-RS,12,-2.091295246102459E-5,5.162260538447995E-6,0.017190890666308342,2.9480380099063455,4.696868345255598E-7,7.369743564627093E-7,0.6373177443784313,-0.19564398960367999
PieceLinGauss,16,Lat-RSB,12,2.434968064520791E-6,1.6915344300971572E-6,0.05909825315069137,2.8096419581630636,1.5376640876530681E-7,2.4168876841538466E-7,0.6362166093752119,-0.1963949971811172
PieceLinGauss,16,Sob-RDS,12,1.6051846758775333E-5,1.4201574230219875E-6,0.023471582381083395,3.090286945836467,1.2934997153706588E-7,1.8660261013742986E-7,0.6931841491488339,-0.15915137673697358
PieceLinGauss,16,Sob-RDSB,12,9.758793043867848E-6,9.601775589481348E-7,0.045592594859967216,3.058168765746547,8.73753741500585E-8,1.30540965362669E-7,0.6693329860654254,-0.1743577715702494
PieceLinGauss,16,Sob-NUS,12,1.540097354084786E-5,1.7279353772376869E-6,0.050516742920207615,2.998644456793429,1.5730651577691165E-7,2.4853261351093336E-7,0.6329411402177665,-0.1986366749228864
PieceLinGauss,16,Lat-RS,14,1.1537833125386785E-5,7.841522270974547E-7,2.2759902003259384E-4,3.03689803876749,7.141255903638791E-8,1.0607184764265425E-7,0.67324705492988,-0.17182553770182057
PieceLinGauss,16,Lat-RSB,14,1.5965590328139073E-6,1.9206045940893704E-7,0.008317849994196219,3.0197864400701406,1.7460844761017635E-8,2.74993398811234E-8,0.6349550511575526,-0.19725701758232247
PieceLinGauss,16,Sob-RDS,14,3.3232796547164426E-6,2.855000603325688E-7,0.04187714780149935,2.962679137114922,2.5962999671893962E-8,4.026433736533735E-8,0.6448137823881069,-0.19056568840034027
PieceLinGauss,16,Sob-RDSB,14,-8.316448967768881E-6,1.9895741693911543E-7,0.027284415959604187,3.028423089374218,1.8154392523199097E-8,2.8025348990977415E-8,0.6477847083739721,-0.1885693081739235
PieceLinGauss,16,Sob-NUS,14,4.819083736398061E-6,3.7225019745165754E-7,0.025555871996686685,3.0250536467373044,3.386076651641409E-8,5.075498706552439E-8,0.6671416637876401,-0.1757819362953277
PieceLinGauss,16,Lat-RS,16,1.4612231684767905E-6,1.4575296120594514E-7,0.002210666178458911,2.9694174998059446,1.3251079346768508E-8,2.0557370223179913E-8,0.6445901982067221,-0.19071630275961143
PieceLinGauss,16,Lat-RSB,16,1.3978403754045523E-6,4.6170221241674054E-8,0.00587864142758464,2.8976103739931642,4.198827068583283E-9,6.559672694409418E-9,0.6400970390126016,-0.19375418177696754
PieceLinGauss,16,Sob-RDS,16,9.825315129383275E-7,7.155283290414273E-8,0.025784876576429815,2.8324054750707868,6.505117879160491E-9,1.0342986594252927E-8,0.6289399894199859,-0.20139079097299414
PieceLinGauss,16,Sob-RDSB,16,3.902365140361944E-8,4.433843148811602E-8,0.001623247427305709,3.0006984919013497,4.0303649451151156E-9,6.070091117495443E-9,0.6639710783745317,-0.17785083746316216
PieceLinGauss,16,Sob-NUS,16,-2.651413213180814E-6,6.352947276405153E-8,0.058009308053135235,3.0057443126336603,5.781859066279313E-9,8.756790537438816E-9,0.6602714820640656,-0.18027746003377945
PieceLinGauss,32,Lat-RS,10,-1.6667460167830486E-6,2.5530598188265406E-5,0.0031327178950692845,3.0039365649089955,2.32073415335561E-6,3.5795100698480886E-6,0.648338489924712,-0.1881981948621386
PieceLinGauss,32,Lat-RSB,10,-5.514594272167413E-5,7.40159976136778E-6,0.0418589733057289,2.9296736141981423,6.758464933069934E-7,1.0506692137261264E-6,0.6432533517472641,-0.19161794216923012
PieceLinGauss,32,Sob-RDS,10,2.814861875252546E-5,2.040293076255098E-5,0.0015042348492359523,2.890537750476803,1.855418751053559E-6,2.911259917000336E-6,0.637325008398879,-0.19563903963006576
PieceLinGauss,32,Sob-RDSB,10,-2.2653163110775346E-6,4.511281474712743E-5,0.05534366680728362,2.353847416280092,4.100759992171872E-6,7.491298785191958E-6,0.5474030751887563,-0.26169276714921214
PieceLinGauss,32,Sob-NUS,10,1.8500153548469013E-5,2.2433747098101117E-5,0.01263747492125033,2.917314205262311,2.0395698668987084E-6,3.118475935319726E-6,0.6540277716427524,-0.18440381006239082
PieceLinGauss,32,Lat-RS,12,2.292072143690131E-5,4.970576942818797E-6,0.011010124736100118,2.9497027557588726,4.5235080357341663E-7,6.98854399105997E-7,0.6472747458584823,-0.1889113371320197
PieceLinGauss,32,Lat-RSB,12,1.783498108894594E-6,1.2022013864904427E-6,0.008073317918654229,2.9746399363261777,1.0928328689748565E-7,1.6870658558279105E-7,0.6477713156245225,-0.18857828717147504
PieceLinGauss,32,Sob-RDS,12,2.5199650654457095E-5,3.428057267971052E-6,0.004189914370569226,2.9565807116798966,3.1224542805167535E-7,4.87134060176319E-7,0.6409845945460221,-0.19315240820981458
PieceLinGauss,32,Sob-RDSB,12,2.043370478929568E-5,1.4013314056758462E-6,0.05504179944013725,2.8733346506878923,1.277985610673505E-7,2.032064913604321E-7,0.6289098355655932,-0.20141161325608903
PieceLinGauss,32,Sob-NUS,12,2.857578024328837E-5,6.767620049315656E-6,0.06586874381891018,2.607713125878773,6.159932376993058E-7,9.97437410163309E-7,0.6175758312478475,-0.20930970839945498
PieceLinGauss,32,Lat-RS,14,-2.6341396638753195E-6,1.0274375482125434E-6,0.0026498932528333896,2.9472983098883425,9.340101182428899E-8,1.4409219939226172E-7,0.6482031103573048,-0.18828888936710206
PieceLinGauss,32,Lat-RSB,14,-1.29851011237531E-6,2.2247932704240886E-7,0.04879174288819478,2.920744198271987,2.0225056956666905E-8,3.059357334613141E-8,0.6610884164410427,-0.1797404524590768
PieceLinGauss,32,Sob-RDS,14,-7.82024387802384E-6,6.389959137959165E-7,0.02403082946547439,2.8434495608415005,5.814588477836058E-8,9.118337058599698E-8,0.6376808008377137,-0.19539665846477186
PieceLinGauss,32,Sob-RDSB,14,6.889963615255193E-7,2.3070532652692159E-7,0.029150696559684035,3.007144718429479,2.0971588897283367E-8,3.0822521852736987E-8,0.680398216521051,-0.16723683344289197
PieceLinGauss,32,Sob-NUS,14,-3.9736473742559645E-6,5.902505641937987E-7,0.010113330470872995,2.997369645779733,5.366956615867123E-8,7.960279915069748E-8,0.6742170719030673,-0.17120025487136734
PieceLinGauss,32,Lat-RS,16,-3.124083691756394E-6,1.922927486748049E-7,0.029114714562461484,3.0343219768119387,1.7489170753452863E-8,2.587753710064773E-8,0.6758437128475839,-0.17015372195067516
PieceLinGauss,32,Lat-RSB,16,4.102930790771126E-6,4.755531509835794E-8,0.03167677437204738,3.031724291025233,4.339612183514595E-9,6.64405441884983E-9,0.6531572305011067,-0.184982261114628
PieceLinGauss,32,Sob-RDS,16,5.187887413473832E-6,8.078853793096768E-8,0.004686269131127782,2.9597177763632945,7.370592273739842E-9,1.1269785830744717E-8,0.6540135175978572,-0.18441327528813553
PieceLinGauss,32,Sob-RDSB,16,-2.2494812352549345E-6,4.7617752014798344E-8,0.007424276307121939,3.0105285891646334,4.333513823972934E-9,6.410222630347511E-9,0.6760317190009991,-0.17003292674485238
PieceLinGauss,32,Sob-NUS,16,3.0964365423986115E-6,8.375006887788656E-8,0.009106059074123086,3.0007963305469296,7.62246918026099E-9,1.1330907697166497E-8,0.6727147889632116,-0.1721690246815262
IndSumNormal,2,Lat-RS,10,-1.0722681457041153E-5,2.3557119505896032E-6,0.07905844086957925,2.5291898681887575,2.142491922062241E-7,4.747610507658183E-7,0.45127794679160643,-0.3455558892157952
IndSumNormal,2,Lat-RSB,10,3.124747929620022E-7,1.2026895734235888E-5,0.2410958730002653,2.702928251294823,1.0932449198825386E-6,2.085848838162552E-6,0.5241247111874083,-0.28056536390103826
IndSumNormal,2,Sob-RDS,10,-1.2968775207049718E-5,3.1871834854231263E-6,0.21764392425630036,2.9792128524096557,2.8988316795533315E-7,4.6347678238188453E-7,0.6254534832695937,-0.2038049844686447
IndSumNormal,2,Sob-RDSB,10,1.5351537292942647E-5,3.514063937483531E-5,0.07968040178132829,2.4112948362289384,3.1945197888697862E-6,4.997859674358225E-6,0.6391775674013886,-0.19437847544116868
IndSumNormal,2,Sob-NUS,10,-7.402368957048821E-6,5.438977392307077E-6,0.05901986483421385,2.994574113925764,4.944578400268895E-7,8.291401565813063E-7,0.5963501298328475,-0.2244986818588435
IndSumNormal,2,Lat-RS,12,9.003881042955018E-6,4.1129139616842457E-7,0.28378383669991136,2.639448126377719,3.746745778554548E-8,6.771923363405931E-8,0.5532764589158207,-0.2570578079721062
IndSumNormal,2,Lat-RSB,12,-7.109400207052442E-6,9.284113511906614E-7,0.3962663190759043,2.5736727133273134,8.444313539453515E-8,1.4709676364792237E-7,0.574065215987013,-0.2410387672981349
IndSumNormal,2,Sob-RDS,12,1.2157951054459408E-6,1.376839419796132E-6,0.1896207479045354,2.4352641996017086,1.2515618141720683E-7,2.5198921169906774E-7,0.49667277647850927,-0.3039296438082315
IndSumNormal,2,Sob-RDSB,12,-7.768579894548437E-6,1.0709007181683887E-6,0.3400917798410042,2.3050547692914387,9.740522611508452E-8,2.1015178687595878E-7,0.4634993951899041,-0.33395082822036576
IndSumNormal,2,Sob-NUS,12,-1.5674080195530833E-6,6.471464324920303E-7,0.011537266647359264,3.0659214575446248,5.882806748142532E-8,9.367253738554687E-8,0.6280182978207886,-0.20202770255765695
IndSumNormal,2,Lat-RS,14,1.2707267460730327E-6,3.847524733117399E-8,0.24272048030147475,3.0216621134133548,3.4990147288669008E-9,5.364662090900655E-9,0.6522339468131277,-0.18559660122164295
IndSumNormal,2,Lat-RSB,14,-3.746363097679023E-6,1.7118592391593478E-7,0.5076771301139616,2.5033573211258853,1.557483572041812E-8,3.5239710291454015E-8,0.44196832469974007,-0.3546088548614415
IndSumNormal,2,Sob-RDS,14,-2.5012459101762724E-6,9.02289642964212E-8,0.12302013981876246,2.268629169389082,8.20806908564786E-9,1.8106796380765082E-8,0.4533142646021758,-0.343600614626422
IndSumNormal,2,Sob-RDSB,14,2.314427917949297E-6,1.2666076669121626E-7,1.0579562016344304,5.491530000786678,1.151882026881894E-8,1.2101279512979468E-8,0.9518679620997267,-0.021423290384940615
IndSumNormal,2,Sob-NUS,14,1.978734558574143E-6,8.290200447193297E-8,0.02275424864057973,2.928040934496572,7.539707596952003E-9,1.182968169081292E-8,0.6373550695626438,-0.1956185554352144
IndSumNormal,2,Lat-RS,16,-4.0316241408086696E-7,1.6111797065042244E-8,0.7151438155143626,2.85946742623565,1.4647248931444675E-9,3.2728119281950407E-9,0.4475432518825684,-0.34916498683694225
IndSumNormal,2,Lat-RSB,16,-1.0791267695604218E-6,2.386994940815505E-8,0.482059373647915,2.7526420203482815,2.1709429157860757E-9,3.6182926038341653E-9,0.5999909773702689,-0.22185528046263514
IndSumNormal,2,Sob-RDS,16,1.1852775273239423E-6,9.847897822015972E-9,0.0825011642452477,2.590715799276146,8.96578794838031E-10,1.3617535382601573E-9,0.6584001947838107,-0.18151004931230896
IndSumNormal,2,Sob-RDSB,16,-8.883135939487849E-8,1.2468932048542567E-7,0.9932102474137733,5.355909013882741,1.1334267123135608E-8,1.1823867225870727E-8,0.9585922191629597,-0.01836610047286169
IndSumNormal,2,Sob-NUS,16,-2.7804034376976347E-7,1.0315928237382542E-8,0.016099599300187426,2.9253541445022857,9.377951832108366E-10,1.4726750170666054E-9,0.6367971021052654,-0.1959989216249037
IndSumNormal,4,Lat-RS,10,5.529294354294618E-5,1.3684130406448946E-5,0.016178684758810208,2.8051558695750156,1.2469447635518527E-6,2.0090457100319054E-6,0.6206652030490885,-0.20714260220181546
IndSumNormal,4,Lat-RSB,10,-7.011743957040011E-6,3.406392881567208E-5,0.16635419246272384,2.9408149569966096,3.096460293897911E-6,4.836412833896841E-6,0.6402390367083285,-0.1936578495449553
IndSumNormal,4,Sob-RDS,10,-7.815020705639953E-8,2.776731033660925E-5,0.0693813468839833,2.707137435613892,2.524048515705236E-6,4.156747284383772E-6,0.6072172164970621,-0.2166559233384123
IndSumNormal,4,Sob-RDSB,10,-1.15236895705752E-6,4.5964775577594425E-5,0.05630002547929883,2.263908658821751,4.178199427957546E-6,9.089516671436008E-6,0.4596723433147577,-0.3375516252623356
IndSumNormal,4,Sob-NUS,10,-3.669924395705244E-5,2.9913302876613363E-5,0.03315120923913502,2.9071774682563283,2.720466065991174E-6,4.3478266993931E-6,0.6257071070406085,-0.20362891209777084
IndSumNormal,4,Lat-RS,12,-2.0195337707043477E-5,1.9762424793657423E-6,0.24692293533004803,2.834835439135133,1.800482930394475E-7,2.807364532199942E-7,0.6413427646261378,-0.19290980043527148
IndSumNormal,4,Lat-RSB,12,1.69628654179613E-5,7.761767156387155E-6,0.04838518650940563,2.654470609490057,7.058323733187802E-7,1.224123135586143E-6,0.576602428954836,-0.2391235324655699
IndSumNormal,4,Sob-RDS,12,2.6923802917951587E-5,6.023435402374291E-6,0.10214454456464128,2.8833014765887004,5.482551692393878E-7,8.190394433341606E-7,0.6693879930953518,-0.1743220819083284
IndSumNormal,4,Sob-RDSB,12,6.901364666796605E-5,3.082009496563873E-5,0.016794217385038133,1.468462211289108,2.8063095158029716E-6,1.3325632607258778E-5,0.2105948436755123,-0.6765522665346093
IndSumNormal,4,Sob-NUS,12,-6.621118957048153E-6,5.064916758552084E-6,0.022628191232749634,3.0487102084470528,4.604447725686278E-7,6.894824104644985E-7,0.6678122104063975,-0.17534564448554113
IndSumNormal,4,Lat-RS,14,1.3465550964824409E-5,3.7278363833052856E-7,0.0032064039234607697,2.808030533028413,3.406735378703133E-8,5.534137174357729E-8,0.6155856407911511,-0.21071151911654856
IndSumNormal,4,Lat-RSB,14,-8.519312316423812E-6,6.962340764000177E-7,0.055042317115540945,2.930591001118792,6.336025622710638E-8,1.0240496291448676E-7,0.6187225152360569,-0.2085040797697816
IndSumNormal,4,Sob-RDS,14,-7.815020705174975E-8,7.582217171759907E-7,0.08080471108690825,2.9314269437685683,6.892236019875241E-8,1.0427366108553336E-7,0.6609757390432176,-0.17981448089714636
IndSumNormal,4,Sob-RDSB,14,7.64134949199597E-7,6.278085878806408E-7,0.07792494079805148,2.781495072745935,5.7068384540570844E-8,9.07676392734001E-8,0.6287305145028159,-0.20153546129989064
IndSumNormal,4,Sob-NUS,14,-4.344507628925446E-6,8.455170855911153E-7,0.0017761391031888573,3.11681313298589,7.687637782677018E-8,1.1267672233024632E-7,0.6822738205097213,-0.16604129268945567
IndSumNormal,4,Lat-RS,16,2.0565543827911858E-6,5.7933198257626775E-8,0.0681933520287344,2.8958699290499594,5.270357137547651E-9,8.233077244530613E-9,0.6401442596750623,-0.19372214457715406
IndSumNormal,4,Lat-RSB,16,-4.103418761741817E-6,1.2818285144760743E-7,0.08275713804965756,2.9181464106461257,1.1668659242121733E-8,1.8469095841722172E-8,0.6317937457318255,-0.1994246775881991
IndSumNormal,4,Sob-RDS,16,-5.816902461126434E-7,1.458712565870125E-7,0.07943041907757789,2.8092051018297957,1.3260035587301857E-8,2.1575580434339145E-8,0.6145853469692765,-0.21141779846663747
IndSumNormal,4,Sob-RDSB,16,-4.4580871113005606E-8,1.8664859983213533E-7,0.0760255936680428,2.6916128590780146,1.6966359712195172E-8,2.88431155703226E-8,0.5882290930336348,-0.23045349966657194
IndSumNormal,4,Sob-NUS,16,1.0860953984186415E-6,1.5254755389539153E-7,0.037619183122433585,2.9861314283454847,1.3867752252305558E-8,2.090044157988745E-8,0.6635147970103431,-0.17814938751200343
IndSumNormal,8,Lat-RS,10,5.519528729293874E-5,3.6409604619748666E-5,0.06183977382301363,3.0350626072635265,3.312679579674504E-6,5.09779380929883E-6,0.649826121572803,-0.18720283496254586
IndSumNormal,8,Lat-RSB,10,-3.6015650207058564E-5,3.570602687672034E-5,0.014346330266952085,2.999753081835367,3.2469749701537158E-6,5.041549262081622E-6,0.6440430909948228,-0.19108507432465624
IndSumNormal,8,Sob-RDS,10,8.124974792943913E-6,3.79539070755068E-5,0.054541752232174855,2.9541657548511338,3.4500761683789547E-6,5.331445334882809E-6,0.647118361282943,-0.1890162773672037
IndSumNormal,8,Sob-RDSB,10,3.6835912292953355E-5,4.364698050272236E-5,0.020602485821415478,2.9383527483387413,3.968867412131916E-6,6.153072353255605E-6,0.6450220612198683,-0.19042543125278827
IndSumNormal,8,Sob-NUS,10,-1.1015650207041317E-5,4.101425911595972E-5,0.023266540439277724,2.9152307839450367,3.728317498190222E-6,5.867747822754014E-6,0.6353915694421143,-0.19695855181459834
IndSumNormal,8,Lat-RS,12,6.618161541795052E-5,7.827460962553635E-6,0.034814516836054694,2.9332683792008507,7.15896207715455E-7,1.1169553703958729E-6,0.6409353736861716,-0.19318575872836152
IndSumNormal,8,Lat-RSB,12,-6.645533019544633E-6,8.526436978428959E-6,0.04121294972401388,2.9942550045537866,7.750972844483063E-7,1.1668713612774384E-6,0.6642525561684576,-0.17766676566782422
IndSumNormal,8,Sob-RDS,12,8.014645916794655E-5,7.944813796622426E-6,0.03106343719777513,2.9424891828623667,7.286070290301379E-7,1.130418137092237E-6,0.6445464780884764,-0.1907457603128076
IndSumNormal,8,Sob-RDSB,12,-7.963892394551672E-6,9.345229041732593E-6,0.02708021549906313,2.958170568471517,8.495447434755646E-7,1.2423260185007846E-6,0.6838339782183577,-0.1650493238580537
IndSumNormal,8,Sob-NUS,12,-2.7690454894545698E-5,8.383559169072072E-6,0.02679048834568155,3.0651531887163057,7.628322897609184E-7,1.178431503167435E-6,0.6473284936040385,-0.18887527612334665
IndSumNormal,8,Lat-RS,14,-3.897585528517722E-5,2.087727290364799E-6,0.0834637448013714,2.8225336019263136,1.9129352798937127E-7,3.018437629754136E-7,0.6337501431326673,-0.19808192957305246
IndSumNormal,8,Lat-RSB,14,1.4381078308574143E-5,1.5468664038510984E-6,0.011876955051817704,3.0307780039455166,1.4081697152338217E-7,2.1347559880477537E-7,0.6596396605129567,-0.18069324049854124
IndSumNormal,8,Sob-RDS,14,-6.303736144548256E-6,2.160566068790061E-6,0.031966793112209,3.071551845437897,1.9643519274239662E-7,2.984782110509173E-7,0.6581223870605644,-0.18169333574383792
IndSumNormal,8,Sob-RDSB,14,-1.3537849726724321E-6,2.524577298595869E-6,0.03209505529886282,2.9099962189947606,2.2948590917611674E-7,3.524714693706823E-7,0.6510765526238216,-0.18636794472290796
IndSumNormal,8,Sob-NUS,14,-1.5861841613303262E-5,1.8826234767181605E-6,0.00572305256906842,3.003846491385086,1.713820720530463E-7,2.538496194779517E-7,0.6751322787306042,-0.17061112747339205
IndSumNormal,8,Lat-RS,16,5.057958191387607E-6,6.229168996054633E-7,0.06781914082838027,2.5420605005896255,5.664872911520243E-8,1.0108745758415206E-7,0.5603932522295774,-0.2515071027529707
IndSumNormal,8,Lat-RSB,16,2.3724113163858916E-6,3.7478191246411717E-7,0.007794441350165949,3.0690228234367463,3.4073304178442374E-8,4.913579101846059E-8,0.6934518295561956,-0.15898370169166942
IndSumNormal,8,Sob-RDS,16,-1.0557886535174958E-5,3.7455757283898446E-7,8.351642158983216E-4,2.9854421060574357,3.415875233915332E-8,5.2715348807035956E-8,0.647984943895394,-0.18843508496137265
IndSumNormal,8,Sob-RDSB,16,-1.4360376769550205E-5,6.893500977783789E-7,0.03378527610288847,2.711206961042407,6.286814430901808E-8,1.0804914112562175E-7,0.5818477005377151,-0.235190677672792
IndSumNormal,8,Sob-NUS,16,-2.3623909297061884E-6,4.0849346336829044E-7,0.019362470355545964,3.096429513626196,3.713763671108237E-8,5.421545947580261E-8,0.6850008663609611,-0.16430887922940388
IndSumNormal,16,Lat-RS,10,5.976537292948566E-6,5.241502886212401E-5,0.03305609190796908,3.0250030445346328,4.7645618425650865E-6,7.3022000381729045E-6,0.6524830623179196,-0.1854307576101238
IndSumNormal,16,Lat-RSB,10,-1.277148689570475E-4,4.823064852719401E-5,0.024315693704633618,2.9834442309754583,4.400477038874652E-6,6.602887975580288E-6,0.6664473265560621,-0.17623416986606874
IndSumNormal,16,Sob-RDS,10,-1.6191431457050017E-5,4.49545296326506E-5,0.05926189425303802,2.9910585741435765,4.086628906060568E-6,6.167261121587051E-6,0.6626327028308049,-0.17872713424264264
IndSumNormal,16,Sob-RDSB,10,5.714841229294897E-5,5.045225911407977E-5,0.026051373020730087,2.985027511280486,4.589376294497456E-6,7.056758256063886E-6,0.6503519219400489,-0.18685157197719465
IndSumNormal,16,Sob-NUS,10,1.59374747929423E-5,4.701776664749916E-5,0.0012936796262001565,3.037655368292991,4.274168991360449E-6,6.3867283037104735E-6,0.6692266819738208,-0.17442675210445638
IndSumNormal,16,Lat-RS,12,3.141599041794964E-5,1.2896696371201886E-5,0.022153083762852976,2.989726863528646,1.173296664596192E-6,1.7808191750891783E-6,0.6588522186916798,-0.18121198723313076
IndSumNormal,16,Lat-RSB,12,7.075170105450453E-6,1.1417667320793057E-5,0.026826680260358202,2.9647885000664704,1.03791601749211E-6,1.5798374605645996E-6,0.6569764570091795,-0.18245019326244089
IndSumNormal,16,Sob-RDS,12,-2.4077173644555207E-5,1.130865883178648E-5,0.02080041382056243,2.906871830901632,1.0285367981001011E-6,1.5807532673493E-6,0.6506624527335706,-0.18664425403317522
IndSumNormal,16,Sob-RDSB,12,-3.508791583205455E-5,1.1156271092712146E-5,0.01721190464023931,3.027654831552861,1.0153362041649714E-6,1.5996469859135096E-6,0.6347251694317693,-0.19741427980389611
IndSumNormal,16,Sob-NUS,12,2.9511693542948788E-5,1.134034908465211E-5,0.018566888432661414,2.963762040523587,1.0317086718506498E-6,1.5399166392379034E-6,0.6699769621044143,-0.17394013073640643
IndSumNormal,16,Lat-RS,14,2.674069744920246E-5,3.1387153141485755E-6,0.013423001123121656,2.948454210345878,2.860242869561753E-7,4.3288628552875294E-7,0.6607376960598517,-0.17997091534428705
IndSumNormal,16,Lat-RSB,14,-1.0563990050799734E-5,2.5680426441498926E-6,0.03972328394783127,2.9562319242304307,2.3354667423901867E-7,3.5679812198928195E-7,0.6545625098498538,-0.18404887258682204
IndSumNormal,16,Sob-RDS,14,-1.3682886535169855E-5,2.4855820446646007E-6,0.0010053102236624563,2.942952951892822,2.2612662924394655E-7,3.448809773931796E-7,0.6556657051750122,-0.18331753166482917
IndSumNormal,16,Sob-RDSB,14,-1.9084497863303053E-5,2.431898771917751E-6,0.04625728214903928,2.951194809160184,2.2142381642601798E-7,3.362390450044926E-7,0.6585309461102575,-0.18142381157671195
IndSumNormal,16,Sob-NUS,14,1.4710668152325268E-5,2.593474486323581E-6,0.007302527213157631,2.974979680395494,2.3596323456430133E-7,3.688019014768029E-7,0.63981024398038,-0.1939488107218462
IndSumNormal,16,Lat-RS,16,-1.1221643859393462E-5,1.1564306032546103E-6,0.006063909307200157,2.6628144130784075,1.0524546712675115E-7,1.8085390530763653E-7,0.5819363809021777,-0.2351244911805929
IndSumNormal,16,Lat-RSB,16,-3.6456550898549113E-6,5.645540931487236E-7,0.05258361142804009,2.9860955682935075,5.1331257868253165E-8,7.805412452507951E-8,0.6576367127371976,-0.18201395019104527
IndSumNormal,16,Sob-RDS,16,8.43320233200963E-6,5.845051276219897E-7,0.02647768461976961,3.0418293720053415,5.3202635002411466E-8,7.817065118226766E-8,0.6805960318580541,-0.16711058734008363
IndSumNormal,16,Sob-RDSB,16,7.908299988260383E-6,5.493287774532563E-7,0.003412847814650407,2.9847051227555204,4.999652707920532E-8,7.637015336052454E-8,0.6546605562409195,-0.18398382483782827
IndSumNormal,16,Sob-NUS,16,2.766088074198888E-6,6.805422125977163E-7,0.0012607668186863103,2.9623202936135793,6.186893836836663E-8,9.46040876827115E-8,0.6539774325171461,-0.1844372380708053
IndSumNormal,32,Lat-RS,10,-1.4851565020705142E-4,5.630144579361203E-5,0.03888534862939001,3.0770212721806423,5.139858320995757E-6,7.704723845822634E-6,0.6671048078877606,-0.17580592933452563
IndSumNormal,32,Lat-RSB,10,2.0527318542945082E-5,5.125705594241077E-5,0.03275504415456757,3.0046525719929313,4.659687755971703E-6,7.053699876606495E-6,0.6606019305450601,-0.18006016145925557
IndSumNormal,32,Sob-RDS,10,-1.375002520704693E-5,5.299372251945349E-5,0.054865259069141414,3.032779058549959,4.817318440211516E-6,7.471936398332689E-6,0.644721553208947,-0.19062781096890002
IndSumNormal,32,Sob-RDSB,10,-1.4628931457047363E-5,9.013209060163833E-5,0.06404826357654007,2.857895441674618,8.193221041324498E-6,1.3204955322619478E-5,0.6204656389325218,-0.2072822645040097
IndSumNormal,32,Sob-NUS,10,6.896481854294732E-5,5.937032362904265E-5,0.0034132193653572023,3.0874277670625143,5.4015185640766386E-6,8.09903832170629E-6,0.666933325849316,-0.17591758087066814
IndSumNormal,32,Lat-RS,12,-2.837404864455704E-5,1.2654583238222481E-5,0.03330257757796693,3.0235794426684426,1.1511067029909075E-6,1.6746293852476064E-6,0.6873799738207196,-0.16280312478221967
IndSumNormal,32,Lat-RSB,12,-1.3164087707051538E-5,1.2158846566648247E-5,0.01974125224171592,2.9642471695029164,1.1054124461134847E-6,1.7099008218322218E-6,0.6464775219705401,-0.1894465709442529
IndSumNormal,32,Sob-RDS,12,3.603024823045315E-5,1.1444133509396387E-5,0.01867264141223125,2.9163089668318984,1.0415699147916796E-6,1.5994805181258394E-6,0.6511926234726004,-0.18629052765707665
IndSumNormal,32,Sob-RDSB,12,-4.4902368957054895E-5,1.3011491636071573E-5,0.0036325494110013685,3.0866838264190357,1.1847608124568616E-6,1.8442466396500365E-6,0.6424090937650733,-0.19218831993355073
IndSumNormal,32,Sob-NUS,12,2.011227948044012E-5,1.584557103912818E-5,0.0019571936360315138,2.95099888745159,1.4407669112426508E-6,2.228992831685315E-6,0.6463757490656908,-0.18951494592858376
IndSumNormal,32,Lat-RS,14,-8.830591613297418E-6,3.0351195647211115E-6,0.04575741152792927,2.931293429292469,2.7597034778138984E-7,4.279812442631091E-7,0.6448187893293104,-0.19056231614225133
IndSumNormal,32,Lat-RSB,14,8.190665898228519E-7,3.0757044911524565E-6,0.02080480569810909,2.9665582522220073,2.795822091158369E-7,4.1358501559754554E-7,0.6759969500149755,-0.1700552635179117
IndSumNormal,32,Sob-RDS,14,2.6623283085747628E-6,2.817528921276622E-6,0.00469538406442689,2.9838220649474327,2.5612046693606753E-7,3.933247239810562E-7,0.6511679823829308,-0.18630696164505933
IndSumNormal,32,Sob-RDSB,14,2.39330802616994E-5,3.09792861099517E-6,0.024118765719392744,2.9640193508544375,2.821745030702739E-7,4.19585462231416E-7,0.6725078165712158,-0.17230266348314835
IndSumNormal,32,Sob-NUS,14,2.9658177917950825E-5,2.9009183867834416E-6,0.015333860863263741,2.983832251049383,2.6457308887602765E-7,4.0694550881129635E-7,0.650143773914242,-0.18699059210634547
IndSumNormal,32,Lat-RS,16,5.181554382790754E-6,6.978028272144039E-7,0.002222614366740121,3.0643721510638593,6.345712549961113E-8,9.491880539159019E-8,0.6685411308941046,-0.17487186832594492
IndSumNormal,32,Lat-RSB,16,2.4227653202917557E-6,7.132196135915666E-7,0.004499449656512111,2.9452871911008125,6.483753266727062E-8,1.0166587115661353E-7,0.6377512131616927,-0.19534870658108466
IndSumNormal,32,Sob-RDS,16,-5.800196105490025E-6,6.768808508645238E-7,0.02644117871655295,2.924959179893068,6.156211161844734E-8,9.561263516036608E-8,0.6438700441128145,-0.1912017798762504
IndSumNormal,32,Sob-RDSB,16,-5.398889953148315E-6,7.552166910583538E-7,6.317709058708032E-4,2.984595180414973,6.867834522993056E-8,1.0739563649145848E-7,0.6394891587182201,-0.1941668137322602
IndSumNormal,32,Sob-NUS,16,-1.9106524611096454E-7,6.798578019865168E-7,0.03375474245248421,3.003310810927064,6.179911070650265E-8,9.738187374395332E-8,0.6346058905068039,-0.19749590103055195
